Log file open, 08/07/26 23:21:19
LogWindows: Failed to load 'aqProf.dll' (GetLastError=126)
LogWindows: File 'aqProf.dll' does not exist
LogWindows: Failed to load 'VtuneApi.dll' (GetLastError=126)
LogWindows: File 'VtuneApi.dll' does not exist
LogWindows: Failed to load 'VtuneApi32e.dll' (GetLastError=126)
LogWindows: File 'VtuneApi32e.dll' does not exist
LogConsoleResponse: Display: Failed to find resolution value strings in scalability ini. Falling back to default.
LogConsoleResponse: Display: Failed to find resolution value strings in scalability ini. Falling back to default.
LogInit: Display: Running engine for game: HN2BaseProject_V3
LogPlatformFile: Not using cached read wrapper
LogTaskGraph: Started task graph with 5 named threads and 35 total threads with 3 sets of task threads.
LogStats: Stats thread started at 0.227044
LogICUInternationalization: ICU TimeZone Detection - Raw Offset: +0:00, Platform Override: ''
LogInit: Display: Loading text-based GConfig....
LogPluginManager: Mounting plugin MeshPainting
LogPluginManager: Mounting plugin XGEController
LogPluginManager: Mounting plugin Paper2D
LogPluginManager: Mounting plugin AISupport
LogPluginManager: Mounting plugin EnvironmentQueryEditor
LogPluginManager: Mounting plugin LiveLink
LogPluginManager: Mounting plugin LightPropagationVolume
LogPluginManager: Mounting plugin OodleNetwork
LogPluginManager: Mounting plugin CameraShakePreviewer
LogPluginManager: Mounting plugin OodleData
LogPluginManager: Mounting plugin GameplayCameras
LogPluginManager: Mounting plugin AssetManagerEditor
LogPluginManager: Mounting plugin CryptoKeys
LogPluginManager: Mounting plugin CurveEditorTools
LogPluginManager: Mounting plugin DataValidation
LogPluginManager: Mounting plugin FacialAnimation
LogPluginManager: Mounting plugin GeometryMode
LogPluginManager: Mounting plugin GameplayTagsEditor
LogPluginManager: Mounting plugin MacGraphicsSwitching
LogPluginManager: Mounting plugin AnimationSharing
LogPluginManager: Mounting plugin MaterialAnalyzer
LogPluginManager: Mounting plugin MobileLauncherProfileWizard
LogPluginManager: Mounting plugin PluginBrowser
LogPluginManager: Mounting plugin DatasmithContent
LogPluginManager: Mounting plugin CLionSourceCodeAccess
LogPluginManager: Mounting plugin SpeedTreeImporter
LogPluginManager: Mounting plugin CodeLiteSourceCodeAccess
LogPluginManager: Mounting plugin GitSourceControl
LogPluginManager: Mounting plugin KDevelopSourceCodeAccess
LogPluginManager: Mounting plugin VariantManagerContent
LogPluginManager: Mounting plugin NullSourceCodeAccess
LogPluginManager: Mounting plugin PerforceSourceControl
LogPluginManager: Mounting plugin PixWinPlugin
LogPluginManager: Mounting plugin PluginUtils
LogPluginManager: Mounting plugin RiderSourceCodeAccess
LogPluginManager: Mounting plugin PropertyAccessNode
LogPluginManager: Mounting plugin PlasticSourceControl
LogPluginManager: Mounting plugin SubversionSourceControl
LogPluginManager: Mounting plugin TextureFormatOodle
LogPluginManager: Mounting plugin UObjectPlugin
LogPluginManager: Mounting plugin XCodeSourceCodeAccess
LogPluginManager: Mounting plugin VisualStudioSourceCodeAccess
LogPluginManager: Mounting plugin AlembicImporter
LogPluginManager: Mounting plugin AutomationUtils
LogPluginManager: Mounting plugin BackChannel
LogPluginManager: Mounting plugin ChaosCloth
LogPluginManager: Mounting plugin ChaosEditor
LogPluginManager: Mounting plugin ChaosClothEditor
LogPluginManager: Mounting plugin ChaosSolverPlugin
LogPluginManager: Mounting plugin CharacterAI
LogPluginManager: Mounting plugin VisualStudioCodeSourceCodeAccess
LogPluginManager: Mounting plugin AndroidMedia
LogPluginManager: Mounting plugin AvfMedia
LogPluginManager: Mounting plugin ChaosNiagara
LogPluginManager: Mounting plugin GeometryCache
LogPluginManager: Mounting plugin GeometryCollectionPlugin
LogPluginManager: Mounting plugin ImgMedia
LogPluginManager: Mounting plugin MediaCompositing
LogPluginManager: Mounting plugin MediaPlayerEditor
LogPluginManager: Mounting plugin WebMMedia
LogPluginManager: Mounting plugin WmfMedia
LogPluginManager: Mounting plugin GeometryProcessing
LogPluginManager: Mounting plugin Niagara
LogPluginManager: Mounting plugin MotoSynth
LogPluginManager: Mounting plugin OpenImageDenoise
LogPluginManager: Mounting plugin PlanarCut
LogPluginManager: Mounting plugin ProxyLODPlugin
LogPluginManager: Mounting plugin PythonScriptPlugin
LogPluginManager: Mounting plugin PlatformCrypto
LogPluginManager: Mounting plugin SkeletalReduction
LogPluginManager: Mounting plugin TcpMessaging
LogPluginManager: Mounting plugin UdpMessaging
LogPluginManager: Mounting plugin LuminPlatformFeatures
LogPluginManager: Mounting plugin MagicLeap
LogPluginManager: Mounting plugin MagicLeapLightEstimation
LogPluginManager: Mounting plugin MagicLeapMedia
LogPluginManager: Mounting plugin MagicLeapPassableWorld
LogPluginManager: Mounting plugin ActorSequence
LogPluginManager: Mounting plugin MLSDK
LogPluginManager: Mounting plugin LevelSequenceEditor
LogPluginManager: Mounting plugin MatineeToLevelSequence
LogPluginManager: Mounting plugin OnlineSubsystem
LogPluginManager: Mounting plugin TemplateSequence
LogPluginManager: Mounting plugin OnlineSubsystemUtils
LogPluginManager: Mounting plugin OnlineSubsystemNull
LogPluginManager: Mounting plugin LauncherChunkInstaller
LogPluginManager: Mounting plugin ActorLayerUtilities
LogPluginManager: Mounting plugin AndroidDeviceProfileSelector
LogPluginManager: Mounting plugin AndroidMoviePlayer
LogPluginManager: Mounting plugin AndroidPermission
LogPluginManager: Mounting plugin AppleImageUtils
LogPluginManager: Mounting plugin AppleMoviePlayer
LogPluginManager: Mounting plugin ArchVisCharacter
LogPluginManager: Mounting plugin AssetTags
LogPluginManager: Mounting plugin AudioCapture
LogPluginManager: Mounting plugin AudioSynesthesia
LogPluginManager: Mounting plugin CableComponent
LogPluginManager: Mounting plugin ChunkDownloader
LogPluginManager: Mounting plugin CustomMeshComponent
LogPluginManager: Mounting plugin EditableMesh
LogPluginManager: Mounting plugin ExampleDeviceProfileSelector
LogPluginManager: Mounting plugin GoogleCloudMessaging
LogPluginManager: Mounting plugin GooglePAD
LogPluginManager: Mounting plugin ScreenshotTools
LogPluginManager: Mounting plugin Takes
LogPluginManager: Mounting plugin IOSDeviceProfileSelector
LogPluginManager: Mounting plugin LinuxDeviceProfileSelector
LogPluginManager: Mounting plugin LocationServicesBPLibrary
LogPluginManager: Mounting plugin MobilePatchingUtils
LogPluginManager: Mounting plugin OpenXREyeTracker
LogPluginManager: Mounting plugin OpenXR
LogPluginManager: Mounting plugin OpenXRHandTracking
LogPluginManager: Mounting plugin PhysXVehicles
LogPluginManager: Mounting plugin PostSplashScreen
LogPluginManager: Mounting plugin PropertyAccessEditor
LogPluginManager: Mounting plugin ProceduralMeshComponent
LogPluginManager: Mounting plugin RuntimePhysXCooking
LogPluginManager: Mounting plugin SignificanceManager
LogPluginManager: Mounting plugin SoundFields
LogPluginManager: Mounting plugin Synthesis
LogPluginManager: Mounting plugin WebMMoviePlayer
LogPluginManager: Mounting plugin WindowsMoviePlayer
LogPluginManager: Mounting plugin ContentBrowserAssetDataSource
LogPluginManager: Mounting plugin ContentBrowserClassDataSource
LogPluginManager: Mounting plugin ContentBrowserFileDataSource
LogPluginManager: Mounting plugin OnlineSubsystemIOS
LogPluginManager: Mounting plugin OnlineSubsystemGooglePlay
LogPluginManager: Mounting plugin OculusVR
LogPluginManager: Mounting plugin SteamVR
PixWinPlugin: PIX capture plugin failed to initialize! Check that the process is launched from PIX.
LogLuminAPIImpl: Warning: MLSDK not found.  This likely means the MLSDK environment variable is not set.
LogInit: Using libcurl 7.55.1-DEV
LogInit:  - built for x86_64-pc-win32
LogInit:  - supports SSL with OpenSSL/1.1.1
LogInit:  - supports HTTP deflate (compression) using libz 1.2.8
LogInit:  - other features:
LogInit:      CURL_VERSION_SSL
LogInit:      CURL_VERSION_LIBZ
LogInit:      CURL_VERSION_IPV6
LogInit:      CURL_VERSION_ASYNCHDNS
LogInit:      CURL_VERSION_LARGEFILE
LogInit:      CURL_VERSION_IDN
LogInit:  CurlRequestOptions (configurable via config and command line):
LogInit:  - bVerifyPeer = true  - Libcurl will verify peer certificate
LogInit:  - bUseHttpProxy = false  - Libcurl will NOT use HTTP proxy
LogInit:  - bDontReuseConnections = false  - Libcurl will reuse connections
LogInit:  - MaxHostConnections = 16  - Libcurl will limit the number of connections to a host
LogInit:  - LocalHostAddr = Default
LogInit:  - BufferSize = 65536
LogOnline: OSS: Creating online subsystem instance for: NULL
LogInit: WinSock: version 1.1 (2.2), MaxSocks=32767, MaxUdp=65467
LogOnline: OSS: TryLoadSubsystemAndSetDefault: Loaded subsystem for module [NULL]
LogOculusPluginWrapper: OculusPlugin initialized successfully
LogHMD: Failed initializing OVRPlugin 1.59.0
LogInit: Build: ++UE4+Release-4.27-CL-18319896
LogInit: Engine Version: 4.27.2-18319896+++UE4+Release-4.27
LogInit: Compatible Engine Version: 4.27.0-17155196+++UE4+Release-4.27
LogInit: Net CL: 17155196
LogInit: OS: Windows 10 (Release 2009) (), CPU: AMD Ryzen 5 5600X 6-Core Processor             , GPU: NVIDIA GeForce RTX 3060
LogInit: Compiled (64-bit): Nov 30 2021 07:12:08
LogInit: Compiled with Visual C++: 19.24.28315.00
LogInit: Build Configuration: Development
LogInit: Branch Name: ++UE4+Release-4.27
LogInit: Command Line:  -AUTH_LOGIN=unused -AUTH_PASSWORD=e88f7fe569e049729bb0f27027bc1764 -AUTH_TYPE=exchangecode -epicapp=UE_4.27 -epicenv=Prod -EpicPortal -epicusername=The_Crowinator -epicuserid=10c17136de614d9d9b17ab1245d828f3 -epiclocale=en -epicsandboxid=ue
LogInit: Base Directory: D:/Epic/UE_4.27/Engine/Binaries/Win64/
LogInit: Allocator: TBB
LogInit: Installed Engine Build: 1
LogDevObjectVersion: Number of dev versions registered: 29
LogDevObjectVersion:   Dev-Blueprints (B0D832E4-1F89-4F0D-ACCF-7EB736FD4AA2): 10
LogDevObjectVersion:   Dev-Build (E1C64328-A22C-4D53-A36C-8E866417BD8C): 0
LogDevObjectVersion:   Dev-Core (375EC13C-06E4-48FB-B500-84F0262A717E): 4
LogDevObjectVersion:   Dev-Editor (E4B068ED-F494-42E9-A231-DA0B2E46BB41): 40
LogDevObjectVersion:   Dev-Framework (CFFC743F-43B0-4480-9391-14DF171D2073): 37
LogDevObjectVersion:   Dev-Mobile (B02B49B5-BB20-44E9-A304-32B752E40360): 3
LogDevObjectVersion:   Dev-Networking (A4E4105C-59A1-49B5-A7C5-40C4547EDFEE): 0
LogDevObjectVersion:   Dev-Online (39C831C9-5AE6-47DC-9A44-9C173E1C8E7C): 0
LogDevObjectVersion:   Dev-Physics (78F01B33-EBEA-4F98-B9B4-84EACCB95AA2): 14
LogDevObjectVersion:   Dev-Platform (6631380F-2D4D-43E0-8009-CF276956A95A): 0
LogDevObjectVersion:   Dev-Rendering (12F88B9F-8875-4AFC-A67C-D90C383ABD29): 45
LogDevObjectVersion:   Dev-Sequencer (7B5AE74C-D270-4C10-A958-57980B212A5A): 13
LogDevObjectVersion:   Dev-VR (D7296918-1DD6-4BDD-9DE2-64A83CC13884): 3
LogDevObjectVersion:   Dev-LoadTimes (C2A15278-BFE7-4AFE-6C17-90FF531DF755): 1
LogDevObjectVersion:   Private-Geometry (6EACA3D4-40EC-4CC1-B786-8BED09428FC5): 3
LogDevObjectVersion:   Dev-AnimPhys (29E575DD-E0A3-4627-9D10-D276232CDCEA): 17
LogDevObjectVersion:   Dev-Anim (AF43A65D-7FD3-4947-9873-3E8ED9C1BB05): 15
LogDevObjectVersion:   Dev-ReflectionCapture (6B266CEC-1EC7-4B8F-A30B-E4D90942FC07): 1
LogDevObjectVersion:   Dev-Automation (0DF73D61-A23F-47EA-B727-89E90C41499A): 1
LogDevObjectVersion:   FortniteMain (601D1886-AC64-4F84-AA16-D3DE0DEAC7D6): 47
LogDevObjectVersion:   FortniteRelease (E7086368-6B23-4C58-8439-1B7016265E91): 1
LogDevObjectVersion:   Dev-Enterprise (9DFFBCD6-494F-0158-E221-12823C92A888): 10
LogDevObjectVersion:   Dev-Niagara (F2AED0AC-9AFE-416F-8664-AA7FFA26D6FC): 1
LogDevObjectVersion:   Dev-Destruction (174F1F0B-B4C6-45A5-B13F-2EE8D0FB917D): 10
LogDevObjectVersion:   Dev-Physics-Ext (35F94A83-E258-406C-A318-09F59610247C): 41
LogDevObjectVersion:   Dev-PhysicsMaterial-Chaos (B68FC16E-8B1B-42E2-B453-215C058844FE): 1
LogDevObjectVersion:   Dev-CineCamera (B2E18506-4273-CFC2-A54E-F4BB758BBA07): 1
LogDevObjectVersion:   Dev-VirtualProduction (64F58936-FD1B-42BA-BA96-7289D5D0FA4E): 1
LogDevObjectVersion:   Dev-MediaFramework (6F0ED827-A609-4895-9C91-998D90180EA4): 2
LogInit: Presizing for max 25165824 objects, including 0 objects not considered by GC, pre-allocating 0 bytes for permanent pool.
LogConfig: Applying CVar settings from Section [/Script/Engine.StreamingSettings] File [D:/Git/HN2BaseProject_V3/Saved/Config/Windows/Engine.ini]
LogConfig: Setting CVar [[s.MinBulkDataSizeForAsyncLoading:131072]]
LogConfig: Setting CVar [[s.AsyncLoadingThreadEnabled:0]]
LogConfig: Setting CVar [[s.EventDrivenLoaderEnabled:1]]
LogConfig: Setting CVar [[s.WarnIfTimeLimitExceeded:0]]
LogConfig: Setting CVar [[s.TimeLimitExceededMultiplier:1.5]]
LogConfig: Setting CVar [[s.TimeLimitExceededMinTime:0.005]]
LogConfig: Setting CVar [[s.UseBackgroundLevelStreaming:1]]
LogConfig: Setting CVar [[s.PriorityAsyncLoadingExtraTime:15.0]]
LogConfig: Setting CVar [[s.LevelStreamingActorsUpdateTimeLimit:5.0]]
LogConfig: Setting CVar [[s.PriorityLevelStreamingActorsUpdateExtraTime:5.0]]
LogConfig: Setting CVar [[s.LevelStreamingComponentsRegistrationGranularity:10]]
LogConfig: Setting CVar [[s.UnregisterComponentsTimeLimit:1.0]]
LogConfig: Setting CVar [[s.LevelStreamingComponentsUnregistrationGranularity:5]]
LogConfig: Setting CVar [[s.FlushStreamingOnExit:1]]
LogInit: Object subsystem initialized
LogConfig: Setting CVar [[con.DebugEarlyDefault:1]]
LogConfig: Setting CVar [[r.setres:1280x720]]
[2026.08.07-22.21.19:710][  0]LogConfig: Setting CVar [[r.VSync:0]]
[2026.08.07-22.21.19:710][  0]LogConfig: Setting CVar [[r.RHICmdBypass:0]]
[2026.08.07-22.21.19:710][  0]LogConfig: Applying CVar settings from Section [/Script/Engine.RendererSettings] File [D:/Git/HN2BaseProject_V3/Saved/Config/Windows/Engine.ini]
[2026.08.07-22.21.19:710][  0]LogConfig: Setting CVar [[r.GPUCrashDebugging:0]]
[2026.08.07-22.21.19:710][  0]LogConfig: Setting CVar [[r.SSGI.Enable:0]]
[2026.08.07-22.21.19:710][  0]LogConfig: Applying CVar settings from Section [/Script/Engine.RendererOverrideSettings] File [D:/Git/HN2BaseProject_V3/Saved/Config/Windows/Engine.ini]
[2026.08.07-22.21.19:710][  0]LogConfig: Applying CVar settings from Section [/Script/Engine.StreamingSettings] File [D:/Git/HN2BaseProject_V3/Saved/Config/Windows/Engine.ini]
[2026.08.07-22.21.19:710][  0]LogConfig: Setting CVar [[s.MinBulkDataSizeForAsyncLoading:131072]]
[2026.08.07-22.21.19:710][  0]LogConfig: Setting CVar [[s.AsyncLoadingThreadEnabled:0]]
[2026.08.07-22.21.19:710][  0]LogConfig: Setting CVar [[s.EventDrivenLoaderEnabled:1]]
[2026.08.07-22.21.19:710][  0]LogConfig: Setting CVar [[s.WarnIfTimeLimitExceeded:0]]
[2026.08.07-22.21.19:710][  0]LogConfig: Setting CVar [[s.TimeLimitExceededMultiplier:1.5]]
[2026.08.07-22.21.19:710][  0]LogConfig: Setting CVar [[s.TimeLimitExceededMinTime:0.005]]
[2026.08.07-22.21.19:710][  0]LogConfig: Setting CVar [[s.UseBackgroundLevelStreaming:1]]
[2026.08.07-22.21.19:710][  0]LogConfig: Setting CVar [[s.PriorityAsyncLoadingExtraTime:15.0]]
[2026.08.07-22.21.19:710][  0]LogConfig: Setting CVar [[s.LevelStreamingActorsUpdateTimeLimit:5.0]]
[2026.08.07-22.21.19:710][  0]LogConfig: Setting CVar [[s.PriorityLevelStreamingActorsUpdateExtraTime:5.0]]
[2026.08.07-22.21.19:710][  0]LogConfig: Setting CVar [[s.LevelStreamingComponentsRegistrationGranularity:10]]
[2026.08.07-22.21.19:710][  0]LogConfig: Setting CVar [[s.UnregisterComponentsTimeLimit:1.0]]
[2026.08.07-22.21.19:710][  0]LogConfig: Setting CVar [[s.LevelStreamingComponentsUnregistrationGranularity:5]]
[2026.08.07-22.21.19:710][  0]LogConfig: Setting CVar [[s.FlushStreamingOnExit:1]]
[2026.08.07-22.21.19:710][  0]LogConfig: Applying CVar settings from Section [/Script/Engine.GarbageCollectionSettings] File [D:/Git/HN2BaseProject_V3/Saved/Config/Windows/Engine.ini]
[2026.08.07-22.21.19:710][  0]LogConfig: Setting CVar [[gc.MaxObjectsNotConsideredByGC:1]]
[2026.08.07-22.21.19:710][  0]LogConfig: Setting CVar [[gc.SizeOfPermanentObjectPool:0]]
[2026.08.07-22.21.19:710][  0]LogConfig: Setting CVar [[gc.FlushStreamingOnGC:0]]
[2026.08.07-22.21.19:710][  0]LogConfig: Setting CVar [[gc.NumRetriesBeforeForcingGC:10]]
[2026.08.07-22.21.19:710][  0]LogConfig: Setting CVar [[gc.AllowParallelGC:1]]
[2026.08.07-22.21.19:710][  0]LogConfig: Setting CVar [[gc.TimeBetweenPurgingPendingKillObjects:61.1]]
[2026.08.07-22.21.19:710][  0]LogConfig: Setting CVar [[gc.MaxObjectsInEditor:25165824]]
[2026.08.07-22.21.19:710][  0]LogConfig: Setting CVar [[gc.IncrementalBeginDestroyEnabled:1]]
[2026.08.07-22.21.19:710][  0]LogConfig: Setting CVar [[gc.CreateGCClusters:1]]
[2026.08.07-22.21.19:710][  0]LogConfig: Setting CVar [[gc.MinGCClusterSize:5]]
[2026.08.07-22.21.19:710][  0]LogConfig: Setting CVar [[gc.ActorClusteringEnabled:0]]
[2026.08.07-22.21.19:710][  0]LogConfig: Setting CVar [[gc.BlueprintClusteringEnabled:0]]
[2026.08.07-22.21.19:710][  0]LogConfig: Setting CVar [[gc.UseDisregardForGCOnDedicatedServers:0]]
[2026.08.07-22.21.19:710][  0]LogConfig: Setting CVar [[gc.MultithreadedDestructionEnabled:1]]
[2026.08.07-22.21.19:710][  0]LogConfig: Applying CVar settings from Section [/Script/Engine.NetworkSettings] File [D:/Git/HN2BaseProject_V3/Saved/Config/Windows/Engine.ini]
[2026.08.07-22.21.19:710][  0]LogConfig: Applying CVar settings from Section [/Script/UnrealEd.CookerSettings] File [D:/Git/HN2BaseProject_V3/Saved/Config/Windows/Engine.ini]
[2026.08.07-22.21.19:739][  0]LogConfig: Applying CVar settings from Section [ViewDistanceQuality@3] File [D:/Git/HN2BaseProject_V3/Saved/Config/Windows/Scalability.ini]
[2026.08.07-22.21.19:739][  0]LogConfig: Setting CVar [[r.SkeletalMeshLODBias:0]]
[2026.08.07-22.21.19:739][  0]LogConfig: Setting CVar [[r.ViewDistanceScale:1.0]]
[2026.08.07-22.21.19:739][  0]LogConfig: Applying CVar settings from Section [AntiAliasingQuality@3] File [D:/Git/HN2BaseProject_V3/Saved/Config/Windows/Scalability.ini]
[2026.08.07-22.21.19:739][  0]LogConfig: Setting CVar [[r.PostProcessAAQuality:4]]
[2026.08.07-22.21.19:739][  0]LogConfig: Applying CVar settings from Section [ShadowQuality@3] File [D:/Git/HN2BaseProject_V3/Saved/Config/Windows/Scalability.ini]
[2026.08.07-22.21.19:739][  0]LogConfig: Setting CVar [[r.LightFunctionQuality:1]]
[2026.08.07-22.21.19:739][  0]LogConfig: Setting CVar [[r.ShadowQuality:5]]
[2026.08.07-22.21.19:739][  0]LogConfig: Setting CVar [[r.Shadow.CSM.MaxCascades:10]]
[2026.08.07-22.21.19:739][  0]LogConfig: Setting CVar [[r.Shadow.MaxResolution:2048]]
[2026.08.07-22.21.19:739][  0]LogConfig: Setting CVar [[r.Shadow.MaxCSMResolution:2048]]
[2026.08.07-22.21.19:739][  0]LogConfig: Setting CVar [[r.Shadow.RadiusThreshold:0.01]]
[2026.08.07-22.21.19:739][  0]LogConfig: Setting CVar [[r.Shadow.DistanceScale:1.0]]
[2026.08.07-22.21.19:739][  0]LogConfig: Setting CVar [[r.Shadow.CSM.TransitionScale:1.0]]
[2026.08.07-22.21.19:739][  0]LogConfig: Setting CVar [[r.Shadow.PreShadowResolutionFactor:1.0]]
[2026.08.07-22.21.19:739][  0]LogConfig: Setting CVar [[r.DistanceFieldShadowing:1]]
[2026.08.07-22.21.19:739][  0]LogConfig: Setting CVar [[r.DistanceFieldAO:1]]
[2026.08.07-22.21.19:739][  0]LogConfig: Setting CVar [[r.AOQuality:2]]
[2026.08.07-22.21.19:739][  0]LogConfig: Setting CVar [[r.VolumetricFog:1]]
[2026.08.07-22.21.19:739][  0]LogConfig: Setting CVar [[r.VolumetricFog.GridPixelSize:8]]
[2026.08.07-22.21.19:739][  0]LogConfig: Setting CVar [[r.VolumetricFog.GridSizeZ:128]]
[2026.08.07-22.21.19:739][  0]LogConfig: Setting CVar [[r.VolumetricFog.HistoryMissSupersampleCount:4]]
[2026.08.07-22.21.19:739][  0]LogConfig: Setting CVar [[r.LightMaxDrawDistanceScale:1]]
[2026.08.07-22.21.19:739][  0]LogConfig: Setting CVar [[r.CapsuleShadows:1]]
[2026.08.07-22.21.19:739][  0]LogConfig: Applying CVar settings from Section [PostProcessQuality@3] File [D:/Git/HN2BaseProject_V3/Saved/Config/Windows/Scalability.ini]
[2026.08.07-22.21.19:739][  0]LogConfig: Setting CVar [[r.MotionBlurQuality:4]]
[2026.08.07-22.21.19:739][  0]LogConfig: Setting CVar [[r.AmbientOcclusionMipLevelFactor:0.4]]
[2026.08.07-22.21.19:739][  0]LogConfig: Setting CVar [[r.AmbientOcclusionMaxQuality:100]]
[2026.08.07-22.21.19:739][  0]LogConfig: Setting CVar [[r.AmbientOcclusionLevels:-1]]
[2026.08.07-22.21.19:739][  0]LogConfig: Setting CVar [[r.AmbientOcclusionRadiusScale:1.0]]
[2026.08.07-22.21.19:739][  0]LogConfig: Setting CVar [[r.DepthOfFieldQuality:2]]
[2026.08.07-22.21.19:739][  0]LogConfig: Setting CVar [[r.RenderTargetPoolMin:400]]
[2026.08.07-22.21.19:739][  0]LogConfig: Setting CVar [[r.LensFlareQuality:2]]
[2026.08.07-22.21.19:739][  0]LogConfig: Setting CVar [[r.SceneColorFringeQuality:1]]
[2026.08.07-22.21.19:739][  0]LogConfig: Setting CVar [[r.EyeAdaptationQuality:2]]
[2026.08.07-22.21.19:739][  0]LogConfig: Setting CVar [[r.BloomQuality:5]]
[2026.08.07-22.21.19:739][  0]LogConfig: Setting CVar [[r.FastBlurThreshold:100]]
[2026.08.07-22.21.19:739][  0]LogConfig: Setting CVar [[r.Upscale.Quality:3]]
[2026.08.07-22.21.19:739][  0]LogConfig: Setting CVar [[r.Tonemapper.GrainQuantization:1]]
[2026.08.07-22.21.19:739][  0]LogConfig: Setting CVar [[r.LightShaftQuality:1]]
[2026.08.07-22.21.19:739][  0]LogConfig: Setting CVar [[r.Filter.SizeScale:1]]
[2026.08.07-22.21.19:739][  0]LogConfig: Setting CVar [[r.Tonemapper.Quality:5]]
[2026.08.07-22.21.19:739][  0]LogConfig: Setting CVar [[r.DOF.Gather.AccumulatorQuality:1        ; higher gathering accumulator quality]]
[2026.08.07-22.21.19:739][  0]LogConfig: Setting CVar [[r.DOF.Gather.PostfilterMethod:1          ; Median3x3 postfilering method]]
[2026.08.07-22.21.19:739][  0]LogConfig: Setting CVar [[r.DOF.Gather.EnableBokehSettings:0       ; no bokeh simulation when gathering]]
[2026.08.07-22.21.19:739][  0]LogConfig: Setting CVar [[r.DOF.Gather.RingCount:4                 ; medium number of samples when gathering]]
[2026.08.07-22.21.19:739][  0]LogConfig: Setting CVar [[r.DOF.Scatter.ForegroundCompositing:1    ; additive foreground scattering]]
[2026.08.07-22.21.19:739][  0]LogConfig: Setting CVar [[r.DOF.Scatter.BackgroundCompositing:2    ; additive background scattering]]
[2026.08.07-22.21.19:739][  0]LogConfig: Setting CVar [[r.DOF.Scatter.EnableBokehSettings:1      ; bokeh simulation when scattering]]
[2026.08.07-22.21.19:739][  0]LogConfig: Setting CVar [[r.DOF.Scatter.MaxSpriteRatio:0.1         ; only a maximum of 10% of scattered bokeh]]
[2026.08.07-22.21.19:739][  0]LogConfig: Setting CVar [[r.DOF.Recombine.Quality:1                ; cheap slight out of focus]]
[2026.08.07-22.21.19:739][  0]LogConfig: Setting CVar [[r.DOF.Recombine.EnableBokehSettings:0    ; no bokeh simulation on slight out of focus]]
[2026.08.07-22.21.19:739][  0]LogConfig: Setting CVar [[r.DOF.TemporalAAQuality:1                ; more stable temporal accumulation]]
[2026.08.07-22.21.19:739][  0]LogConfig: Setting CVar [[r.DOF.Kernel.MaxForegroundRadius:0.025]]
[2026.08.07-22.21.19:739][  0]LogConfig: Setting CVar [[r.DOF.Kernel.MaxBackgroundRadius:0.025]]
[2026.08.07-22.21.19:739][  0]LogConfig: Applying CVar settings from Section [TextureQuality@3] File [D:/Git/HN2BaseProject_V3/Saved/Config/Windows/Scalability.ini]
[2026.08.07-22.21.19:739][  0]LogConfig: Setting CVar [[r.Streaming.MipBias:0]]
[2026.08.07-22.21.19:739][  0]LogConfig: Setting CVar [[r.Streaming.AmortizeCPUToGPUCopy:0]]
[2026.08.07-22.21.19:739][  0]LogConfig: Setting CVar [[r.Streaming.MaxNumTexturesToStreamPerFrame:0]]
[2026.08.07-22.21.19:739][  0]LogConfig: Setting CVar [[r.Streaming.Boost:1]]
[2026.08.07-22.21.19:739][  0]LogConfig: Setting CVar [[r.MaxAnisotropy:8]]
[2026.08.07-22.21.19:739][  0]LogConfig: Setting CVar [[r.VT.MaxAnisotropy:8]]
[2026.08.07-22.21.19:739][  0]LogConfig: Setting CVar [[r.Streaming.LimitPoolSizeToVRAM:0]]
[2026.08.07-22.21.19:739][  0]LogConfig: Setting CVar [[r.Streaming.PoolSize:1000]]
[2026.08.07-22.21.19:739][  0]LogConfig: Setting CVar [[r.Streaming.MaxEffectiveScreenSize:0]]
[2026.08.07-22.21.19:739][  0]LogConfig: Applying CVar settings from Section [EffectsQuality@3] File [D:/Git/HN2BaseProject_V3/Saved/Config/Windows/Scalability.ini]
[2026.08.07-22.21.19:739][  0]LogConfig: Setting CVar [[r.TranslucencyLightingVolumeDim:64]]
[2026.08.07-22.21.19:739][  0]LogConfig: Setting CVar [[r.RefractionQuality:2]]
[2026.08.07-22.21.19:739][  0]LogConfig: Setting CVar [[r.SSR.Quality:3]]
[2026.08.07-22.21.19:739][  0]LogConfig: Setting CVar [[r.SSR.HalfResSceneColor:0]]
[2026.08.07-22.21.19:739][  0]LogConfig: Setting CVar [[r.SceneColorFormat:4]]
[2026.08.07-22.21.19:739][  0]LogConfig: Setting CVar [[r.DetailMode:2]]
[2026.08.07-22.21.19:739][  0]LogConfig: Setting CVar [[r.TranslucencyVolumeBlur:1]]
[2026.08.07-22.21.19:739][  0]LogConfig: Setting CVar [[r.MaterialQualityLevel:1 ; High quality]]
[2026.08.07-22.21.19:739][  0]LogConfig: Setting CVar [[r.AnisotropicMaterials:1]]
[2026.08.07-22.21.19:739][  0]LogConfig: Setting CVar [[r.SSS.Scale:1]]
[2026.08.07-22.21.19:739][  0]LogConfig: Setting CVar [[r.SSS.SampleSet:2]]
[2026.08.07-22.21.19:739][  0]LogConfig: Setting CVar [[r.SSS.Quality:1]]
[2026.08.07-22.21.19:739][  0]LogConfig: Setting CVar [[r.SSS.HalfRes:0]]
[2026.08.07-22.21.19:739][  0]LogConfig: Setting CVar [[r.SSGI.Quality:3]]
[2026.08.07-22.21.19:739][  0]LogConfig: Setting CVar [[r.EmitterSpawnRateScale:1.0]]
[2026.08.07-22.21.19:739][  0]LogConfig: Setting CVar [[r.ParticleLightQuality:2]]
[2026.08.07-22.21.19:739][  0]LogConfig: Setting CVar [[r.SkyAtmosphere.AerialPerspectiveLUT.FastApplyOnOpaque:1 ; Always have FastSkyLUT 1 in this case to avoid wrong sky]]
[2026.08.07-22.21.19:739][  0]LogConfig: Setting CVar [[r.SkyAtmosphere.AerialPerspectiveLUT.SampleCountMaxPerSlice:4]]
[2026.08.07-22.21.19:739][  0]LogConfig: Setting CVar [[r.SkyAtmosphere.AerialPerspectiveLUT.DepthResolution:16.0]]
[2026.08.07-22.21.19:739][  0]LogConfig: Setting CVar [[r.SkyAtmosphere.FastSkyLUT:1]]
[2026.08.07-22.21.19:739][  0]LogConfig: Setting CVar [[r.SkyAtmosphere.FastSkyLUT.SampleCountMin:4.0]]
[2026.08.07-22.21.19:739][  0]LogConfig: Setting CVar [[r.SkyAtmosphere.FastSkyLUT.SampleCountMax:128.0]]
[2026.08.07-22.21.19:739][  0]LogConfig: Setting CVar [[r.SkyAtmosphere.SampleCountMin:4.0]]
[2026.08.07-22.21.19:739][  0]LogConfig: Setting CVar [[r.SkyAtmosphere.SampleCountMax:128.0]]
[2026.08.07-22.21.19:739][  0]LogConfig: Setting CVar [[r.SkyAtmosphere.TransmittanceLUT.UseSmallFormat:0]]
[2026.08.07-22.21.19:739][  0]LogConfig: Setting CVar [[r.SkyAtmosphere.TransmittanceLUT.SampleCount:10.0]]
[2026.08.07-22.21.19:739][  0]LogConfig: Setting CVar [[r.SkyAtmosphere.MultiScatteringLUT.SampleCount:15.0]]
[2026.08.07-22.21.19:739][  0]LogConfig: Setting CVar [[r.SkyLight.RealTimeReflectionCapture:1]]
[2026.08.07-22.21.19:739][  0]LogConfig: Applying CVar settings from Section [FoliageQuality@3] File [D:/Git/HN2BaseProject_V3/Saved/Config/Windows/Scalability.ini]
[2026.08.07-22.21.19:739][  0]LogConfig: Setting CVar [[foliage.DensityScale:1.0]]
[2026.08.07-22.21.19:739][  0]LogConfig: Setting CVar [[grass.DensityScale:1.0]]
[2026.08.07-22.21.19:739][  0]LogConfig: Applying CVar settings from Section [ShadingQuality@3] File [D:/Git/HN2BaseProject_V3/Saved/Config/Windows/Scalability.ini]
[2026.08.07-22.21.19:739][  0]LogConfig: Setting CVar [[r.HairStrands.SkyLighting.IntegrationType:2]]
[2026.08.07-22.21.19:739][  0]LogConfig: Setting CVar [[r.HairStrands.SkyAO.SampleCount:4]]
[2026.08.07-22.21.19:739][  0]LogConfig: Setting CVar [[r.HairStrands.Visibility.MSAA.SamplePerPixel:4]]
[2026.08.07-22.21.19:739][  0]LogInit: Selected Device Profile: [Windows]
[2026.08.07-22.21.19:739][  0]LogInit: Applying CVar settings loaded from the selected device profile: [Windows]
[2026.08.07-22.21.19:739][  0]LogHAL: Display: Platform has ~ 32 GB [34265317376 / 34359738368 / 32], which maps to Largest [LargestMinGB=32, LargerMinGB=12, DefaultMinGB=8, SmallerMinGB=6, SmallestMinGB=0)
[2026.08.07-22.21.19:739][  0]LogInit: Going up to parent DeviceProfile []
[2026.08.07-22.21.19:739][  0]LogConfig: Applying CVar settings from Section [ViewDistanceQuality@3] File [D:/Git/HN2BaseProject_V3/Saved/Config/Windows/Scalability.ini]
[2026.08.07-22.21.19:739][  0]LogConfig: Setting CVar [[r.SkeletalMeshLODBias:0]]
[2026.08.07-22.21.19:739][  0]LogConfig: Setting CVar [[r.ViewDistanceScale:1.0]]
[2026.08.07-22.21.19:739][  0]LogConfig: Applying CVar settings from Section [AntiAliasingQuality@3] File [D:/Git/HN2BaseProject_V3/Saved/Config/Windows/Scalability.ini]
[2026.08.07-22.21.19:739][  0]LogConfig: Setting CVar [[r.PostProcessAAQuality:4]]
[2026.08.07-22.21.19:739][  0]LogConfig: Applying CVar settings from Section [ShadowQuality@3] File [D:/Git/HN2BaseProject_V3/Saved/Config/Windows/Scalability.ini]
[2026.08.07-22.21.19:739][  0]LogConfig: Setting CVar [[r.LightFunctionQuality:1]]
[2026.08.07-22.21.19:739][  0]LogConfig: Setting CVar [[r.ShadowQuality:5]]
[2026.08.07-22.21.19:739][  0]LogConfig: Setting CVar [[r.Shadow.CSM.MaxCascades:10]]
[2026.08.07-22.21.19:739][  0]LogConfig: Setting CVar [[r.Shadow.MaxResolution:2048]]
[2026.08.07-22.21.19:739][  0]LogConfig: Setting CVar [[r.Shadow.MaxCSMResolution:2048]]
[2026.08.07-22.21.19:739][  0]LogConfig: Setting CVar [[r.Shadow.RadiusThreshold:0.01]]
[2026.08.07-22.21.19:739][  0]LogConfig: Setting CVar [[r.Shadow.DistanceScale:1.0]]
[2026.08.07-22.21.19:739][  0]LogConfig: Setting CVar [[r.Shadow.CSM.TransitionScale:1.0]]
[2026.08.07-22.21.19:739][  0]LogConfig: Setting CVar [[r.Shadow.PreShadowResolutionFactor:1.0]]
[2026.08.07-22.21.19:739][  0]LogConfig: Setting CVar [[r.DistanceFieldShadowing:1]]
[2026.08.07-22.21.19:739][  0]LogConfig: Setting CVar [[r.DistanceFieldAO:1]]
[2026.08.07-22.21.19:739][  0]LogConfig: Setting CVar [[r.AOQuality:2]]
[2026.08.07-22.21.19:739][  0]LogConfig: Setting CVar [[r.VolumetricFog:1]]
[2026.08.07-22.21.19:739][  0]LogConfig: Setting CVar [[r.VolumetricFog.GridPixelSize:8]]
[2026.08.07-22.21.19:739][  0]LogConfig: Setting CVar [[r.VolumetricFog.GridSizeZ:128]]
[2026.08.07-22.21.19:739][  0]LogConfig: Setting CVar [[r.VolumetricFog.HistoryMissSupersampleCount:4]]
[2026.08.07-22.21.19:739][  0]LogConfig: Setting CVar [[r.LightMaxDrawDistanceScale:1]]
[2026.08.07-22.21.19:739][  0]LogConfig: Setting CVar [[r.CapsuleShadows:1]]
[2026.08.07-22.21.19:739][  0]LogConfig: Applying CVar settings from Section [PostProcessQuality@3] File [D:/Git/HN2BaseProject_V3/Saved/Config/Windows/Scalability.ini]
[2026.08.07-22.21.19:739][  0]LogConfig: Setting CVar [[r.MotionBlurQuality:4]]
[2026.08.07-22.21.19:739][  0]LogConfig: Setting CVar [[r.AmbientOcclusionMipLevelFactor:0.4]]
[2026.08.07-22.21.19:739][  0]LogConfig: Setting CVar [[r.AmbientOcclusionMaxQuality:100]]
[2026.08.07-22.21.19:739][  0]LogConfig: Setting CVar [[r.AmbientOcclusionLevels:-1]]
[2026.08.07-22.21.19:739][  0]LogConfig: Setting CVar [[r.AmbientOcclusionRadiusScale:1.0]]
[2026.08.07-22.21.19:739][  0]LogConfig: Setting CVar [[r.DepthOfFieldQuality:2]]
[2026.08.07-22.21.19:739][  0]LogConfig: Setting CVar [[r.RenderTargetPoolMin:400]]
[2026.08.07-22.21.19:739][  0]LogConfig: Setting CVar [[r.LensFlareQuality:2]]
[2026.08.07-22.21.19:739][  0]LogConfig: Setting CVar [[r.SceneColorFringeQuality:1]]
[2026.08.07-22.21.19:739][  0]LogConfig: Setting CVar [[r.EyeAdaptationQuality:2]]
[2026.08.07-22.21.19:739][  0]LogConfig: Setting CVar [[r.BloomQuality:5]]
[2026.08.07-22.21.19:739][  0]LogConfig: Setting CVar [[r.FastBlurThreshold:100]]
[2026.08.07-22.21.19:739][  0]LogConfig: Setting CVar [[r.Upscale.Quality:3]]
[2026.08.07-22.21.19:739][  0]LogConfig: Setting CVar [[r.Tonemapper.GrainQuantization:1]]
[2026.08.07-22.21.19:739][  0]LogConfig: Setting CVar [[r.LightShaftQuality:1]]
[2026.08.07-22.21.19:739][  0]LogConfig: Setting CVar [[r.Filter.SizeScale:1]]
[2026.08.07-22.21.19:739][  0]LogConfig: Setting CVar [[r.Tonemapper.Quality:5]]
[2026.08.07-22.21.19:739][  0]LogConfig: Setting CVar [[r.DOF.Gather.AccumulatorQuality:1        ; higher gathering accumulator quality]]
[2026.08.07-22.21.19:739][  0]LogConfig: Setting CVar [[r.DOF.Gather.PostfilterMethod:1          ; Median3x3 postfilering method]]
[2026.08.07-22.21.19:739][  0]LogConfig: Setting CVar [[r.DOF.Gather.EnableBokehSettings:0       ; no bokeh simulation when gathering]]
[2026.08.07-22.21.19:739][  0]LogConfig: Setting CVar [[r.DOF.Gather.RingCount:4                 ; medium number of samples when gathering]]
[2026.08.07-22.21.19:739][  0]LogConfig: Setting CVar [[r.DOF.Scatter.ForegroundCompositing:1    ; additive foreground scattering]]
[2026.08.07-22.21.19:739][  0]LogConfig: Setting CVar [[r.DOF.Scatter.BackgroundCompositing:2    ; additive background scattering]]
[2026.08.07-22.21.19:739][  0]LogConfig: Setting CVar [[r.DOF.Scatter.EnableBokehSettings:1      ; bokeh simulation when scattering]]
[2026.08.07-22.21.19:739][  0]LogConfig: Setting CVar [[r.DOF.Scatter.MaxSpriteRatio:0.1         ; only a maximum of 10% of scattered bokeh]]
[2026.08.07-22.21.19:739][  0]LogConfig: Setting CVar [[r.DOF.Recombine.Quality:1                ; cheap slight out of focus]]
[2026.08.07-22.21.19:739][  0]LogConfig: Setting CVar [[r.DOF.Recombine.EnableBokehSettings:0    ; no bokeh simulation on slight out of focus]]
[2026.08.07-22.21.19:739][  0]LogConfig: Setting CVar [[r.DOF.TemporalAAQuality:1                ; more stable temporal accumulation]]
[2026.08.07-22.21.19:739][  0]LogConfig: Setting CVar [[r.DOF.Kernel.MaxForegroundRadius:0.025]]
[2026.08.07-22.21.19:739][  0]LogConfig: Setting CVar [[r.DOF.Kernel.MaxBackgroundRadius:0.025]]
[2026.08.07-22.21.19:739][  0]LogConfig: Applying CVar settings from Section [TextureQuality@3] File [D:/Git/HN2BaseProject_V3/Saved/Config/Windows/Scalability.ini]
[2026.08.07-22.21.19:739][  0]LogConfig: Setting CVar [[r.Streaming.MipBias:0]]
[2026.08.07-22.21.19:739][  0]LogConfig: Setting CVar [[r.Streaming.AmortizeCPUToGPUCopy:0]]
[2026.08.07-22.21.19:739][  0]LogConfig: Setting CVar [[r.Streaming.MaxNumTexturesToStreamPerFrame:0]]
[2026.08.07-22.21.19:739][  0]LogConfig: Setting CVar [[r.Streaming.Boost:1]]
[2026.08.07-22.21.19:739][  0]LogConfig: Setting CVar [[r.MaxAnisotropy:8]]
[2026.08.07-22.21.19:739][  0]LogConfig: Setting CVar [[r.VT.MaxAnisotropy:8]]
[2026.08.07-22.21.19:741][  0]LogConfig: Setting CVar [[r.Streaming.LimitPoolSizeToVRAM:0]]
[2026.08.07-22.21.19:741][  0]LogConfig: Setting CVar [[r.Streaming.PoolSize:1000]]
[2026.08.07-22.21.19:741][  0]LogConfig: Setting CVar [[r.Streaming.MaxEffectiveScreenSize:0]]
[2026.08.07-22.21.19:741][  0]LogConfig: Applying CVar settings from Section [EffectsQuality@3] File [D:/Git/HN2BaseProject_V3/Saved/Config/Windows/Scalability.ini]
[2026.08.07-22.21.19:741][  0]LogConfig: Setting CVar [[r.TranslucencyLightingVolumeDim:64]]
[2026.08.07-22.21.19:741][  0]LogConfig: Setting CVar [[r.RefractionQuality:2]]
[2026.08.07-22.21.19:741][  0]LogConfig: Setting CVar [[r.SSR.Quality:3]]
[2026.08.07-22.21.19:741][  0]LogConfig: Setting CVar [[r.SSR.HalfResSceneColor:0]]
[2026.08.07-22.21.19:741][  0]LogConfig: Setting CVar [[r.SceneColorFormat:4]]
[2026.08.07-22.21.19:741][  0]LogConfig: Setting CVar [[r.DetailMode:2]]
[2026.08.07-22.21.19:741][  0]LogConfig: Setting CVar [[r.TranslucencyVolumeBlur:1]]
[2026.08.07-22.21.19:741][  0]LogConfig: Setting CVar [[r.MaterialQualityLevel:1 ; High quality]]
[2026.08.07-22.21.19:741][  0]LogConfig: Setting CVar [[r.AnisotropicMaterials:1]]
[2026.08.07-22.21.19:741][  0]LogConfig: Setting CVar [[r.SSS.Scale:1]]
[2026.08.07-22.21.19:741][  0]LogConfig: Setting CVar [[r.SSS.SampleSet:2]]
[2026.08.07-22.21.19:741][  0]LogConfig: Setting CVar [[r.SSS.Quality:1]]
[2026.08.07-22.21.19:741][  0]LogConfig: Setting CVar [[r.SSS.HalfRes:0]]
[2026.08.07-22.21.19:741][  0]LogConfig: Setting CVar [[r.SSGI.Quality:3]]
[2026.08.07-22.21.19:741][  0]LogConfig: Setting CVar [[r.EmitterSpawnRateScale:1.0]]
[2026.08.07-22.21.19:741][  0]LogConfig: Setting CVar [[r.ParticleLightQuality:2]]
[2026.08.07-22.21.19:741][  0]LogConfig: Setting CVar [[r.SkyAtmosphere.AerialPerspectiveLUT.FastApplyOnOpaque:1 ; Always have FastSkyLUT 1 in this case to avoid wrong sky]]
[2026.08.07-22.21.19:741][  0]LogConfig: Setting CVar [[r.SkyAtmosphere.AerialPerspectiveLUT.SampleCountMaxPerSlice:4]]
[2026.08.07-22.21.19:741][  0]LogConfig: Setting CVar [[r.SkyAtmosphere.AerialPerspectiveLUT.DepthResolution:16.0]]
[2026.08.07-22.21.19:741][  0]LogConfig: Setting CVar [[r.SkyAtmosphere.FastSkyLUT:1]]
[2026.08.07-22.21.19:741][  0]LogConfig: Setting CVar [[r.SkyAtmosphere.FastSkyLUT.SampleCountMin:4.0]]
[2026.08.07-22.21.19:741][  0]LogConfig: Setting CVar [[r.SkyAtmosphere.FastSkyLUT.SampleCountMax:128.0]]
[2026.08.07-22.21.19:741][  0]LogConfig: Setting CVar [[r.SkyAtmosphere.SampleCountMin:4.0]]
[2026.08.07-22.21.19:741][  0]LogConfig: Setting CVar [[r.SkyAtmosphere.SampleCountMax:128.0]]
[2026.08.07-22.21.19:741][  0]LogConfig: Setting CVar [[r.SkyAtmosphere.TransmittanceLUT.UseSmallFormat:0]]
[2026.08.07-22.21.19:741][  0]LogConfig: Setting CVar [[r.SkyAtmosphere.TransmittanceLUT.SampleCount:10.0]]
[2026.08.07-22.21.19:741][  0]LogConfig: Setting CVar [[r.SkyAtmosphere.MultiScatteringLUT.SampleCount:15.0]]
[2026.08.07-22.21.19:741][  0]LogConfig: Setting CVar [[r.SkyLight.RealTimeReflectionCapture:1]]
[2026.08.07-22.21.19:741][  0]LogConfig: Applying CVar settings from Section [FoliageQuality@3] File [D:/Git/HN2BaseProject_V3/Saved/Config/Windows/Scalability.ini]
[2026.08.07-22.21.19:741][  0]LogConfig: Setting CVar [[foliage.DensityScale:1.0]]
[2026.08.07-22.21.19:741][  0]LogConfig: Setting CVar [[grass.DensityScale:1.0]]
[2026.08.07-22.21.19:741][  0]LogConfig: Applying CVar settings from Section [ShadingQuality@3] File [D:/Git/HN2BaseProject_V3/Saved/Config/Windows/Scalability.ini]
[2026.08.07-22.21.19:741][  0]LogConfig: Setting CVar [[r.HairStrands.SkyLighting.IntegrationType:2]]
[2026.08.07-22.21.19:741][  0]LogConfig: Setting CVar [[r.HairStrands.SkyAO.SampleCount:4]]
[2026.08.07-22.21.19:741][  0]LogConfig: Setting CVar [[r.HairStrands.Visibility.MSAA.SamplePerPixel:4]]
[2026.08.07-22.21.19:741][  0]LogConfig: Applying CVar settings from Section [Startup] File [../../../Engine/Config/ConsoleVariables.ini]
[2026.08.07-22.21.19:741][  0]LogConfig: Setting CVar [[net.UseAdaptiveNetUpdateFrequency:0]]
[2026.08.07-22.21.19:741][  0]LogConfig: Setting CVar [[p.chaos.AllowCreatePhysxBodies:1]]
[2026.08.07-22.21.19:741][  0]LogConfig: Setting CVar [[fx.SkipVectorVMBackendOptimizations:1]]
[2026.08.07-22.21.19:741][  0]LogConfig: Applying CVar settings from Section [ConsoleVariables] File [D:/Git/HN2BaseProject_V3/Saved/Config/Windows/Engine.ini]
[2026.08.07-22.21.19:741][  0]LogConfig: Applying CVar settings from Section [ConsoleVariables] File [D:/Git/HN2BaseProject_V3/Saved/Config/Windows/Editor.ini]
[2026.08.07-22.21.19:741][  0]LogInit: Computer: JACKETS_PC
[2026.08.07-22.21.19:741][  0]LogInit: User: jackm
[2026.08.07-22.21.19:741][  0]LogInit: CPU Page size=4096, Cores=6
[2026.08.07-22.21.19:741][  0]LogInit: High frequency timer resolution =10.000000 MHz
[2026.08.07-22.21.19:741][  0]LogMemory: Memory total: Physical=31.9GB (32GB approx)
[2026.08.07-22.21.19:741][  0]LogMemory: Platform Memory Stats for Windows
[2026.08.07-22.21.19:741][  0]LogMemory: Process Physical Memory: 150.59 MB used, 150.59 MB peak
[2026.08.07-22.21.19:741][  0]LogMemory: Process Virtual Memory: 132.24 MB used, 132.24 MB peak
[2026.08.07-22.21.19:741][  0]LogMemory: Physical Memory: 23286.91 MB used,  9391.04 MB free, 32677.95 MB total
[2026.08.07-22.21.19:741][  0]LogMemory: Virtual Memory: 134211336.00 MB used,  6393.58 MB free, 134217728.00 MB total
[2026.08.07-22.21.19:745][  0]LogWindows: WindowsPlatformFeatures enabled
[2026.08.07-22.21.19:780][  0]LogInit: Physics initialised using underlying interface: PhysX
[2026.08.07-22.21.19:780][  0]LogInit: Using OS detected language (en-GB).
[2026.08.07-22.21.19:780][  0]LogInit: Using OS detected locale (en-GB).
[2026.08.07-22.21.19:782][  0]LogTextLocalizationManager: No specific localization for 'en-GB' exists, so the 'en' localization will be used.
[2026.08.07-22.21.19:911][  0]LogInit: Setting process to per monitor DPI aware
[2026.08.07-22.21.19:920][  0]LogWindowsTextInputMethodSystem: Display: IME system deactivated.
[2026.08.07-22.21.19:929][  0]LogSlate: New Slate User Created.  User Index 0, Is Virtual User: 0
[2026.08.07-22.21.19:929][  0]LogSlate: Slate User Registered.  User Index 0, Is Virtual User: 0
[2026.08.07-22.21.20:052][  0]LogD3D11RHI: Loaded GFSDK_Aftermath_Lib.x64.dll
[2026.08.07-22.21.20:060][  0]LogHMD: Failed to initialize OpenVR with code 102
[2026.08.07-22.21.20:060][  0]LogD3D11RHI: D3D11 min allowed feature level: 11_0
[2026.08.07-22.21.20:060][  0]LogD3D11RHI: D3D11 max allowed feature level: 11_0
[2026.08.07-22.21.20:060][  0]LogD3D11RHI: D3D11 adapters:
[2026.08.07-22.21.20:243][  0]LogD3D11RHI:    0. 'NVIDIA GeForce RTX 3060' (Feature Level 11_0)
[2026.08.07-22.21.20:243][  0]LogD3D11RHI:       12115/0/16338 MB DedicatedVideo/DedicatedSystem/SharedSystem, Outputs:3, VendorId:0x10de
[2026.08.07-22.21.20:245][  0]LogD3D11RHI:    1. 'Microsoft Basic Render Driver' (Feature Level 11_0)
[2026.08.07-22.21.20:245][  0]LogD3D11RHI:       0/0/16338 MB DedicatedVideo/DedicatedSystem/SharedSystem, Outputs:0, VendorId:0x1414
[2026.08.07-22.21.20:404][  0]LogD3D11RHI:    2. 'NVIDIA GeForce RTX 3060' (Feature Level 11_0)
[2026.08.07-22.21.20:404][  0]LogD3D11RHI:       12115/0/16338 MB DedicatedVideo/DedicatedSystem/SharedSystem, Outputs:0, VendorId:0x10de
[2026.08.07-22.21.20:404][  0]LogD3D11RHI: Chosen D3D11 Adapter:
[2026.08.07-22.21.20:404][  0]LogD3D11RHI:     Description : NVIDIA GeForce RTX 3060
[2026.08.07-22.21.20:404][  0]LogD3D11RHI:     VendorId    : 10de
[2026.08.07-22.21.20:404][  0]LogD3D11RHI:     DeviceId    : 2504
[2026.08.07-22.21.20:404][  0]LogD3D11RHI:     SubSysId    : 40741458
[2026.08.07-22.21.20:404][  0]LogD3D11RHI:     Revision    : 00a1
[2026.08.07-22.21.20:404][  0]LogD3D11RHI:     DedicatedVideoMemory : 12703498240 bytes
[2026.08.07-22.21.20:404][  0]LogD3D11RHI:     DedicatedSystemMemory : 0 bytes
[2026.08.07-22.21.20:404][  0]LogD3D11RHI:     SharedSystemMemory : 17132658688 bytes
[2026.08.07-22.21.20:404][  0]LogD3D11RHI:     AdapterLuid : 0 51810
[2026.08.07-22.21.20:412][  0]LogD3D11RHI: Creating new Direct3DDevice
[2026.08.07-22.21.20:412][  0]LogD3D11RHI:     GPU DeviceId: 0x2504 (for the marketing name, search the web for "GPU Device Id")
[2026.08.07-22.21.20:412][  0]LogWindows: EnumDisplayDevices:
[2026.08.07-22.21.20:412][  0]LogWindows:    0. 'NVIDIA GeForce RTX 3060' (P:1 D:1)
[2026.08.07-22.21.20:413][  0]LogWindows:    1. 'NVIDIA GeForce RTX 3060' (P:0 D:1)
[2026.08.07-22.21.20:413][  0]LogWindows:    2. 'NVIDIA GeForce RTX 3060' (P:0 D:1)
[2026.08.07-22.21.20:413][  0]LogWindows:    3. 'NVIDIA GeForce RTX 3060' (P:0 D:0)
[2026.08.07-22.21.20:413][  0]LogWindows:    4. 'Parsec Virtual Display Adapter' (P:0 D:0)
[2026.08.07-22.21.20:413][  0]LogWindows:    5. 'Parsec Virtual Display Adapter' (P:0 D:0)
[2026.08.07-22.21.20:413][  0]LogWindows:    6. 'Parsec Virtual Display Adapter' (P:0 D:0)
[2026.08.07-22.21.20:414][  0]LogWindows:    7. 'Parsec Virtual Display Adapter' (P:0 D:0)
[2026.08.07-22.21.20:414][  0]LogWindows:    8. 'Parsec Virtual Display Adapter' (P:0 D:0)
[2026.08.07-22.21.20:414][  0]LogWindows:    9. 'Parsec Virtual Display Adapter' (P:0 D:0)
[2026.08.07-22.21.20:414][  0]LogWindows:    10. 'Parsec Virtual Display Adapter' (P:0 D:0)
[2026.08.07-22.21.20:414][  0]LogWindows:    11. 'Parsec Virtual Display Adapter' (P:0 D:0)
[2026.08.07-22.21.20:414][  0]LogWindows:    12. 'Parsec Virtual Display Adapter' (P:0 D:0)
[2026.08.07-22.21.20:415][  0]LogWindows:    13. 'Parsec Virtual Display Adapter' (P:0 D:0)
[2026.08.07-22.21.20:415][  0]LogWindows:    14. 'Parsec Virtual Display Adapter' (P:0 D:0)
[2026.08.07-22.21.20:415][  0]LogWindows:    15. 'Parsec Virtual Display Adapter' (P:0 D:0)
[2026.08.07-22.21.20:415][  0]LogWindows:    16. 'Parsec Virtual Display Adapter' (P:0 D:0)
[2026.08.07-22.21.20:415][  0]LogWindows:    17. 'Parsec Virtual Display Adapter' (P:0 D:0)
[2026.08.07-22.21.20:415][  0]LogWindows:    18. 'Parsec Virtual Display Adapter' (P:0 D:0)
[2026.08.07-22.21.20:416][  0]LogWindows:    19. 'Parsec Virtual Display Adapter' (P:0 D:0)
[2026.08.07-22.21.20:416][  0]LogWindows: DebugString: GetVideoDriverDetailsInvalid PrimaryIsNotTheChoosenAdapter GetVideoDriverDetailsInvalid PrimaryIsNotTheChoosenAdapter GetVideoDriverDetailsInvalid PrimaryIsNotTheChoosenAdapter GetVideoDriverDetailsInvalid PrimaryIsNotTheChoosenAdapter GetVideoDriverDetailsInvalid PrimaryIsNotTheChoosenAdapter GetVideoDriverDetailsInvalid PrimaryIsNotTheChoosenAdapter GetVideoDriverDetailsInvalid PrimaryIsNotTheChoosenAdapter GetVideoDriverDetailsInvalid PrimaryIsNotTheChoosenAdapter GetVideoDriverDetailsInvalid PrimaryIsNotTheChoosenAdapter GetVideoDriverDetailsInvalid PrimaryIsNotTheChoosenAdapter GetVideoDriverDetailsInvalid PrimaryIsNotTheChoosenAdapter GetVideoDriverDetailsInvalid PrimaryIsNotTheChoosenAdapter GetVideoDriverDetailsInvalid PrimaryIsNotTheChoosenAdapter GetVideoDriverDetailsInvalid PrimaryIsNotTheChoosenAdapter GetVideoDriverDetailsInvalid PrimaryIsNotTheChoosenAdapter GetVideoDriverDetailsInvalid PrimaryIsNotTheChoosenAdapter FoundDriverCount:4 
[2026.08.07-22.21.20:416][  0]LogD3D11RHI:     Adapter Name: NVIDIA GeForce RTX 3060
[2026.08.07-22.21.20:416][  0]LogD3D11RHI:   Driver Version: 610.74 (internal:32.0.16.1074, unified:610.74)
[2026.08.07-22.21.20:416][  0]LogD3D11RHI:      Driver Date: 7-2-2026
[2026.08.07-22.21.20:416][  0]LogRHI: Texture pool is 8480 MB (70% of 12115 MB)
[2026.08.07-22.21.20:416][  0]LogD3D11RHI: Creating D3DDevice using adapter:
[2026.08.07-22.21.20:416][  0]LogD3D11RHI:     Description : NVIDIA GeForce RTX 3060
[2026.08.07-22.21.20:416][  0]LogD3D11RHI:     VendorId    : 10de
[2026.08.07-22.21.20:416][  0]LogD3D11RHI:     DeviceId    : 2504
[2026.08.07-22.21.20:416][  0]LogD3D11RHI:     SubSysId    : 40741458
[2026.08.07-22.21.20:416][  0]LogD3D11RHI:     Revision    : 00a1
[2026.08.07-22.21.20:416][  0]LogD3D11RHI:     DedicatedVideoMemory : 12703498240 bytes
[2026.08.07-22.21.20:416][  0]LogD3D11RHI:     DedicatedSystemMemory : 0 bytes
[2026.08.07-22.21.20:416][  0]LogD3D11RHI:     SharedSystemMemory : 17132658688 bytes
[2026.08.07-22.21.20:416][  0]LogD3D11RHI:     AdapterLuid : 0 51810
[2026.08.07-22.21.20:549][  0]LogD3D11RHI: RHI has support for 64 bit atomics
[2026.08.07-22.21.20:549][  0]LogD3D11RHI: Async texture creation enabled
[2026.08.07-22.21.20:549][  0]LogD3D11RHI: Array index from any shader is supported
[2026.08.07-22.21.20:552][  0]LogD3D11RHI: HDR output is supported on display 0 (NvId: 0x80061082).
[2026.08.07-22.21.20:570][  0]LogD3D11RHI: GPU Timing Frequency: 1000.000000 (Debug: 2 2)
[2026.08.07-22.21.20:596][  0]LogRHI: GeForceNow SDK initialized: 1
[2026.08.07-22.21.20:828][  0]LogTargetPlatformManager: Display: Loaded TargetPlatform 'AllDesktop'
[2026.08.07-22.21.20:845][  0]LogTargetPlatformManager: Display: Loaded TargetPlatform 'Android'
[2026.08.07-22.21.20:845][  0]LogTargetPlatformManager: Display: Loaded TargetPlatform 'Android_ASTC'
[2026.08.07-22.21.20:845][  0]LogTargetPlatformManager: Display: Loaded TargetPlatform 'Android_DXT'
[2026.08.07-22.21.20:845][  0]LogTargetPlatformManager: Display: Loaded TargetPlatform 'Android_ETC2'
[2026.08.07-22.21.20:845][  0]LogTargetPlatformManager: Display: Loaded TargetPlatform 'AndroidClient'
[2026.08.07-22.21.20:845][  0]LogTargetPlatformManager: Display: Loaded TargetPlatform 'Android_ASTCClient'
[2026.08.07-22.21.20:845][  0]LogTargetPlatformManager: Display: Loaded TargetPlatform 'Android_DXTClient'
[2026.08.07-22.21.20:845][  0]LogTargetPlatformManager: Display: Loaded TargetPlatform 'Android_ETC2Client'
[2026.08.07-22.21.20:845][  0]LogTargetPlatformManager: Display: Loaded TargetPlatform 'Android_Multi'
[2026.08.07-22.21.20:845][  0]LogTargetPlatformManager: Display: Loaded TargetPlatform 'Android_MultiClient'
[2026.08.07-22.21.20:859][  0]LogTargetPlatformManager: Display: Loaded TargetPlatform 'IOSClient'
[2026.08.07-22.21.20:859][  0]LogTargetPlatformManager: Display: Loaded TargetPlatform 'IOS'
[2026.08.07-22.21.20:867][  0]LogTargetPlatformManager: Display: Loaded TargetPlatform 'Linux'
[2026.08.07-22.21.20:871][  0]LogTargetPlatformManager: Display: Loaded TargetPlatform 'LinuxNoEditor'
[2026.08.07-22.21.20:874][  0]LogTargetPlatformManager: Display: Loaded TargetPlatform 'LinuxClient'
[2026.08.07-22.21.20:877][  0]LogTargetPlatformManager: Display: Loaded TargetPlatform 'LinuxServer'
[2026.08.07-22.21.20:884][  0]LogTargetPlatformManager: Display: Loaded TargetPlatform 'LinuxAArch64NoEditor'
[2026.08.07-22.21.20:888][  0]LogTargetPlatformManager: Display: Loaded TargetPlatform 'LinuxAArch64Client'
[2026.08.07-22.21.20:891][  0]LogTargetPlatformManager: Display: Loaded TargetPlatform 'LinuxAArch64Server'
[2026.08.07-22.21.20:907][  0]LogTargetPlatformManager: Display: Loaded TargetPlatform 'Lumin'
[2026.08.07-22.21.20:907][  0]LogTargetPlatformManager: Display: Loaded TargetPlatform 'LuminClient'
[2026.08.07-22.21.20:914][  0]LogTargetPlatformManager: Display: Loaded TargetPlatform 'MacNoEditor'
[2026.08.07-22.21.20:917][  0]LogTargetPlatformManager: Display: Loaded TargetPlatform 'Mac'
[2026.08.07-22.21.20:921][  0]LogTargetPlatformManager: Display: Loaded TargetPlatform 'MacClient'
[2026.08.07-22.21.20:924][  0]LogTargetPlatformManager: Display: Loaded TargetPlatform 'MacServer'
[2026.08.07-22.21.20:932][  0]LogTargetPlatformManager: Display: Loaded TargetPlatform 'TVOSClient'
[2026.08.07-22.21.20:932][  0]LogTargetPlatformManager: Display: Loaded TargetPlatform 'TVOS'
[2026.08.07-22.21.20:938][  0]LogTargetPlatformManager: Display: Loaded TargetPlatform 'WindowsNoEditor'
[2026.08.07-22.21.20:942][  0]LogTargetPlatformManager: Display: Loaded TargetPlatform 'Windows'
[2026.08.07-22.21.20:946][  0]LogTargetPlatformManager: Display: Loaded TargetPlatform 'WindowsClient'
[2026.08.07-22.21.20:950][  0]LogTargetPlatformManager: Display: Loaded TargetPlatform 'WindowsServer'
[2026.08.07-22.21.20:950][  0]LogTargetPlatformManager: Display: Building Assets For Windows
[2026.08.07-22.21.20:955][  0]LogAudioDebug: Display: Lib vorbis DLL was dynamically loaded.
[2026.08.07-22.21.20:978][  0]LogTextureFormatOodle: Display: Oodle Texture 2.9.0 init RDO Off
[2026.08.07-22.21.21:004][  0]LogRendererCore: Ray tracing is disabled. Reason: r.RayTracing=0.
[2026.08.07-22.21.21:004][  0]LogShaderCompilers: Guid format shader working directory is 9 characters bigger than the processId version (../../../../../Git/HN2BaseProject_V3/Intermediate/Shaders/WorkingDirectory/27584/).
[2026.08.07-22.21.21:004][  0]LogShaderCompilers: Cleaned the shader compiler working directory 'C:/Users/jackm/AppData/Local/Temp/UnrealShaderWorkingDir/9A7481154ED5063015A0B2961B8B8309/'.
[2026.08.07-22.21.21:004][  0]LogXGEController: Cannot use XGE Controller as Incredibuild is not installed on this machine.
[2026.08.07-22.21.21:004][  0]LogShaderCompilers: Cannot use XGE Shader Compiler as Incredibuild is not installed on this machine.
[2026.08.07-22.21.21:004][  0]LogShaderCompilers: Display: Using Local Shader Compiler.
[2026.08.07-22.21.21:575][  0]LogDerivedDataCache: Display: Max Cache Size: 512 MB
[2026.08.07-22.21.21:628][  0]LogDerivedDataCache: Loaded boot cache 0.05s 94MB C:/Users/jackm/AppData/Local/UnrealEngine/4.27/DerivedDataCache/Boot.ddc.
[2026.08.07-22.21.21:628][  0]LogDerivedDataCache: Display: Loaded Boot cache: C:/Users/jackm/AppData/Local/UnrealEngine/4.27/DerivedDataCache/Boot.ddc
[2026.08.07-22.21.21:628][  0]LogDerivedDataCache: FDerivedDataBackendGraph:  Pak pak cache file ../../../../../Git/HN2BaseProject_V3/DerivedDataCache/DDC.ddp not found, will not use a pak cache.
[2026.08.07-22.21.21:628][  0]LogDerivedDataCache: Unable to find inner node Pak for hierarchical cache Hierarchy.
[2026.08.07-22.21.21:628][  0]LogDerivedDataCache: FDerivedDataBackendGraph:  CompressedPak pak cache file ../../../../../Git/HN2BaseProject_V3/DerivedDataCache/Compressed.ddp not found, will not use a pak cache.
[2026.08.07-22.21.21:628][  0]LogDerivedDataCache: Unable to find inner node CompressedPak for hierarchical cache Hierarchy.
[2026.08.07-22.21.21:643][  0]LogDerivedDataCache: Display: Pak cache opened for reading ../../../Engine/DerivedDataCache/Compressed.ddp.
[2026.08.07-22.21.21:644][  0]LogDerivedDataCache: FDerivedDataBackendGraph:  EnterprisePak pak cache file ../../../Enterprise/DerivedDataCache/Compressed.ddp not found, will not use a pak cache.
[2026.08.07-22.21.21:644][  0]LogDerivedDataCache: Unable to find inner node EnterprisePak for hierarchical cache Hierarchy.
[2026.08.07-22.21.21:653][  0]LogDerivedDataCache: Speed tests for C:/Users/jackm/AppData/Local/UnrealEngine/Common/DerivedDataCache took 0.01 seconds
[2026.08.07-22.21.21:653][  0]LogDerivedDataCache: Display: Performance to C:/Users/jackm/AppData/Local/UnrealEngine/Common/DerivedDataCache: Latency=0.03ms. RandomReadSpeed=1099.70MBs, RandomWriteSpeed=112.09MBs. Assigned SpeedClass 'Local'
[2026.08.07-22.21.21:655][  0]LogDerivedDataCache: Using Local data cache path C:/Users/jackm/AppData/Local/UnrealEngine/Common/DerivedDataCache: Writable
[2026.08.07-22.21.21:656][  0]LogDerivedDataCache: Shared data cache path not found in *engine.ini, will not use an Shared cache.
[2026.08.07-22.21.21:656][  0]LogDerivedDataCache: Unable to find inner node Shared for hierarchical cache Hierarchy.
[2026.08.07-22.21.21:691][  0]LogSlate: Using FreeType 2.10.0
[2026.08.07-22.21.21:692][  0]LogSlate: SlateFontServices - WITH_FREETYPE: 1, WITH_HARFBUZZ: 1
[2026.08.07-22.21.21:712][  0]LogAssetRegistry: FAssetRegistry took 0.0023 seconds to start up
[2026.08.07-22.21.21:877][  0]LogInit: Selected Device Profile: [Windows]
[2026.08.07-22.21.21:877][  0]LogInit: Active device profile: [000002323C800E00][0000023236207A40 49] Windows
[2026.08.07-22.21.21:877][  0]LogInit: Profiles: [000002323C800E00][0000023236207A40 49] Windows, [000002323C7AE500][0000023222501BC0 49] WindowsNoEditor, [000002323C801D00][00000232225041C0 49] WindowsServer, [000002323C7AF300][0000023222508340 49] WindowsClient, [000002323C802A00][000002322250C4C0 49] IOS, [000002323C7AF900][000002323620A600 49] iPadAir, [000002323C801500][0000023222510740 49] iPadAir2, [000002323D759300][0000023222518980 49] IPadPro, [000002323D759400][00000232225149C0 49] iPadAir3, [000002323C7ACC00][0000023222520B40 49] iPadAir4, [000002323D75A000][0000023236A1ACC0 49] iPadMini2, [000002323C7AF100][0000023236A1EE40 49] iPadMini3, [000002323D75AA00][0000023236A22FC0 49] iPadMini4, [000002323C7ACF00][0000023236A27140 49] iPadMini5, [000002323C788B00][0000023236A2F400 49] iPhone6, [000002323C788C00][0000023236A2B440 49] iPodTouch6, [000002323C802900][0000023236A37700 49] iPhone7, [000002323C800F00][0000023236A33740 49] iPodTouch7, [000002323D759200][0000023236A3B8C0 49] iPhone5S, [000002323C802C00][0000023236A3FA40 49] iPhone6Plus, [000002323D75BD00][0000023236A43BC0 49] iPhone6S, [000002323D758100][0000023236A461C0 49] iPhone6SPlus, [000002323C78BF00][0000023236A4A340 49] iPhone7Plus, [000002323D75A200][0000023236A4E4C0 49] iPhoneSE, [000002323C78A800][0000023236A52640 49] iPhone8, [000002323D75A500][000002322251C780 49] iPhone8Plus, [000002323C78B900][0000023236A568C0 49] iPhoneX, [000002323D75A400][0000023236A5AA00 49] iPhoneXS, [000002323C788E00][0000023236A5EB40 49] iPhoneXSMax, [000002323C801800][000002323D922CC0 49] iPhoneXR, [000002323C789600][000002323D926E40 49] iPhone11, [000002323C801A00][000002323D92AFC0 49] iPhone11Pro, [000002323C789800][000002323D92F140 49] iPhone11ProMax, [000002323C801100][000002323D9332C0 49] iPhoneSE2, [000002323C78BA00][000002323D937440 49] iPhone12Mini, [000002323C800B00][000002323D93B5C0 49] iPhone12, [000002323C789C00][000002323D93F740 49] iPhone12Pro, [000002323C801000][000002323D9438C0 49] iPhone12ProMax, [000002323C78B600][000002323D947A40 49] iPadPro105, [000002323C803800][000002323D94BBC0 49] iPadPro129, [000002323C788300][000002323D94E1C0 49] iPadPro97, [000002323C801400][000002323D952340 49] iPadPro2_129, [000002323C789300][000002323D9564C0 49] iPad5, [000002323C803A00][000002323D95A640 49] iPad6, [000002323C78BC00][000002323D95E7C0 49] iPad7, [000002323C803200][000002323D962940 49] iPad8, [000002323C78B200][000002323D91EA80 49] iPadPro11, [000002323C802F00][000002323D966BC0 49] iPadPro2_11, [000002323C78A200][000002323D96AD00 49] iPadPro3_129, [000002323C800700][000002323D972E80 49] iPadPro4_129, [000002323C789000][000002323D977000 49] AppleTV, [000002323C803100][000002323D97B180 49] AppleTV4K, [000002323C78A100][000002323D97F300 49] TVOS, [000002323C802100][000002323D983480 49] Mac, [000002323C78B500][000002323D987600 49] MacClient, [000002323C803B00][000002323D98B780 49] MacNoEditor, [000002323C788D00][000002323D98F900 49] MacServer, [000002323C802E00][000002323D993A80 49] Linux, [000002323C789F00][000002323D997C00 49] LinuxAArch64, [000002323C800A00][000002323D99A200 49] LinuxNoEditor, [000002323C78B000][000002323D99E380 49] LinuxAArch64NoEditor, [000002323C803300][000002323D9A2500 49] LinuxClient, [000002323C78A700][000002323D9A6680 49] LinuxAArch64Client, [000002323C801B00][000002323D9AA800 49] LinuxServer, [000002323C788400][000002323D9AE980 49] LinuxAArch64Server, [000002323C801C00][000002323D9B2B00 49] Android, [000002323C789400][000002323D96EC40 49] Android_Low, [000002323C801E00][000002323D9B6D80 49] Android_Mid, [000002323C78A900][000002323D9BAEC0 49] Android_High, [000002323C802000][000002323D9C3040 49] Android_Default, [000002323C78B100][000002323D9C71C0 49] Android_Adreno4xx, [000002323C802200][000002323D9CB340 49] Android_Adreno5xx_Low, [000002323C78BD00][000002323D9CF4C0 49] Android_Adreno5xx, [000002323C800200][000002323D9D3640 49] Android_Adreno6xx, [000002323C789700][000002323D9D77C0 49] Android_Adreno6xx_Vulkan, [000002323C802700][000002323D9DB940 49] Android_Mali_T6xx, [000002323D759700][000002323D9DFAC0 49] Android_Mali_T7xx, [000002323C7AF200][000002323D9E20C0 49] Android_Mali_T8xx, [000002323D75BE00][000002323D9E6240 49] Android_Mali_G71, [000002323C7AFD00][000002323D9EA3C0 49] Android_Mali_G72, [000002323D75BA00][000002323D9EE540 49] Android_Mali_G72_Vulkan, [000002323C7AFA00][000002323D9F26C0 49] Android_Mali_G76, [000002323D759B00][000002323D9F6840 49] Android_Mali_G76_Vulkan, [000002323C7AE400][000002323D9FA9C0 49] Android_Mali_G77, [000002323D75B600][000002323D9FEB40 49] Android_Mali_G77_Vulkan, [000002323C7AE100][000002323DA02CC0 49] Android_Mali_G78, [000002323D759000][000002323D9BEE00 49] Android_Mali_G78_Vulkan, [000002323C7AC500][000002323DA06F40 49] Android_Mali_G710, [000002323D759600][000002323DA0B080 49] Android_Mali_G710_Vulkan, [000002323C7AE600][000002323DA0F1C0 49] Android_Vulkan_SM5, [000002323D759A00][000002323DA17340 49] Android_PowerVR_G6xxx, [000002323C7AF000][000002323DA1B4C0 49] Android_PowerVR_GT7xxx, [000002323D75B300][000002323DA1F640 49] Android_PowerVR_GE8xxx, [000002323C7AD100][000002323DA237C0 49] Android_PowerVR_GM9xxx, [000002323D759F00][000002323DA27940 49] Android_PowerVR_GM9xxx_Vulkan, [000002323C7AD700][000002323DA2BAC0 49] Android_TegraK1, [000002323D75BB00][000002323DA2E0C0 49] Android_Unknown_Vulkan, [000002323C7ACD00][000002323DA32240 49] Lumin, [000002323D758600][000002323DA363C0 49] Lumin_Desktop, [000002323C78B300][000002323DA3A540 49] HoloLens, 
[2026.08.07-22.21.21:972][  0]LogMeshReduction: Using QuadricMeshReduction for automatic static mesh reduction
[2026.08.07-22.21.21:972][  0]LogMeshReduction: Using SimplygonMeshReduction for automatic skeletal mesh reduction
[2026.08.07-22.21.21:972][  0]LogMeshReduction: Using ProxyLODMeshReduction for automatic mesh merging
[2026.08.07-22.21.21:972][  0]LogMeshReduction: No distributed automatic mesh merging module available
[2026.08.07-22.21.21:972][  0]LogMeshMerging: No distributed automatic mesh merging module available
[2026.08.07-22.21.21:985][  0]LogNetVersion: HN2BaseProject_V3 1.0.0, NetCL: 17155196, EngineNetVer: 17, GameNetVer: 0 (Checksum: 31661360)
[2026.08.07-22.21.22:266][  0]LogTexture: Default maximum texture size for cubemaps generated from long-lat sources has been changed from 512 to unlimited. In order to preserve old behaiour for '/Engine/MapTemplates/Sky/DaylightAmbientCubemap.DaylightAmbientCubemap', its maximum texture size has been explicitly set to 512.
[2026.08.07-22.21.22:311][  0]LogHMD: PokeAHoleMaterial loaded successfully
[2026.08.07-22.21.22:315][  0]LogUObjectArray: 17178 objects as part of root set at end of initial load.
[2026.08.07-22.21.22:315][  0]LogUObjectAllocator: 4302048 out of 0 bytes used by permanent object pool.
[2026.08.07-22.21.22:315][  0]LogUObjectArray: CloseDisregardForGC: 0/0 objects in disregard for GC pool
[2026.08.07-22.21.22:529][  0]LogNiagaraDebuggerClient: Niagara Debugger Client Initialized | Session: B751E36948E6AFEB58C724AFC08813EE | Instance: C5FC173245792C61F2BEC993437CC5BC (JACKETS_PC-27584).
[2026.08.07-22.21.22:558][  0]LogPython: Using Python 3.7.7
[2026.08.07-22.21.23:095][  0]LogTcpMessaging: Initializing TcpMessaging bridge
[2026.08.07-22.21.23:109][  0]LogUdpMessaging: Initializing bridge on interface 0.0.0.0:0 to multicast group 230.0.0.1:6666.
[2026.08.07-22.21.23:361][  0]SourceControl: Source control is disabled
[2026.08.07-22.21.23:361][  0]SourceControl: Source control is disabled
[2026.08.07-22.21.23:370][  0]SourceControl: Source control is disabled
[2026.08.07-22.21.23:380][  0]SourceControl: Source control is disabled
[2026.08.07-22.21.23:382][  0]SourceControl: Source control is disabled
[2026.08.07-22.21.23:388][  0]LogUProjectInfo: Found projects:
[2026.08.07-22.21.23:519][  0]LogOpenImageDenoise: OIDN starting up
[2026.08.07-22.21.23:539][  0]LogAndroidPermission: UAndroidPermissionCallbackProxy::GetInstance
[2026.08.07-22.21.23:556][  0]LogAudioCaptureCore: Display: No Audio Capture implementations found. Audio input will be silent.
[2026.08.07-22.21.23:556][  0]LogAudioCaptureCore: Display: No Audio Capture implementations found. Audio input will be silent.
[2026.08.07-22.21.23:663][  0]LogCollectionManager: Loaded 0 collections in 0.000514 seconds
[2026.08.07-22.21.23:681][  0]LogFileCache: Scanning file cache for directory 'D:/Git/HN2BaseProject_V3/Saved/Collections/' took 0.00s
[2026.08.07-22.21.23:681][  0]LogFileCache: Scanning file cache for directory 'D:/Git/HN2BaseProject_V3/Content/Developers/jackm/Collections/' took 0.00s
[2026.08.07-22.21.23:681][  0]LogFileCache: Scanning file cache for directory 'D:/Git/HN2BaseProject_V3/Content/Collections/' took 0.00s
[2026.08.07-22.21.23:681][  0]LogOcInput: OculusInput pre-init called
[2026.08.07-22.21.23:870][  0]LogEngine: Initializing Engine...
[2026.08.07-22.21.24:660][  0]LogHMD: Failed to enumerate extensions. Please check that you have a valid OpenXR runtime installed.
[2026.08.07-22.21.24:814][  0]LogHMD: Failed to initialize OpenVR with code 102
[2026.08.07-22.21.24:887][  0]LogMagicLeap: Warning: VR disabled because ZI is not enabled.  To enable, in the editor, Edit -> Project Settings -> Plugins -> Magic Leap Plugin -> Enable Zero Iteration
[2026.08.07-22.21.25:008][  0]LogStats: UGameplayTagsManager::InitializeManager -  0.000 s
[2026.08.07-22.21.25:106][  0]LogInit: Initializing FReadOnlyCVARCache
[2026.08.07-22.21.25:114][  0]LogAIModule: Creating AISystem for world Untitled
[2026.08.07-22.21.25:119][  0]LogAudio: Display: Initializing Audio Device Manager...
[2026.08.07-22.21.25:121][  0]LogAudio: Display: Loading Default Audio Settings Objects...
[2026.08.07-22.21.25:122][  0]LogAudio: Display: No default SoundConcurrencyObject specified (or failed to load).
[2026.08.07-22.21.25:122][  0]LogAudio: Display: Audio Device Manager Initialized
[2026.08.07-22.21.25:122][  0]LogAudio: Display: Creating Audio Device:                 Id: 1, Scope: Shared, Realtime: True
[2026.08.07-22.21.25:122][  0]LogAudioMixer: Display: Audio Mixer Platform Settings:
[2026.08.07-22.21.25:122][  0]LogAudioMixer: Display: 	Sample Rate:						  48000
[2026.08.07-22.21.25:122][  0]LogAudioMixer: Display: 	Callback Buffer Frame Size Requested: 1024
[2026.08.07-22.21.25:122][  0]LogAudioMixer: Display: 	Callback Buffer Frame Size To Use:	  1024
[2026.08.07-22.21.25:122][  0]LogAudioMixer: Display: 	Number of buffers to queue:			  2
[2026.08.07-22.21.25:122][  0]LogAudioMixer: Display: 	Max Channels (voices):				  32
[2026.08.07-22.21.25:122][  0]LogAudioMixer: Display: 	Number of Async Source Workers:		  0
[2026.08.07-22.21.25:122][  0]LogAudio: Display: AudioDevice MaxSources: 32
[2026.08.07-22.21.25:122][  0]LogAudio: Display: Audio Spatialization Plugin: None (built-in).
[2026.08.07-22.21.25:122][  0]LogAudio: Display: Audio Reverb Plugin: None (built-in).
[2026.08.07-22.21.25:122][  0]LogAudio: Display: Audio Occlusion Plugin: None (built-in).
[2026.08.07-22.21.25:122][  0]LogAudioMixer: Display: Initializing audio mixer.
[2026.08.07-22.21.25:131][  0]LogAudioMixer: Display: 0: FrontLeft
[2026.08.07-22.21.25:131][  0]LogAudioMixer: Display: 1: FrontRight
[2026.08.07-22.21.25:148][  0]LogAudioMixer: Display: Using Audio Device LG FULL HD (NVIDIA High Definition Audio)
[2026.08.07-22.21.25:152][  0]LogAudioMixer: Display: Initializing Sound Submixes...
[2026.08.07-22.21.25:154][  0]LogAudioMixer: Display: Creating Master Submix 'MasterSubmixDefault'
[2026.08.07-22.21.25:154][  0]LogAudioMixer: Display: Creating Master Submix 'MasterReverbSubmixDefault'
[2026.08.07-22.21.25:155][  0]LogAudioMixer: Display: Creating Master Submix 'MasterEQSubmixDefault'
[2026.08.07-22.21.25:155][  0]LogAudioMixer: FMixerPlatformXAudio2::StartAudioStream() called
[2026.08.07-22.21.25:156][  0]LogAudioMixer: Display: Output buffers initialized: Frames=1024, Channels=2, Samples=2048
[2026.08.07-22.21.25:157][  0]LogAudioMixer: Display: Starting AudioMixerPlatformInterface::RunInternal()
[2026.08.07-22.21.25:157][  0]LogAudioMixer: Display: FMixerPlatformXAudio2::SubmitBuffer() called for the first time
[2026.08.07-22.21.25:157][  0]LogInit: FAudioDevice initialized.
[2026.08.07-22.21.25:173][  0]LogAudio: Display: Audio Device (ID: 1) registered with world 'Untitled'.
[2026.08.07-22.21.25:173][  0]LogNetVersion: Set ProjectVersion to 1.0.0.0. Version Checksum will be recalculated on next use.
[2026.08.07-22.21.25:230][  0]LogDerivedDataCache: Saved boot cache 0.06s 94MB C:/Users/jackm/AppData/Local/UnrealEngine/4.27/DerivedDataCache/Boot.ddc.
[2026.08.07-22.21.25:231][  0]LogInit: Texture streaming: Enabled
[2026.08.07-22.21.25:246][  0]LogAnalytics: Display: [UEEditor.Rocket.Release] APIServer = https://datarouter.ol.epicgames.com/. AppVersion = 4.27.2-18319896+++UE4+Release-4.27
[2026.08.07-22.21.25:251][  0]LogEngineSessionManager: EngineSessionManager initialized
[2026.08.07-22.21.25:252][  0]LogEditorSessionSummary: Verbose: Initializing EditorSessionSummaryWriter for editor session tracking
[2026.08.07-22.21.25:254][  0]LogEditorSessionSummary: EditorSessionSummaryWriter initialized
[2026.08.07-22.21.25:273][  0]LogInit: Transaction tracking system initialized
[2026.08.07-22.21.25:291][  0]BlueprintLog: New page: Editor Load
[2026.08.07-22.21.25:340][  0]LocalizationService: Localization service is disabled
[2026.08.07-22.21.25:360][  0]TimingProfiler: Initialize
[2026.08.07-22.21.25:360][  0]TimingProfiler: OnSessionChanged
[2026.08.07-22.21.25:360][  0]LoadingProfiler: Initialize
[2026.08.07-22.21.25:360][  0]LoadingProfiler: OnSessionChanged
[2026.08.07-22.21.25:360][  0]NetworkingProfiler: Initialize
[2026.08.07-22.21.25:360][  0]NetworkingProfiler: OnSessionChanged
[2026.08.07-22.21.25:360][  0]MemoryProfiler: Initialize
[2026.08.07-22.21.25:360][  0]MemoryProfiler: OnSessionChanged
[2026.08.07-22.21.26:231][  0]LogCook: Display: CookSettings for Memory: MemoryMaxUsedVirtual 0MiB, MemoryMaxUsedPhysical 16384MiB, MemoryMinFreeVirtual 0MiB, MemoryMinFreePhysical 1024MiB
[2026.08.07-22.21.26:231][  0]LogCook: Display: Mobile HDR setting 1
[2026.08.07-22.21.27:020][  0]LogInit: Display: Engine is initialized. Leaving FEngineLoop::Init()
[2026.08.07-22.21.27:024][  0]SourceControl: Source control is disabled
[2026.08.07-22.21.27:024][  0]LogUnrealEdMisc: Loading editor; pre map load, took 8.165
[2026.08.07-22.21.27:025][  0]Cmd: MAP LOAD FILE="../../../../../Git/HN2BaseProject_V3/Content/Main/Maps/LVL_Default.umap" TEMPLATE=0 SHOWPROGRESS=1 FEATURELEVEL=3
[2026.08.07-22.21.27:359][  0]LightingResults: New page: Lighting Build
[2026.08.07-22.21.27:360][  0]LogWorld: UWorld::CleanupWorld for Untitled, bSessionEnded=true, bCleanupResources=true
[2026.08.07-22.21.27:360][  0]LogSlate: InvalidateAllWidgets triggered.  All widgets were invalidated
[2026.08.07-22.21.27:360][  0]MapCheck: New page: Map Check
[2026.08.07-22.21.27:360][  0]LightingResults: New page: Lighting Build
[2026.08.07-22.21.27:549][  0]LogAudio: Display: Audio Device unregistered from world 'None'.
[2026.08.07-22.21.27:552][  0]LogUObjectHash: Compacting FUObjectHashTables data took   0.61ms
[2026.08.07-22.21.32:164][  0]LogFileCache: Scanning file cache for directory 'D:/Git/HN2BaseProject_V3/Content/' took 5.34s
[2026.08.07-22.22.06:083][  0]LogTexture: Display: Building textures: T_Cursors (OODLE_AutoDXT, 1024X1024)
[2026.08.07-22.22.06:083][  0]LogTexture: Display: Building textures: T_QuentinsWatch_N (OODLE_BC5, 512X512)
[2026.08.07-22.22.06:083][  0]LogTexture: Display: Building textures: T_QuentinsWatch_MRa (OODLE_AutoDXT, 512X512)
[2026.08.07-22.22.06:083][  0]LogTexture: Display: Building textures: T_QuentinsWatch_D (OODLE_AutoDXT, 512X512)
[2026.08.07-22.22.06:083][  0]LogTexture: Display: Building textures: T_Quentin_Hair_R (OODLE_AutoDXT, 1024X1024)
[2026.08.07-22.22.06:083][  0]LogTexture: Display: Building textures: T_Quentin_Hair_D (OODLE_AutoDXT, 2048X2048)
[2026.08.07-22.22.06:083][  0]LogTexture: Display: Building textures: T_Quentin_Hair_N (OODLE_BC5, 2048X2048)
[2026.08.07-22.22.06:083][  0]LogTexture: Display: Building textures: T_Box_01-04_MRS (OODLE_AutoDXT, 2048X2048)
[2026.08.07-22.22.06:083][  0]LogTexture: Display: Building textures: T_Box_01-04_D (OODLE_AutoDXT, 2048X2048)
[2026.08.07-22.22.06:083][  0]LogTexture: Display: Building textures: T_Box_01-04_N (OODLE_BC5, 2048X2048)
[2026.08.07-22.22.06:083][  0]LogTextureFormatOodle: Display: non-RDO encode 2048 x 2048 x 1 to format OODLE_BC5 (Oodle OodleTex_BC5U) lambda=0 effort=20 
[2026.08.07-22.22.06:083][  0]LogTextureFormatOodle: Display: non-RDO encode 2048 x 2048 x 1 to format OODLE_BC5 (Oodle OodleTex_BC5U) lambda=0 effort=20 
[2026.08.07-22.22.06:083][  0]LogTextureFormatOodle: Display: non-RDO encode 1024 x 1024 x 1 to format OODLE_AutoDXT (Oodle OodleTex_BC1_WithTransparency) lambda=0 effort=20 
[2026.08.07-22.22.06:083][  0]LogTextureFormatOodle: Display: non-RDO encode 2048 x 2048 x 1 to format OODLE_AutoDXT (Oodle OodleTex_BC3) lambda=0 effort=20 
[2026.08.07-22.22.06:083][  0]LogTextureFormatOodle: Display: non-RDO encode 1024 x 1024 x 1 to format OODLE_AutoDXT (Oodle OodleTex_BC3) lambda=0 effort=20 
[2026.08.07-22.22.06:083][  0]LogTextureFormatOodle: Display: non-RDO encode 2048 x 2048 x 1 to format OODLE_AutoDXT (Oodle OodleTex_BC1_WithTransparency) lambda=0 effort=20 
[2026.08.07-22.22.06:083][  0]LogTextureFormatOodle: Display: non-RDO encode 2048 x 2048 x 1 to format OODLE_AutoDXT (Oodle OodleTex_BC1_WithTransparency) lambda=0 effort=20 
[2026.08.07-22.22.06:083][  0]LogTextureFormatOodle: Display: non-RDO encode 1024 x 1024 x 1 to format OODLE_BC5 (Oodle OodleTex_BC5U) lambda=0 effort=20 
[2026.08.07-22.22.06:083][  0]LogTextureFormatOodle: Display: non-RDO encode 1024 x 1024 x 1 to format OODLE_AutoDXT (Oodle OodleTex_BC3) lambda=0 effort=20 
[2026.08.07-22.22.06:083][  0]LogTextureFormatOodle: Display: non-RDO encode 1024 x 1024 x 1 to format OODLE_BC5 (Oodle OodleTex_BC5U) lambda=0 effort=20 
[2026.08.07-22.22.06:083][  0]LogTextureFormatOodle: Display: non-RDO encode 1024 x 1024 x 1 to format OODLE_AutoDXT (Oodle OodleTex_BC1_WithTransparency) lambda=0 effort=20 
[2026.08.07-22.22.06:083][  0]LogTextureFormatOodle: Display: non-RDO encode 1024 x 1024 x 1 to format OODLE_AutoDXT (Oodle OodleTex_BC1_WithTransparency) lambda=0 effort=20 
[2026.08.07-22.22.06:083][  0]LogTexture: Display: Building textures: T_ClearMap_N (OODLE_BC5, 4X4)
[2026.08.07-22.22.06:083][  0]LogTexture: Display: Building textures: T_ClearMap_MRS (OODLE_AutoDXT, 128X128)
[2026.08.07-22.22.06:083][  0]LogTexture: Display: Building textures: T_ClearMap_M (OODLE_AutoDXT, 4X4)
[2026.08.07-22.22.06:083][  0]LogTexture: Display: Building textures: T_Quentin_Face_N (OODLE_BC5, 2048X2048)
[2026.08.07-22.22.06:083][  0]LogTextureFormatOodle: Display: non-RDO encode 1024 x 1024 x 1 to format OODLE_BC5 (Oodle OodleTex_BC5U) lambda=0 effort=20 
[2026.08.07-22.22.06:085][  0]LogTextureFormatOodle: Display: non-RDO encode 2048 x 2048 x 1 to format OODLE_BC5 (Oodle OodleTex_BC5U) lambda=0 effort=20 
[2026.08.07-22.22.06:085][  0]LogTexture: Display: Building textures: T_Quentin_EyesTeeth_D (OODLE_AutoDXT, 512X512)
[2026.08.07-22.22.06:085][  0]LogTexture: Display: Building textures: T_ClearMap_D (OODLE_AutoDXT, 128X128)
[2026.08.07-22.22.06:085][  0]LogTexture: Display: Building textures: T_Quentin_Face_D (OODLE_AutoDXT, 2048X2048)
[2026.08.07-22.22.06:085][  0]LogTextureFormatOodle: Display: non-RDO encode 2048 x 2048 x 1 to format OODLE_AutoDXT (Oodle OodleTex_BC1_WithTransparency) lambda=0 effort=20 
[2026.08.07-22.22.06:085][  0]LogTextureFormatOodle: Display: non-RDO encode 1024 x 1024 x 1 to format OODLE_AutoDXT (Oodle OodleTex_BC1_WithTransparency) lambda=0 effort=20 
[2026.08.07-22.22.06:085][  0]LogTexture: Display: Building textures: T_Quentin_Accessories_MRS (OODLE_AutoDXT, 4096X4096)
[2026.08.07-22.22.06:085][  0]LogTexture: Display: Building textures: T_Quentin_Accessories_N (OODLE_BC5, 4096X4096)
[2026.08.07-22.22.06:085][  0]LogTexture: Display: Building textures: T_Quentin_Accessories_D (OODLE_AutoDXT, 1024X1024)
[2026.08.07-22.22.06:085][  0]LogTextureFormatOodle: Display: non-RDO encode 1024 x 1024 x 1 to format OODLE_AutoDXT (Oodle OodleTex_BC3) lambda=0 effort=20 
[2026.08.07-22.22.06:085][  0]LogTextureFormatOodle: Display: non-RDO encode 4096 x 4096 x 1 to format OODLE_AutoDXT (Oodle OodleTex_BC1_WithTransparency) lambda=0 effort=20 
[2026.08.07-22.22.06:085][  0]LogTextureFormatOodle: Display: non-RDO encode 2048 x 2048 x 1 to format OODLE_AutoDXT (Oodle OodleTex_BC1_WithTransparency) lambda=0 effort=20 
[2026.08.07-22.22.06:085][  0]LogTextureFormatOodle: Display: non-RDO encode 1024 x 1024 x 1 to format OODLE_AutoDXT (Oodle OodleTex_BC1_WithTransparency) lambda=0 effort=20 
[2026.08.07-22.22.06:085][  0]LogTextureFormatOodle: Display: non-RDO encode 4096 x 4096 x 1 to format OODLE_BC5 (Oodle OodleTex_BC5U) lambda=0 effort=20 
[2026.08.07-22.22.06:085][  0]LogTextureFormatOodle: Display: non-RDO encode 2048 x 2048 x 1 to format OODLE_BC5 (Oodle OodleTex_BC5U) lambda=0 effort=20 
[2026.08.07-22.22.06:085][  0]LogTextureFormatOodle: Display: non-RDO encode 1024 x 1024 x 1 to format OODLE_BC5 (Oodle OodleTex_BC5U) lambda=0 effort=20 
[2026.08.07-22.22.06:085][  0]LogTexture: Display: Building textures: T_Quentin_Hends_MRS (OODLE_AutoDXT, 256X256)
[2026.08.07-22.22.06:085][  0]LogTexture: Display: Building textures: T_Quentin_Clothes_MRn (OODLE_AutoDXT, 256X256)
[2026.08.07-22.22.06:085][  0]LogTexture: Display: Building textures: T_Quentin_Hends_N (OODLE_BC5, 4096X4096)
[2026.08.07-22.22.06:085][  0]LogTexture: Display: Building textures: T_Quentin_Hends_D (OODLE_AutoDXT, 4096X4096)
[2026.08.07-22.22.06:085][  0]LogTextureFormatOodle: Display: non-RDO encode 1024 x 1024 x 1 to format OODLE_BC5 (Oodle OodleTex_BC5U) lambda=0 effort=20 
[2026.08.07-22.22.06:085][  0]LogTextureFormatOodle: Display: non-RDO encode 4096 x 4096 x 1 to format OODLE_BC5 (Oodle OodleTex_BC5U) lambda=0 effort=20 
[2026.08.07-22.22.06:085][  0]LogTextureFormatOodle: Display: non-RDO encode 2048 x 2048 x 1 to format OODLE_BC5 (Oodle OodleTex_BC5U) lambda=0 effort=20 
[2026.08.07-22.22.06:085][  0]LogTexture: Display: Building textures: T_Chair_MRS (OODLE_AutoDXT, 256X256)
[2026.08.07-22.22.06:085][  0]LogTexture: Display: Building textures: T_Chair_D (OODLE_AutoDXT, 512X512)
[2026.08.07-22.22.06:085][  0]LogTexture: Display: Building textures: T_Chair_N (OODLE_BC5, 512X512)
[2026.08.07-22.22.06:085][  0]LogTextureFormatOodle: Display: non-RDO encode 4096 x 4096 x 1 to format OODLE_AutoDXT (Oodle OodleTex_BC1_WithTransparency) lambda=0 effort=20 
[2026.08.07-22.22.06:085][  0]LogTexture: Display: Building textures: T_DoorNeighbor_01_MRS (OODLE_AutoDXT, 512X512)
[2026.08.07-22.22.06:085][  0]LogTexture: Display: Building textures: MI_CanColor_01_MRn (OODLE_AutoDXT, 256X256)
[2026.08.07-22.22.06:085][  0]LogTexture: Display: Building textures: T_DoorNeighbor_01_D (OODLE_AutoDXT, 1024X1024)
[2026.08.07-22.22.06:085][  0]LogTexture: Display: Building textures: T_DoorNeighbor_01_N (OODLE_BC5, 1024X1024)
[2026.08.07-22.22.06:085][  0]LogTextureFormatOodle: Display: non-RDO encode 1024 x 1024 x 1 to format OODLE_BC5 (Oodle OodleTex_BC5U) lambda=0 effort=20 
[2026.08.07-22.22.06:085][  0]LogTextureFormatOodle: Display: non-RDO encode 2048 x 2048 x 1 to format OODLE_AutoDXT (Oodle OodleTex_BC1_WithTransparency) lambda=0 effort=20 
[2026.08.07-22.22.06:085][  0]LogTextureFormatOodle: Display: non-RDO encode 1024 x 1024 x 1 to format OODLE_AutoDXT (Oodle OodleTex_BC1_WithTransparency) lambda=0 effort=20 
[2026.08.07-22.22.06:085][  0]LogTexture: Display: Building textures: MI_CanColor_01_D (OODLE_AutoDXT, 512X512)
[2026.08.07-22.22.06:085][  0]LogTextureFormatOodle: Display: non-RDO encode 1024 x 1024 x 1 to format OODLE_AutoDXT (Oodle OodleTex_BC1_WithTransparency) lambda=0 effort=20 
[2026.08.07-22.22.06:085][  0]LogTexture: Display: Building textures: T_Quentin_Clothes_D (OODLE_AutoDXT, 4096X4096)
[2026.08.07-22.22.06:085][  0]LogTexture: Display: Building textures: T_Hammer_01_MRS (OODLE_AutoDXT, 128X128)
[2026.08.07-22.22.06:085][  0]LogTextureFormatOodle: Display: non-RDO encode 4096 x 4096 x 1 to format OODLE_AutoDXT (Oodle OodleTex_BC1_WithTransparency) lambda=0 effort=20 
[2026.08.07-22.22.06:085][  0]LogTexture: Display: Building textures: T_Hammer_01_D (OODLE_AutoDXT, 512X512)
[2026.08.07-22.22.06:085][  0]LogTexture: Display: Building textures: T_Flashlight_N (OODLE_BC5, 512X512)
[2026.08.07-22.22.06:085][  0]LogTexture: Display: Building textures: T_Flashlight_MRS (OODLE_AutoDXT, 512X512)
[2026.08.07-22.22.06:085][  0]LogTexture: Display: Building textures: T_Hammer_01_N (OODLE_BC5, 256X256)
[2026.08.07-22.22.06:085][  0]LogTexture: Display: Building textures: MI_CanColor_01_N (OODLE_BC5, 512X512)
[2026.08.07-22.22.06:085][  0]LogTexture: Display: Building textures: T_Quentin_Clothes_N (OODLE_BC5, 4096X4096)
[2026.08.07-22.22.06:085][  0]LogTexture: Display: Building textures: T_Flashlight_00_M (OODLE_AutoDXT, 256X256)
[2026.08.07-22.22.06:085][  0]LogTexture: Display: Building textures: T_Crowbar_01_MRS (OODLE_AutoDXT, 256X256)
[2026.08.07-22.22.06:085][  0]LogTexture: Display: Building textures: T_Crowbar_01_D (OODLE_AutoDXT, 512X512)
[2026.08.07-22.22.06:085][  0]LogTexture: Display: Building textures: T_Crowbar_01_N (OODLE_BC5, 512X512)
[2026.08.07-22.22.06:085][  0]LogTexture: Display: Building textures: T_QuentinOffice_04_N (OODLE_BC5, 512X512)
[2026.08.07-22.22.06:085][  0]LogTexture: Display: Building textures: T_QuentinOffice_Sign_MRS (OODLE_AutoDXT, 1024X1024)
[2026.08.07-22.22.06:085][  0]LogTexture: Display: Building textures: T_QuentinOffice_Sign_N (OODLE_BC5, 1024X1024)
[2026.08.07-22.22.06:085][  0]LogTexture: Display: Building textures: T_QuentinOffice_04_MRS (OODLE_AutoDXT, 512X512)
[2026.08.07-22.22.06:085][  0]LogTexture: Display: Building textures: T_Flashlight_D (OODLE_AutoDXT, 1024X1024)
[2026.08.07-22.22.06:085][  0]LogTextureFormatOodle: Display: non-RDO encode 1024 x 1024 x 1 to format OODLE_AutoDXT (Oodle OodleTex_BC1_WithTransparency) lambda=0 effort=20 
[2026.08.07-22.22.06:085][  0]LogTexture: Display: Building textures: T_QuentinOffice_Sign_D (OODLE_AutoDXT, 2048X2048)
[2026.08.07-22.22.06:085][  0]LogTexture: Display: Building textures: T_QuentinOffice_03_N (OODLE_BC5, 2048X2048)
[2026.08.07-22.22.06:085][  0]LogTexture: Display: Building textures: T_QuentinOffice_03_MRS (OODLE_AutoDXT, 1024X1024)
[2026.08.07-22.22.06:085][  0]LogTexture: Display: Building textures: T_QuentinOffice_04_D (OODLE_AutoDXT, 2048X2048)
[2026.08.07-22.22.06:085][  0]LogTextureFormatOodle: Display: non-RDO encode 4096 x 4096 x 1 to format OODLE_BC5 (Oodle OodleTex_BC5U) lambda=0 effort=20 
[2026.08.07-22.22.06:085][  0]LogTextureFormatOodle: Display: non-RDO encode 2048 x 2048 x 1 to format OODLE_BC5 (Oodle OodleTex_BC5U) lambda=0 effort=20 
[2026.08.07-22.22.06:085][  0]LogTextureFormatOodle: Display: non-RDO encode 2048 x 2048 x 1 to format OODLE_AutoDXT (Oodle OodleTex_BC1_WithTransparency) lambda=0 effort=20 
[2026.08.07-22.22.06:085][  0]LogTextureFormatOodle: Display: non-RDO encode 1024 x 1024 x 1 to format OODLE_BC5 (Oodle OodleTex_BC5U) lambda=0 effort=20 
[2026.08.07-22.22.06:085][  0]LogTextureFormatOodle: Display: non-RDO encode 1024 x 1024 x 1 to format OODLE_AutoDXT (Oodle OodleTex_BC1_WithTransparency) lambda=0 effort=20 
[2026.08.07-22.22.06:085][  0]LogTextureFormatOodle: Display: non-RDO encode 2048 x 2048 x 1 to format OODLE_AutoDXT (Oodle OodleTex_BC1_WithTransparency) lambda=0 effort=20 
[2026.08.07-22.22.06:085][  0]LogTextureFormatOodle: Display: non-RDO encode 2048 x 2048 x 1 to format OODLE_AutoDXT (Oodle OodleTex_BC1_WithTransparency) lambda=0 effort=20 
[2026.08.07-22.22.06:085][  0]LogTextureFormatOodle: Display: non-RDO encode 1024 x 1024 x 1 to format OODLE_BC5 (Oodle OodleTex_BC5U) lambda=0 effort=20 
[2026.08.07-22.22.06:085][  0]LogTextureFormatOodle: Display: non-RDO encode 1024 x 1024 x 1 to format OODLE_AutoDXT (Oodle OodleTex_BC1_WithTransparency) lambda=0 effort=20 
[2026.08.07-22.22.06:085][  0]LogTextureFormatOodle: Display: non-RDO encode 1024 x 1024 x 1 to format OODLE_AutoDXT (Oodle OodleTex_BC1_WithTransparency) lambda=0 effort=20 
[2026.08.07-22.22.06:085][  0]LogTextureFormatOodle: Display: non-RDO encode 1024 x 1024 x 1 to format OODLE_AutoDXT (Oodle OodleTex_BC1_WithTransparency) lambda=0 effort=20 
[2026.08.07-22.22.06:085][  0]LogTextureFormatOodle: Display: non-RDO encode 2048 x 2048 x 1 to format OODLE_BC5 (Oodle OodleTex_BC5U) lambda=0 effort=20 
[2026.08.07-22.22.06:085][  0]LogTextureFormatOodle: Display: non-RDO encode 1024 x 1024 x 1 to format OODLE_AutoDXT (Oodle OodleTex_BC1_WithTransparency) lambda=0 effort=20 
[2026.08.07-22.22.06:085][  0]LogTextureFormatOodle: Display: non-RDO encode 1024 x 1024 x 1 to format OODLE_BC5 (Oodle OodleTex_BC5U) lambda=0 effort=20 
[2026.08.07-22.22.06:086][  0]LogTexture: Display: Building textures: T_WoodSolid_02_MRS (OODLE_AutoDXT, 256X256)
[2026.08.07-22.22.06:086][  0]LogTexture: Display: Building textures: T_MetalSolid_06_MRS (OODLE_AutoDXT, 256X256)
[2026.08.07-22.22.06:086][  0]LogTexture: Display: Building textures: T_MetalSolid_06_N (OODLE_BC5, 512X512)
[2026.08.07-22.22.06:086][  0]LogTexture: Display: Building textures: T_QuentinOffice_03_D (OODLE_AutoDXT, 2048X2048)
[2026.08.07-22.22.06:086][  0]LogTexture: Display: Building textures: T_QuentinOffice_02_N (OODLE_BC5, 1024X1024)
[2026.08.07-22.22.06:086][  0]LogTextureFormatOodle: Display: non-RDO encode 1024 x 1024 x 1 to format OODLE_BC5 (Oodle OodleTex_BC5U) lambda=0 effort=20 
[2026.08.07-22.22.06:086][  0]LogTextureFormatOodle: Display: non-RDO encode 2048 x 2048 x 1 to format OODLE_AutoDXT (Oodle OodleTex_BC1_WithTransparency) lambda=0 effort=20 
[2026.08.07-22.22.06:086][  0]LogTexture: Display: Building textures: T_MetalSolid_06_D (OODLE_AutoDXT, 1024X1024)
[2026.08.07-22.22.06:086][  0]LogTexture: Display: Building textures: T_QuentinOffice_02_MRS (OODLE_AutoDXT, 512X512)
[2026.08.07-22.22.06:086][  0]LogTextureFormatOodle: Display: non-RDO encode 1024 x 1024 x 1 to format OODLE_AutoDXT (Oodle OodleTex_BC1_WithTransparency) lambda=0 effort=20 
[2026.08.07-22.22.06:086][  0]LogTexture: Display: Building textures: T_Concrete_02_D (OODLE_AutoDXT, 1024X1024)
[2026.08.07-22.22.06:086][  0]LogTexture: Display: Building textures: T_Concrete_02_N (OODLE_BC5, 1024X1024)
[2026.08.07-22.22.06:086][  0]LogTexture: Display: Building textures: T_WoodPainted_Normal (OODLE_BC5, 1024X1024)
[2026.08.07-22.22.06:086][  0]LogTexture: Display: Building textures: T_Concrete_02_MRS (OODLE_AutoDXT, 1024X1024)
[2026.08.07-22.22.06:086][  0]LogTexture: Display: Building textures: T_WoodSolid_02_N (OODLE_BC5, 512X512)
[2026.08.07-22.22.06:086][  0]LogTexture: Display: Building textures: T_WoodSolid_02_D (OODLE_AutoDXT, 1024X1024)
[2026.08.07-22.22.06:086][  0]LogTexture: Display: Building textures: T_QuentinOffice_02_D (OODLE_AutoDXT, 2048X2048)
[2026.08.07-22.22.06:086][  0]LogTextureFormatOodle: Display: non-RDO encode 1024 x 1024 x 1 to format OODLE_BC5 (Oodle OodleTex_BC5U) lambda=0 effort=20 
[2026.08.07-22.22.06:086][  0]LogTextureFormatOodle: Display: non-RDO encode 1024 x 1024 x 1 to format OODLE_AutoDXT (Oodle OodleTex_BC1_WithTransparency) lambda=0 effort=20 
[2026.08.07-22.22.06:086][  0]LogTextureFormatOodle: Display: non-RDO encode 1024 x 1024 x 1 to format OODLE_BC5 (Oodle OodleTex_BC5U) lambda=0 effort=20 
[2026.08.07-22.22.06:086][  0]LogTextureFormatOodle: Display: non-RDO encode 1024 x 1024 x 1 to format OODLE_AutoDXT (Oodle OodleTex_BC1_WithTransparency) lambda=0 effort=20 
[2026.08.07-22.22.07:131][  0]LogTextureFormatOodle: Display: non-RDO encode 1024 x 1024 x 1 to format OODLE_AutoDXT (Oodle OodleTex_BC1_WithTransparency) lambda=0 effort=20 
[2026.08.07-22.22.07:131][  0]LogTextureFormatOodle: Display: non-RDO encode 1024 x 1024 x 1 to format OODLE_AutoDXT (Oodle OodleTex_BC1_WithTransparency) lambda=0 effort=20 
[2026.08.07-22.22.07:131][  0]LogTexture: Display: Building textures: T_WoodPainted_MRS (OODLE_AutoDXT, 1024X1024)
[2026.08.07-22.22.07:131][  0]LogTextureFormatOodle: Display: non-RDO encode 2048 x 2048 x 1 to format OODLE_AutoDXT (Oodle OodleTex_BC1_WithTransparency) lambda=0 effort=20 
[2026.08.07-22.22.07:131][  0]LogTextureFormatOodle: Display: non-RDO encode 1024 x 1024 x 1 to format OODLE_AutoDXT (Oodle OodleTex_BC1_WithTransparency) lambda=0 effort=20 
[2026.08.07-22.22.07:131][  0]LogTextureFormatOodle: Display: non-RDO encode 1024 x 1024 x 1 to format OODLE_AutoDXT (Oodle OodleTex_BC1_WithTransparency) lambda=0 effort=20 
[2026.08.07-22.22.07:131][  0]LogTexture: Display: Building textures: T_QuentinOfficeStucco_N (OODLE_BC5, 1024X1024)
[2026.08.07-22.22.07:131][  0]LogTextureFormatOodle: Display: non-RDO encode 1024 x 1024 x 1 to format OODLE_BC5 (Oodle OodleTex_BC5U) lambda=0 effort=20 
[2026.08.07-22.22.07:131][  0]LogTexture: Display: Building textures: T_QuentinOfficeStucco_MRS (OODLE_AutoDXT, 1024X1024)
[2026.08.07-22.22.07:131][  0]LogTexture: Display: Building textures: T_QuentinOfficeStucco_D (OODLE_AutoDXT, 2048X2048)
[2026.08.07-22.22.07:131][  0]LogTexture: Display: Building textures: T_WoodPainted_D (OODLE_AutoDXT, 1024X1024)
[2026.08.07-22.22.07:131][  0]LogTexture: Display: Building textures: T_Brick_03_N (OODLE_BC5, 1024X1024)
[2026.08.07-22.22.07:131][  0]LogTextureFormatOodle: Display: non-RDO encode 1024 x 1024 x 1 to format OODLE_AutoDXT (Oodle OodleTex_BC1_WithTransparency) lambda=0 effort=20 
[2026.08.07-22.22.07:132][  0]LogTextureFormatOodle: Display: non-RDO encode 2048 x 2048 x 1 to format OODLE_AutoDXT (Oodle OodleTex_BC1_WithTransparency) lambda=0 effort=20 
[2026.08.07-22.22.07:132][  0]LogTexture: Display: Building textures: T_Wallpaper_00_N (OODLE_BC5, 512X512)
[2026.08.07-22.22.07:132][  0]LogAnimationCompression: Building Anim DDC data for AnimSequence /Game/Main/Characters/Quentin/Animations/SK_Quentin_Body_Anim_Armature_A_Quentin_Jump_Start.SK_Quentin_Body_Anim_Armature_A_Quentin_Jump_Start
[2026.08.07-22.22.07:132][  0]LogAnimationCompression: Building Anim DDC data for AnimSequence /Game/Main/Characters/Quentin/Animations/SK_Quentin_Body_Anim_Armature_A_Quentin_Jump_End.SK_Quentin_Body_Anim_Armature_A_Quentin_Jump_End
[2026.08.07-22.22.07:132][  0]LogTexture: Display: Building textures: T_WoodTile_21_D (OODLE_AutoDXT, 2048X2048)
[2026.08.07-22.22.07:132][  0]LogTexture: Display: Building textures: T_WoodTile_21_MRS (OODLE_AutoDXT, 1024X1024)
[2026.08.07-22.22.07:547][  0]LogTextureFormatOodle: Display: non-RDO encode 1024 x 1024 x 1 to format OODLE_AutoDXT (Oodle OodleTex_BC1_WithTransparency) lambda=0 effort=20 
[2026.08.07-22.22.07:547][  0]LogTextureFormatOodle: Display: non-RDO encode 1024 x 1024 x 1 to format OODLE_BC5 (Oodle OodleTex_BC5U) lambda=0 effort=20 
[2026.08.07-22.22.07:547][  0]LogTexture: Display: Building textures: T_Wallpaper_00_MRS (OODLE_AutoDXT, 256X256)
[2026.08.07-22.22.07:547][  0]LogTextureFormatOodle: Display: non-RDO encode 1024 x 1024 x 1 to format OODLE_AutoDXT (Oodle OodleTex_BC1_WithTransparency) lambda=0 effort=20 
[2026.08.07-22.22.07:547][  0]LogTexture: Display: Building textures: T_Brick_03_MRS (OODLE_AutoDXT, 256X256)
[2026.08.07-22.22.07:547][  0]LogTextureFormatOodle: Display: non-RDO encode 1024 x 1024 x 1 to format OODLE_AutoDXT (Oodle OodleTex_BC1_WithTransparency) lambda=0 effort=20 
[2026.08.07-22.22.07:547][  0]LogTextureFormatOodle: Display: non-RDO encode 2048 x 2048 x 1 to format OODLE_AutoDXT (Oodle OodleTex_BC1_WithTransparency) lambda=0 effort=20 
[2026.08.07-22.22.07:547][  0]LogTexture: Display: Building textures: T_Bakery_Wallpaper_01_D (OODLE_AutoDXT, 2048X2048)
[2026.08.07-22.22.07:547][  0]LogTextureFormatOodle: Display: non-RDO encode 1024 x 1024 x 1 to format OODLE_AutoDXT (Oodle OodleTex_BC1_WithTransparency) lambda=0 effort=20 
[2026.08.07-22.22.07:547][  0]LogTextureFormatOodle: Display: non-RDO encode 2048 x 2048 x 1 to format OODLE_AutoDXT (Oodle OodleTex_BC1_WithTransparency) lambda=0 effort=20 
[2026.08.07-22.22.07:547][  0]LogTexture: Display: Building textures: T_Concrete_01_N (OODLE_BC5, 512X512)
[2026.08.07-22.22.07:547][  0]LogAudioDerivedData: Display: Building compressed audio format OGG hash OGG10000-1-1-1-1-1 wave equipment_crouch_2...
[2026.08.07-22.22.07:557][  0]LogAudioDerivedData: Display: Compression Quality for SoundWave /Game/Main/Sounds/HN2SoundBank/equipment_crouch_2.equipment_crouch_2 will be modified from 40 to 40.
[2026.08.07-22.22.08:368][  0]LogTexture: Display: Building textures: T_Concrete_01_MRS (OODLE_AutoDXT, 256X256)
[2026.08.07-22.22.08:368][  0]LogTexture: Display: Building textures: T_WoodTile_21_N (OODLE_BC5, 1024X1024)
[2026.08.07-22.22.08:368][  0]LogTexture: Display: Building textures: T_Brick_03_D (OODLE_AutoDXT, 2048X2048)
[2026.08.07-22.22.08:368][  0]LogTextureFormatOodle: Display: non-RDO encode 1024 x 1024 x 1 to format OODLE_AutoDXT (Oodle OodleTex_BC1_WithTransparency) lambda=0 effort=20 
[2026.08.07-22.22.08:368][  0]LogTexture: Display: Building textures: T_Concrete_01_D (OODLE_AutoDXT, 1024X1024)
[2026.08.07-22.22.08:368][  0]LogTextureFormatOodle: Display: non-RDO encode 1024 x 1024 x 1 to format OODLE_BC5 (Oodle OodleTex_BC5U) lambda=0 effort=20 
[2026.08.07-22.22.08:368][  0]LogTextureFormatOodle: Display: non-RDO encode 2048 x 2048 x 1 to format OODLE_AutoDXT (Oodle OodleTex_BC1_WithTransparency) lambda=0 effort=20 
[2026.08.07-22.22.08:368][  0]LogTexture: Display: Building textures: T_RoofMetal_02_MRS (OODLE_AutoDXT, 256X256)
[2026.08.07-22.22.08:368][  0]LogTexture: Display: Building textures: T_RoofMetal_02_N (OODLE_BC5, 512X512)
[2026.08.07-22.22.08:368][  0]LogTexture: Display: Building textures: T_MetalSolid_03_D (OODLE_AutoDXT, 1024X1024)
[2026.08.07-22.22.08:368][  0]LogTextureFormatOodle: Display: non-RDO encode 1024 x 1024 x 1 to format OODLE_AutoDXT (Oodle OodleTex_BC1_WithTransparency) lambda=0 effort=20 
[2026.08.07-22.22.08:368][  0]LogTexture: Display: Building textures: T_Mall_WoodSolid_01_N (OODLE_BC5, 512X512)
[2026.08.07-22.22.08:368][  0]LogTextureFormatOodle: Display: non-RDO encode 1024 x 1024 x 1 to format OODLE_AutoDXT (Oodle OodleTex_BC1_WithTransparency) lambda=0 effort=20 
[2026.08.07-22.22.08:368][  0]LogTextureFormatOodle: Display: non-RDO encode 1024 x 1024 x 1 to format OODLE_AutoDXT (Oodle OodleTex_BC1_WithTransparency) lambda=0 effort=20 
[2026.08.07-22.22.08:368][  0]LogTexture: Display: Building textures: T_Mall_WoodSolid_01_MRS (OODLE_AutoDXT, 512X512)
[2026.08.07-22.22.08:368][  0]LogTexture: Display: Building textures: T_Mall_WoodSolid_01_D (OODLE_AutoDXT, 512X512)
[2026.08.07-22.22.08:368][  0]LogTexture: Display: Building textures: T_BakeryStucco_N (OODLE_BC5, 512X512)
[2026.08.07-22.22.08:368][  0]LogTexture: Display: Building textures: IDMask_4 (OODLE_AutoDXT, 1024X1024)
[2026.08.07-22.22.08:368][  0]LogTexture: Display: Building textures: T_BakeryStucco_MRS (OODLE_AutoDXT, 512X512)
[2026.08.07-22.22.08:368][  0]LogTextureFormatOodle: Display: non-RDO encode 1024 x 1024 x 1 to format OODLE_AutoDXT (Oodle OodleTex_BC3) lambda=0 effort=20 
[2026.08.07-22.22.08:368][  0]LogTexture: Display: Building textures: HQ_Lightmap0_1 (OODLE_AutoDXT, 256X256)
[2026.08.07-22.22.08:368][  0]LogTexture: Display: Building textures: HQ_Lightmap0_2 (OODLE_AutoDXT, 64X64)
[2026.08.07-22.22.08:368][  0]LogTexture: Display: Building textures: T_RoofMetal_02_D (OODLE_AutoDXT, 2048X2048)
[2026.08.07-22.22.08:368][  0]LogTexture: Display: Building textures: LQ_Lightmap_0_2 (OODLE_DXT1, 64X64)
[2026.08.07-22.22.08:368][  0]LogTexture: Display: Building textures: LQ_Lightmap_0_1 (OODLE_DXT1, 256X256)
[2026.08.07-22.22.08:368][  0]LogTexture: Display: Building textures: ShadowMapTexture2D_4 (G8, 256X128)
[2026.08.07-22.22.08:368][  0]LogTexture: Display: Building textures: ShadowMapTexture2D_5 (G8, 32X32)
[2026.08.07-22.22.08:368][  0]LogTextureFormatOodle: Display: non-RDO encode 2048 x 2048 x 1 to format OODLE_AutoDXT (Oodle OodleTex_BC1_WithTransparency) lambda=0 effort=20 
[2026.08.07-22.22.08:368][  0]LogTextureFormatOodle: Display: non-RDO encode 1024 x 1024 x 1 to format OODLE_AutoDXT (Oodle OodleTex_BC1_WithTransparency) lambda=0 effort=20 
[2026.08.07-22.22.08:368][  0]LogTexture: Display: Building textures: T_Wall_01_N (OODLE_BC5, 1024X1024)
[2026.08.07-22.22.08:368][  0]LogTexture: Display: Building textures: T_BakeryStucco_D (OODLE_AutoDXT, 2048X2048)
[2026.08.07-22.22.08:368][  0]LogTexture: Display: Building textures: T_Wall_01_MRS (OODLE_AutoDXT, 2048X2048)
[2026.08.07-22.22.08:368][  0]LogTexture: Display: Building textures: T_Wall_02_D (OODLE_AutoDXT, 2048X2048)
[2026.08.07-22.22.08:368][  0]LogAudioDerivedData: Display: Updated SoundWave->RawPCMDataSize from 0 to 193096 while cooking SoundWave /Game/Main/Sounds/HN2SoundBank/equipment_crouch_2.equipment_crouch_2.
[2026.08.07-22.22.08:592][  0]LogTextureFormatOodle: Display: non-RDO encode 1024 x 1024 x 1 to format OODLE_BC5 (Oodle OodleTex_BC5U) lambda=0 effort=20 
[2026.08.07-22.22.08:594][  0]LogTextureFormatOodle: Display: non-RDO encode 2048 x 2048 x 1 to format OODLE_AutoDXT (Oodle OodleTex_BC1_WithTransparency) lambda=0 effort=20 
[2026.08.07-22.22.08:594][  0]LogTextureFormatOodle: Display: non-RDO encode 2048 x 2048 x 1 to format OODLE_AutoDXT (Oodle OodleTex_BC1_WithTransparency) lambda=0 effort=20 
[2026.08.07-22.22.08:594][  0]LogTextureFormatOodle: Display: non-RDO encode 1024 x 1024 x 1 to format OODLE_AutoDXT (Oodle OodleTex_BC1_WithTransparency) lambda=0 effort=20 
[2026.08.07-22.22.08:594][  0]LogMaterial: Display: Missing cached shadermap for Base_MRS in PCD3D_SM5, Default, SM5 (DDC key hash: C14C85EAF9BD9CC72C2098C2E49908934D845FE9), compiling. 
[2026.08.07-22.22.11:791][  0]LogTextureFormatOodle: Display: non-RDO encode 2048 x 2048 x 1 to format OODLE_AutoDXT (Oodle OodleTex_BC1_WithTransparency) lambda=0 effort=20 
[2026.08.07-22.22.11:791][  0]LogTextureFormatOodle: Display: non-RDO encode 1024 x 1024 x 1 to format OODLE_AutoDXT (Oodle OodleTex_BC1_WithTransparency) lambda=0 effort=20 
[2026.08.07-22.22.11:791][  0]LogTextureFormatOodle: Display: non-RDO encode 1024 x 1024 x 1 to format OODLE_AutoDXT (Oodle OodleTex_BC1_WithTransparency) lambda=0 effort=20 
[2026.08.07-22.22.11:791][  0]LogShaderCompilers: Display: Submitted 175 shader compile jobs with 'Low' priority
[2026.08.07-22.22.13:101][  0]LogShaderCompilers: Display: Worker (1/9): shaders left to compile 175
[2026.08.07-22.22.13:101][  0]LogShaderCompilers: Display: Worker (2/9): shaders left to compile 165
[2026.08.07-22.22.13:101][  0]LogShaderCompilers: Display: Worker (3/9): shaders left to compile 155
[2026.08.07-22.22.13:101][  0]LogShaderCompilers: Display: Worker (4/9): shaders left to compile 145
[2026.08.07-22.22.13:101][  0]LogShaderCompilers: Display: Worker (5/9): shaders left to compile 135
[2026.08.07-22.22.13:101][  0]LogShaderCompilers: Display: Worker (6/9): shaders left to compile 125
[2026.08.07-22.22.13:101][  0]LogShaderCompilers: Display: Worker (7/9): shaders left to compile 115
[2026.08.07-22.22.13:101][  0]LogShaderCompilers: Display: Worker (8/9): shaders left to compile 105
[2026.08.07-22.22.13:101][  0]LogShaderCompilers: Display: Worker (9/9): shaders left to compile 95
[2026.08.07-22.22.13:101][  0]LogShaderCompilers: Display: Started 90 'Local' shader compile jobs with 'Low' priority
[2026.08.07-22.22.13:101][  0]LogStaticMesh: Building static mesh SM_QuentinsWatch...
[2026.08.07-22.22.14:619][  0]LogStaticMesh: Built static mesh [1.53s] /Game/Main/Objects/Skeletal/Watch/SM_QuentinsWatch.SM_QuentinsWatch
[2026.08.07-22.22.14:800][  0]LogStaticMesh: Building static mesh O_SM_Box_01_LOD0_mo...
[2026.08.07-22.22.15:296][  0]LogStaticMesh: Built static mesh [0.50s] /Game/Main/Objects/Items/Meshes/O_SM_Box_01_LOD0_mo.O_SM_Box_01_LOD0_mo
[2026.08.07-22.22.15:445][  0]LogMaterial: Display: Missing cached shadermap for Base_Translucent in PCD3D_SM5, Default, SM5 (DDC key hash: 7E3EF62E9F992C47D9082B1B593CC79C4C686D56), compiling. 
[2026.08.07-22.22.15:649][  0]LogShaderCompilers: Display: Submitted 190 shader compile jobs with 'Low' priority
[2026.08.07-22.22.15:651][  0]LogMaterial: Display: Missing cached shadermap for MI_Quentin_Hair in PCD3D_SM5, Default, SM5 (DDC key hash: 27395FAC929639FAA11B31C4BE20CDDFE5F0846D), compiling. 
[2026.08.07-22.22.15:744][  0]LogShaderCompilers: Display: Submitted 175 shader compile jobs with 'Low' priority
[2026.08.07-22.22.16:893][  0]LogSkeletalMesh: Building Skeletal Mesh SK_Quentin_Gameplay_Head...
[2026.08.07-22.22.17:984][  0]LogSkeletalMesh: Section 0: Material=0, 3960 triangles
[2026.08.07-22.22.17:984][  0]LogSkeletalMesh: Section 1: Material=1, 448 triangles
[2026.08.07-22.22.17:984][  0]LogSkeletalMesh: Section 2: Material=2, 4112 triangles
[2026.08.07-22.22.17:984][  0]LogSkeletalMesh: Section 3: Material=3, 5564 triangles
[2026.08.07-22.22.17:985][  0]LogSkeletalMesh: Section 4: Material=4, 15955 triangles
[2026.08.07-22.22.18:169][  0]LogSkeletalMesh: Built Skeletal Mesh [1.34s] /Game/Main/Characters/Quentin/Mesh/SK_Quentin_Gameplay_Head.SK_Quentin_Gameplay_Head
[2026.08.07-22.22.18:170][  0]LogStaticMesh: Building static mesh SM_SM_DoorNeighbor_Base_01_LOD0_mo...
[2026.08.07-22.22.18:292][  0]LogStaticMesh: Built static mesh [0.12s] /Game/Main/Objects/LocationProps/NeighborHouse/Meshes/SM_SM_DoorNeighbor_Base_01_LOD0_mo.SM_SM_DoorNeighbor_Base_01_LOD0_mo
[2026.08.07-22.22.18:325][  0]LogAnimationCompression: Building Anim DDC data for AnimSequence /Game/Main/Characters/Quentin/Animations/Holding/SK_Quentin_Body_Armature_A_Quentin_Holding_1H_Crowbar.SK_Quentin_Body_Armature_A_Quentin_Holding_1H_Crowbar
[2026.08.07-22.22.18:325][  0]LogAnimationCompression: Building Anim DDC data for AnimSequence /Game/Main/Characters/Quentin/Animations/Holding/SK_Quentin_Body_Armature_A_Quentin_Holding_1H_Crowbar_Crouch.SK_Quentin_Body_Armature_A_Quentin_Holding_1H_Crowbar_Crouch
[2026.08.07-22.22.18:325][  0]LogAnimationCompression: Building Anim DDC data for AnimSequence /Game/Main/Characters/Quentin/Animations/Holding/SK_Quentin_Body_Armature_A_Quentin_Holding_1H_Flashlight.SK_Quentin_Body_Armature_A_Quentin_Holding_1H_Flashlight
[2026.08.07-22.22.18:325][  0]LogAnimationCompression: Building Anim DDC data for AnimSequence /Game/Main/Characters/Quentin/Animations/SK_Quentin_Body_Anim_Armature_A_Quentin_Walk_400_Right.SK_Quentin_Body_Anim_Armature_A_Quentin_Walk_400_Right
[2026.08.07-22.22.18:325][  0]LogAnimationCompression: Building Anim DDC data for AnimSequence /Game/Main/Characters/Quentin/Animations/Holding/SK_Quentin_Body_Armature_A_Quentin_Holding_1H_Hammer.SK_Quentin_Body_Armature_A_Quentin_Holding_1H_Hammer
[2026.08.07-22.22.18:325][  0]LogAnimationCompression: Building Anim DDC data for AnimSequence /Game/Main/Characters/Quentin/Animations/Holding/SK_Quentin_Body_Armature_A_Quentin_Holding_1H_Flashlight_Crouch.SK_Quentin_Body_Armature_A_Quentin_Holding_1H_Flashlight_Crouch
[2026.08.07-22.22.18:327][  0]LogAnimationCompression: Building Anim DDC data for AnimSequence /Game/Main/Characters/Quentin/Animations/Holding/SK_Quentin_Body_Armature_A_Quentin_Holding_1H_Hammer_Crouch.SK_Quentin_Body_Armature_A_Quentin_Holding_1H_Hammer_Crouch
[2026.08.07-22.22.18:327][  0]LogAnimationCompression: Building Anim DDC data for AnimSequence /Game/Main/Characters/Quentin/Animations/Holding/SK_Quentin_Body_Armature_A_Quentin_Holding_1H_PaintCan.SK_Quentin_Body_Armature_A_Quentin_Holding_1H_PaintCan
[2026.08.07-22.22.18:327][  0]LogAnimationCompression: Building Anim DDC data for AnimSequence /Game/Main/Characters/Quentin/Animations/Holding/SK_Quentin_Body_Armature_A_Quentin_Holding_1H_PaintCan_Crouch.SK_Quentin_Body_Armature_A_Quentin_Holding_1H_PaintCan_Crouch
[2026.08.07-22.22.18:327][  0]LogAnimationCompression: Building Anim DDC data for AnimSequence /Game/Main/Characters/Quentin/Animations/Holding/SK_Quentin_Body_Armature_A_Quentin_Holding_2H_Box.SK_Quentin_Body_Armature_A_Quentin_Holding_2H_Box
[2026.08.07-22.22.18:327][  0]LogAudioDerivedData: Display: Building compressed audio format OGG hash OGG10000-1-1-1-1-1 wave equipment_dis...
[2026.08.07-22.22.18:351][  0]LogAudioDerivedData: Display: Compression Quality for SoundWave /Game/Main/Sounds/HN2SoundBank/equipment_dis.equipment_dis will be modified from 40 to 40.
[2026.08.07-22.22.18:369][  0]LogAudioDerivedData: Display: Updated SoundWave->RawPCMDataSize from 0 to 165120 while cooking SoundWave /Game/Main/Sounds/HN2SoundBank/equipment_dis.equipment_dis.
[2026.08.07-22.22.18:369][  0]LogBlueprint: Warning: USimpleConstructionScript::FixupRootNodeParentReferences() - Couldn't find inherited parent component 'Mesh' for 'Frame' in BlueprintGeneratedClass 'BP_Door_C' (it may have been removed)
[2026.08.07-22.22.18:369][  0]LogBlueprint: Warning: USimpleConstructionScript::FixupRootNodeParentReferences() - Couldn't find inherited parent component 'Mesh' for 'Door' in BlueprintGeneratedClass 'BP_Door_C' (it may have been removed)
[2026.08.07-22.22.18:369][  0]LogBlueprint: Warning: USimpleConstructionScript::FixupRootNodeParentReferences() - Couldn't find inherited parent component 'Mesh' for 'Box_0' in BlueprintGeneratedClass 'BP_Door_C' (it may have been removed)
[2026.08.07-22.22.18:369][  0]LogBlueprint: Warning: USimpleConstructionScript::FixupRootNodeParentReferences() - Couldn't find inherited parent component 'Mesh' for 'Closing Audio' in BlueprintGeneratedClass 'BP_Door_C' (it may have been removed)
[2026.08.07-22.22.18:370][  0]LogStaticMesh: Building static mesh SM_SM_DoorNeighbor_Casing_01_LOD0_mo...
[2026.08.07-22.22.18:400][  0]LogStaticMesh: Built static mesh [0.03s] /Game/Main/Objects/LocationProps/NeighborHouse/Meshes/SM_SM_DoorNeighbor_Casing_01_LOD0_mo.SM_SM_DoorNeighbor_Casing_01_LOD0_mo
[2026.08.07-22.22.18:422][  0]LogStaticMesh: Building static mesh O_SM_Chair_01_LOD0_mo...
[2026.08.07-22.22.18:511][  0]LogStaticMesh: Built static mesh [0.09s] /Game/Main/Objects/Items/Meshes/O_SM_Chair_01_LOD0_mo.O_SM_Chair_01_LOD0_mo
[2026.08.07-22.22.18:514][  0]LogStaticMesh: Building static mesh O_SM_Crowbar_LOD0_mo...
[2026.08.07-22.22.18:581][  0]LogStaticMesh: Built static mesh [0.07s] /Game/Main/Objects/Items/Meshes/O_SM_Crowbar_LOD0_mo.O_SM_Crowbar_LOD0_mo
[2026.08.07-22.22.18:583][  0]LogStaticMesh: Building static mesh O_SM_Flashlight_LOD0_mo...
[2026.08.07-22.22.18:941][  0]LogAnimationCompression: Building Anim DDC data for AnimSequence /Game/Main/Characters/Quentin/Animations/SK_Quentin_Body_Anim_Armature_A_Quentin_Crouch_Idle.SK_Quentin_Body_Anim_Armature_A_Quentin_Crouch_Idle
[2026.08.07-22.22.18:941][  0]LogAnimationCompression: Building Anim DDC data for AnimSequence /Game/Main/Characters/Quentin/Animations/SK_Quentin_Body_Anim_Armature_A_Quentin_Crouch_Walk_Back.SK_Quentin_Body_Anim_Armature_A_Quentin_Crouch_Walk_Back
[2026.08.07-22.22.18:941][  0]LogStaticMesh: Built static mesh [0.36s] /Game/Main/Objects/Items/Meshes/O_SM_Flashlight_LOD0_mo.O_SM_Flashlight_LOD0_mo
[2026.08.07-22.22.18:949][  0]LogStaticMesh: Building static mesh O_SM_Hammer_01_LOD0_mo...
[2026.08.07-22.22.18:998][  0]LogStaticMesh: Built static mesh [0.05s] /Game/Main/Objects/Items/Meshes/O_SM_Hammer_01_LOD0_mo.O_SM_Hammer_01_LOD0_mo
[2026.08.07-22.22.19:000][  0]LogStaticMesh: Building static mesh O_SM_CanWithPaint_01_LOD0_mo...
[2026.08.07-22.22.19:054][  0]LogStaticMesh: Built static mesh [0.05s] /Game/Main/Objects/Items/Meshes/O_SM_CanWithPaint_01_LOD0_mo.O_SM_CanWithPaint_01_LOD0_mo
[2026.08.07-22.22.19:056][  0]LogStaticMesh: Building static mesh S_SM_QuentinOffice_Part_01_LOD0_mo...
[2026.08.07-22.22.20:561][  0]LogStaticMesh: Built static mesh [1.51s] /Game/Main/Objects/Static/Office/Meshes/S_SM_QuentinOffice_Part_01_LOD0_mo.S_SM_QuentinOffice_Part_01_LOD0_mo
[2026.08.07-22.22.20:604][  0]LogStaticMesh: Building static mesh S_SM_QuentinOffice_Part_02_LOD0_mo...
[2026.08.07-22.22.22:141][  0]LogStaticMesh: Built static mesh [1.54s] /Game/Main/Objects/Static/Office/Meshes/S_SM_QuentinOffice_Part_02_LOD0_mo.S_SM_QuentinOffice_Part_02_LOD0_mo
[2026.08.07-22.22.22:169][  0]LogStaticMesh: Building static mesh S_SM_QuentinOffice_Part_03...
[2026.08.07-22.22.22:260][  0]LogStaticMesh: Built static mesh [0.09s] /Game/Main/Objects/Static/Office/Meshes/S_SM_QuentinOffice_Part_03.S_SM_QuentinOffice_Part_03
[2026.08.07-22.22.22:505][  0]LogStaticMesh: Building static mesh S_SM_QuentinOffice_Part_07_LOD0_mo...
[2026.08.07-22.22.22:782][  0]LogStaticMesh: Built static mesh [0.28s] /Game/Main/Objects/Static/Office/Meshes/S_SM_QuentinOffice_Part_07_LOD0_mo.S_SM_QuentinOffice_Part_07_LOD0_mo
[2026.08.07-22.22.22:788][  0]LogStaticMesh: Building static mesh S_SM_QuentinOffice_Sign_LOD0_mo...
[2026.08.07-22.22.22:859][  0]LogStaticMesh: Built static mesh [0.07s] /Game/Main/Objects/Static/Office/Meshes/S_SM_QuentinOffice_Sign_LOD0_mo.S_SM_QuentinOffice_Sign_LOD0_mo
[2026.08.07-22.22.23:060][  0]LogAnimationCompression: Building Anim DDC data for AnimSequence /Game/Main/Characters/Quentin/Animations/SK_Quentin_Body_Anim_Armature_A_Quentin_Walk_300_Front.SK_Quentin_Body_Anim_Armature_A_Quentin_Walk_300_Front
[2026.08.07-22.22.23:060][  0]LogAnimationCompression: Building Anim DDC data for AnimSequence /Game/Main/Characters/Quentin/Animations/SK_Quentin_Body_Anim_Armature_A_Quentin_Walk_300_Left.SK_Quentin_Body_Anim_Armature_A_Quentin_Walk_300_Left
[2026.08.07-22.22.23:060][  0]LogAnimationCompression: Building Anim DDC data for AnimSequence /Game/Main/Characters/Quentin/Animations/Holding/SK_Quentin_Body_Armature_A_Quentin_PickUp_Item_1H.SK_Quentin_Body_Armature_A_Quentin_PickUp_Item_1H
[2026.08.07-22.22.23:060][  0]LogAnimationCompression: Building Anim DDC data for AnimSequence /Game/Main/Characters/Quentin/Animations/SK_Quentin_Body_Anim_Armature_A_Quentin_Walk_300_Right.SK_Quentin_Body_Anim_Armature_A_Quentin_Walk_300_Right
[2026.08.07-22.22.23:060][  0]LogAnimationCompression: Building Anim DDC data for AnimSequence /Game/Main/Characters/Quentin/Animations/SK_Quentin_Body_Anim_Armature_A_Quentin_Walk_400_Back.SK_Quentin_Body_Anim_Armature_A_Quentin_Walk_400_Back
[2026.08.07-22.22.23:060][  0]LogAnimationCompression: Building Anim DDC data for AnimSequence /Game/Main/Characters/Quentin/Animations/SK_Quentin_Body_Anim_Armature_A_Quentin_Walk_400_Front.SK_Quentin_Body_Anim_Armature_A_Quentin_Walk_400_Front
[2026.08.07-22.22.23:060][  0]LogAnimationCompression: Building Anim DDC data for AnimSequence /Game/Main/Characters/Quentin/Animations/SK_Quentin_Body_Anim_Armature_A_Quentin_Walk_400_Left.SK_Quentin_Body_Anim_Armature_A_Quentin_Walk_400_Left
[2026.08.07-22.22.23:060][  0]LogAnimationCompression: Building Anim DDC data for AnimSequence /Game/Main/Characters/Quentin/Animations/SK_Quentin_Body_Anim_Armature_A_Quentin_Crouch_Walk_Front.SK_Quentin_Body_Anim_Armature_A_Quentin_Crouch_Walk_Front
[2026.08.07-22.22.23:060][  0]LogAnimationCompression: Building Anim DDC data for AnimSequence /Game/Main/Characters/Quentin/Animations/SK_Quentin_Body_Anim_Armature_A_Quentin_Crouch_Walk_Left.SK_Quentin_Body_Anim_Armature_A_Quentin_Crouch_Walk_Left
[2026.08.07-22.22.23:060][  0]LogAnimationCompression: Building Anim DDC data for AnimSequence /Game/Main/Characters/Quentin/Animations/SK_Quentin_Body_Anim_Armature_A_Quentin_Crouch_Walk_Right.SK_Quentin_Body_Anim_Armature_A_Quentin_Crouch_Walk_Right
[2026.08.07-22.22.23:060][  0]LogAnimationCompression: Building Anim DDC data for AnimSequence /Game/Main/Characters/Quentin/Animations/Holding/SK_Quentin_Body_Armature_A_Quentin_Holding_1H_Binoculars.SK_Quentin_Body_Armature_A_Quentin_Holding_1H_Binoculars
[2026.08.07-22.22.23:060][  0]LogAudioDerivedData: Display: Building compressed audio format OGG hash OGG10000-1-1-1-1-1 wave door_is_closed...
[2026.08.07-22.22.23:203][  0]LogAnimationCompression: Building Anim DDC data for AnimSequence /Game/Main/Characters/Quentin/Animations/Holding/SK_Quentin_Body_Armature_A_Quentin_Holding_1H_Binoculars_Crouch.SK_Quentin_Body_Armature_A_Quentin_Holding_1H_Binoculars_Crouch
[2026.08.07-22.22.23:203][  0]LogAudioDerivedData: Display: Compression Quality for SoundWave /Game/Main/Sounds/HN2SoundBank/door_is_closed.door_is_closed will be modified from 40 to 40.
[2026.08.07-22.22.23:227][  0]LogAudioDerivedData: Display: Updated SoundWave->RawPCMDataSize from 0 to 224000 while cooking SoundWave /Game/Main/Sounds/HN2SoundBank/door_is_closed.door_is_closed.
[2026.08.07-22.22.23:318][  0]LogAudioDerivedData: Display: Building compressed audio format OGG hash OGG10000-1-1-1-1-1 wave Quentin_StandUp...
[2026.08.07-22.22.23:341][  0]LogAudioDerivedData: Display: Compression Quality for SoundWave /Game/Main/Sounds/HN2SoundBank/Quentin_StandUp.Quentin_StandUp will be modified from 40 to 40.
[2026.08.07-22.22.23:408][  0]LogAudioDerivedData: Display: Updated SoundWave->RawPCMDataSize from 0 to 710808 while cooking SoundWave /Game/Main/Sounds/HN2SoundBank/Quentin_StandUp.Quentin_StandUp.
[2026.08.07-22.22.23:739][  0]LogSkeletalMesh: Building Skeletal Mesh SK_Quentin_Gameplay_Body...
[2026.08.07-22.22.24:736][  0]LogSkeletalMesh: Section 0: Material=0, 5674 triangles
[2026.08.07-22.22.24:736][  0]LogSkeletalMesh: Section 1: Material=1, 23422 triangles
[2026.08.07-22.22.24:736][  0]LogSkeletalMesh: Section 2: Material=2, 7992 triangles
[2026.08.07-22.22.24:788][  0]LogSkeletalMesh: Built Skeletal Mesh [1.05s] /Game/Main/Characters/Quentin/Mesh/SK_Quentin_Gameplay_Body.SK_Quentin_Gameplay_Body
[2026.08.07-22.22.25:149][  0]LogAudioDerivedData: Display: Building compressed audio format OGG hash OGG10000-1-1-1-1-1 wave hard_fell_water_1...
[2026.08.07-22.22.25:162][  0]LogAudioDerivedData: Display: Compression Quality for SoundWave /Game/Main/Sounds/HN2SoundBank/hard_fell_water_1.hard_fell_water_1 will be modified from 40 to 40.
[2026.08.07-22.22.25:188][  0]LogAudioDerivedData: Display: Updated SoundWave->RawPCMDataSize from 0 to 380344 while cooking SoundWave /Game/Main/Sounds/HN2SoundBank/hard_fell_water_1.hard_fell_water_1.
[2026.08.07-22.22.25:188][  0]LogAudioDerivedData: Display: Building compressed audio format OGG hash OGG10000-1-1-1-1-1 wave hard_fell_metal_3...
[2026.08.07-22.22.25:201][  0]LogAudioDerivedData: Display: Compression Quality for SoundWave /Game/Main/Sounds/HN2SoundBank/hard_fell_metal_3.hard_fell_metal_3 will be modified from 40 to 40.
[2026.08.07-22.22.25:213][  0]LogAudioDerivedData: Display: Updated SoundWave->RawPCMDataSize from 0 to 181952 while cooking SoundWave /Game/Main/Sounds/HN2SoundBank/hard_fell_metal_3.hard_fell_metal_3.
[2026.08.07-22.22.25:213][  0]LogAudioDerivedData: Display: Building compressed audio format OGG hash OGG10000-1-1-1-1-1 wave hard_fell_metal_2...
[2026.08.07-22.22.25:225][  0]LogAudioDerivedData: Display: Compression Quality for SoundWave /Game/Main/Sounds/HN2SoundBank/hard_fell_metal_2.hard_fell_metal_2 will be modified from 40 to 40.
[2026.08.07-22.22.25:240][  0]LogAudioDerivedData: Display: Updated SoundWave->RawPCMDataSize from 0 to 184736 while cooking SoundWave /Game/Main/Sounds/HN2SoundBank/hard_fell_metal_2.hard_fell_metal_2.
[2026.08.07-22.22.25:241][  0]LogAudioDerivedData: Display: Building compressed audio format OGG hash OGG10000-1-1-1-1-1 wave hard_fell_ground_1...
[2026.08.07-22.22.25:381][  0]LogAudioDerivedData: Display: Compression Quality for SoundWave /Game/Main/Sounds/HN2SoundBank/hard_fell_ground_1.hard_fell_ground_1 will be modified from 40 to 40.
[2026.08.07-22.22.25:400][  0]LogAudioDerivedData: Display: Updated SoundWave->RawPCMDataSize from 0 to 241024 while cooking SoundWave /Game/Main/Sounds/HN2SoundBank/hard_fell_ground_1.hard_fell_ground_1.
[2026.08.07-22.22.25:400][  0]LogAudioDerivedData: Display: Building compressed audio format OGG hash OGG10000-1-1-1-1-1 wave hard_fell_metal_1...
[2026.08.07-22.22.25:408][  0]LogAudioDerivedData: Display: Compression Quality for SoundWave /Game/Main/Sounds/HN2SoundBank/hard_fell_metal_1.hard_fell_metal_1 will be modified from 40 to 40.
[2026.08.07-22.22.25:420][  0]LogAudioDerivedData: Display: Updated SoundWave->RawPCMDataSize from 0 to 169136 while cooking SoundWave /Game/Main/Sounds/HN2SoundBank/hard_fell_metal_1.hard_fell_metal_1.
[2026.08.07-22.22.25:420][  0]LogAudioDerivedData: Display: Building compressed audio format OGG hash OGG10000-1-1-1-1-1 wave hard_fell_liquid_1...
[2026.08.07-22.22.25:440][  0]LogAudioDerivedData: Display: Compression Quality for SoundWave /Game/Main/Sounds/HN2SoundBank/hard_fell_liquid_1.hard_fell_liquid_1 will be modified from 40 to 40.
[2026.08.07-22.22.25:455][  0]LogAudioDerivedData: Display: Updated SoundWave->RawPCMDataSize from 0 to 165232 while cooking SoundWave /Game/Main/Sounds/HN2SoundBank/hard_fell_liquid_1.hard_fell_liquid_1.
[2026.08.07-22.22.25:455][  0]LogAudioDerivedData: Display: Building compressed audio format OGG hash OGG10000-1-1-1-1-1 wave hard_fell_grass_1...
[2026.08.07-22.22.25:470][  0]LogAudioDerivedData: Display: Compression Quality for SoundWave /Game/Main/Sounds/HN2SoundBank/hard_fell_grass_1.hard_fell_grass_1 will be modified from 40 to 40.
[2026.08.07-22.22.25:484][  0]LogAudioDerivedData: Display: Updated SoundWave->RawPCMDataSize from 0 to 168020 while cooking SoundWave /Game/Main/Sounds/HN2SoundBank/hard_fell_grass_1.hard_fell_grass_1.
[2026.08.07-22.22.25:508][  0]LogAudioDerivedData: Display: Building compressed audio format OGG hash OGG10000-1-1-1-1-1 wave climb_high_metal_2...
[2026.08.07-22.22.25:515][  0]LogAudioDerivedData: Display: Compression Quality for SoundWave /Game/Main/Sounds/HN2SoundBank/climb_high_metal_2.climb_high_metal_2 will be modified from 40 to 40.
[2026.08.07-22.22.25:536][  0]LogAudioDerivedData: Display: Updated SoundWave->RawPCMDataSize from 0 to 298424 while cooking SoundWave /Game/Main/Sounds/HN2SoundBank/climb_high_metal_2.climb_high_metal_2.
[2026.08.07-22.22.25:551][  0]LogAudioDerivedData: Display: Building compressed audio format OGG hash OGG10000-1-1-1-1-1 wave climb_high_wood_1...
[2026.08.07-22.22.25:605][  0]LogAudioDerivedData: Display: Compression Quality for SoundWave /Game/Main/Sounds/HN2SoundBank/climb_high_wood_1.climb_high_wood_1 will be modified from 40 to 40.
[2026.08.07-22.22.25:626][  0]LogAudioDerivedData: Display: Updated SoundWave->RawPCMDataSize from 0 to 298424 while cooking SoundWave /Game/Main/Sounds/HN2SoundBank/climb_high_wood_1.climb_high_wood_1.
[2026.08.07-22.22.25:626][  0]LogAudioDerivedData: Display: Building compressed audio format OGG hash OGG10000-1-1-1-1-1 wave climb_high_stone_1...
[2026.08.07-22.22.25:703][  0]LogAudioDerivedData: Display: Compression Quality for SoundWave /Game/Main/Sounds/HN2SoundBank/climb_high_stone_1.climb_high_stone_1 will be modified from 40 to 40.
[2026.08.07-22.22.25:724][  0]LogAudioDerivedData: Display: Updated SoundWave->RawPCMDataSize from 0 to 298424 while cooking SoundWave /Game/Main/Sounds/HN2SoundBank/climb_high_stone_1.climb_high_stone_1.
[2026.08.07-22.22.25:726][  0]LogAudioDerivedData: Display: Building compressed audio format OGG hash OGG10000-1-1-1-1-1 wave climb_high_metal_3...
[2026.08.07-22.22.25:735][  0]LogAudioDerivedData: Display: Compression Quality for SoundWave /Game/Main/Sounds/HN2SoundBank/climb_high_metal_3.climb_high_metal_3 will be modified from 40 to 40.
[2026.08.07-22.22.25:757][  0]LogAudioDerivedData: Display: Updated SoundWave->RawPCMDataSize from 0 to 298424 while cooking SoundWave /Game/Main/Sounds/HN2SoundBank/climb_high_metal_3.climb_high_metal_3.
[2026.08.07-22.22.25:758][  0]LogAudioDerivedData: Display: Building compressed audio format OGG hash OGG10000-1-1-1-1-1 wave climb_high_metal_1...
[2026.08.07-22.22.25:772][  0]LogAudioDerivedData: Display: Compression Quality for SoundWave /Game/Main/Sounds/HN2SoundBank/climb_high_metal_1.climb_high_metal_1 will be modified from 40 to 40.
[2026.08.07-22.22.25:794][  0]LogAudioDerivedData: Display: Updated SoundWave->RawPCMDataSize from 0 to 298424 while cooking SoundWave /Game/Main/Sounds/HN2SoundBank/climb_high_metal_1.climb_high_metal_1.
[2026.08.07-22.22.26:651][  0]LogStaticMesh: Building static mesh O_SM_CanEmpty_01_LOD0_mo...
[2026.08.07-22.22.26:683][  0]LogStaticMesh: Built static mesh [0.03s] /Game/Main/Objects/Items/Meshes/O_SM_CanEmpty_01_LOD0_mo.O_SM_CanEmpty_01_LOD0_mo
[2026.08.07-22.22.26:685][  0]LogAudioDerivedData: Display: Building compressed audio format OGG hash OGG10000-1-1-1-1-1 wave car_sign_pick_up...
[2026.08.07-22.22.26:690][  0]LogAudioDerivedData: Display: Compression Quality for SoundWave /Game/Main/Sounds/HN2SoundBank/Objects/Pick_Up/car_sign_pick_up.car_sign_pick_up will be modified from 40 to 40.
[2026.08.07-22.22.26:700][  0]LogAudioDerivedData: Display: Updated SoundWave->RawPCMDataSize from 0 to 73284 while cooking SoundWave /Game/Main/Sounds/HN2SoundBank/Objects/Pick_Up/car_sign_pick_up.car_sign_pick_up.
[2026.08.07-22.22.27:081][  0]LogMaterial: Display: Missing cached shadermap for M_Light_Masked in PCD3D_SM5, Default, SM5 (DDC key hash: 39FEA06D3F44A159B8B97F7A0E6C8A6A11F8FE92), compiling. 
[2026.08.07-22.22.27:110][  0]LogShaderCompilers: Display: Submitted 23 shader compile jobs with 'Low' priority
[2026.08.07-22.22.27:492][  0]LogAudioDerivedData: Display: Building compressed audio format OGG hash OGG10000-1-1-1-1-1 wave Ambient_day_main_6...
[2026.08.07-22.22.27:552][  0]LogAudioDerivedData: Display: Compression Quality for SoundWave /Game/Main/Sounds/HN2SoundBank/Ambient_day_main_6.Ambient_day_main_6 will be modified from 40 to 40.
[2026.08.07-22.22.28:644][  0]LogAudioDerivedData: Display: Updated SoundWave->RawPCMDataSize from 0 to 2585728 while cooking SoundWave /Game/Main/Sounds/HN2SoundBank/Ambient_day_main_6.Ambient_day_main_6.
[2026.08.07-22.22.28:647][  0]LogAudioDerivedData: Display: Building compressed audio format OGG hash OGG10000-1-1-1-1-1 wave Ambient_day_main_5...
[2026.08.07-22.22.28:672][  0]LogAudioDerivedData: Display: Compression Quality for SoundWave /Game/Main/Sounds/HN2SoundBank/Ambient_day_main_5.Ambient_day_main_5 will be modified from 40 to 40.
[2026.08.07-22.22.28:868][  0]LogAudioDerivedData: Display: Updated SoundWave->RawPCMDataSize from 0 to 2585728 while cooking SoundWave /Game/Main/Sounds/HN2SoundBank/Ambient_day_main_5.Ambient_day_main_5.
[2026.08.07-22.22.28:869][  0]LogAudioDerivedData: Display: Building compressed audio format OGG hash OGG10000-1-1-1-1-1 wave Ambient_day_main_4...
[2026.08.07-22.22.28:892][  0]LogAudioDerivedData: Display: Compression Quality for SoundWave /Game/Main/Sounds/HN2SoundBank/Ambient_day_main_4.Ambient_day_main_4 will be modified from 40 to 40.
[2026.08.07-22.22.29:107][  0]LogAudioDerivedData: Display: Updated SoundWave->RawPCMDataSize from 0 to 2585728 while cooking SoundWave /Game/Main/Sounds/HN2SoundBank/Ambient_day_main_4.Ambient_day_main_4.
[2026.08.07-22.22.29:107][  0]LogAudioDerivedData: Display: Building compressed audio format OGG hash OGG10000-1-1-1-1-1 wave Ambient_day_main_3...
[2026.08.07-22.22.29:128][  0]LogAudioDerivedData: Display: Compression Quality for SoundWave /Game/Main/Sounds/HN2SoundBank/Ambient_day_main_3.Ambient_day_main_3 will be modified from 40 to 40.
[2026.08.07-22.22.29:298][  0]LogAudioDerivedData: Display: Updated SoundWave->RawPCMDataSize from 0 to 2585728 while cooking SoundWave /Game/Main/Sounds/HN2SoundBank/Ambient_day_main_3.Ambient_day_main_3.
[2026.08.07-22.22.29:298][  0]LogAudioDerivedData: Display: Building compressed audio format OGG hash OGG10000-1-1-1-1-1 wave Ambient_day_main_2...
[2026.08.07-22.22.29:324][  0]LogAudioDerivedData: Display: Compression Quality for SoundWave /Game/Main/Sounds/HN2SoundBank/Ambient_day_main_2.Ambient_day_main_2 will be modified from 40 to 40.
[2026.08.07-22.22.29:536][  0]LogAudioDerivedData: Display: Updated SoundWave->RawPCMDataSize from 0 to 2585728 while cooking SoundWave /Game/Main/Sounds/HN2SoundBank/Ambient_day_main_2.Ambient_day_main_2.
[2026.08.07-22.22.29:536][  0]LogAudioDerivedData: Display: Building compressed audio format OGG hash OGG10000-1-1-1-1-1 wave Ambient_day_main_8...
[2026.08.07-22.22.29:597][  0]LogAudioDerivedData: Display: Compression Quality for SoundWave /Game/Main/Sounds/HN2SoundBank/Ambient_day_main_8.Ambient_day_main_8 will be modified from 40 to 40.
[2026.08.07-22.22.29:708][  0]LogAudioDerivedData: Display: Updated SoundWave->RawPCMDataSize from 0 to 2585728 while cooking SoundWave /Game/Main/Sounds/HN2SoundBank/Ambient_day_main_8.Ambient_day_main_8.
[2026.08.07-22.22.29:711][  0]LogAudioDerivedData: Display: Building compressed audio format OGG hash OGG10000-1-1-1-1-1 wave Ambient_day_main_7...
[2026.08.07-22.22.29:757][  0]LogAudioDerivedData: Display: Compression Quality for SoundWave /Game/Main/Sounds/HN2SoundBank/Ambient_day_main_7.Ambient_day_main_7 will be modified from 40 to 40.
[2026.08.07-22.22.29:941][  0]LogAudioDerivedData: Display: Updated SoundWave->RawPCMDataSize from 0 to 2585728 while cooking SoundWave /Game/Main/Sounds/HN2SoundBank/Ambient_day_main_7.Ambient_day_main_7.
[2026.08.07-22.22.29:942][  0]LogAudioDerivedData: Display: Building compressed audio format OGG hash OGG10000-1-1-1-1-1 wave Ambient_day_main_1...
[2026.08.07-22.22.29:967][  0]LogAudioDerivedData: Display: Compression Quality for SoundWave /Game/Main/Sounds/HN2SoundBank/Ambient_day_main_1.Ambient_day_main_1 will be modified from 40 to 40.
[2026.08.07-22.22.30:181][  0]LogAudioDerivedData: Display: Updated SoundWave->RawPCMDataSize from 0 to 2585728 while cooking SoundWave /Game/Main/Sounds/HN2SoundBank/Ambient_day_main_1.Ambient_day_main_1.
[2026.08.07-22.22.30:207][  0]LogMaterial: Display: Missing cached shadermap for Base_M_Complex in PCD3D_SM5, Default, SM5 (DDC key hash: 9FFB7F65185A452D205738EC8B95530227AF4940), compiling. 
[2026.08.07-22.22.30:448][  0]LogShaderCompilers: Display: Submitted 217 shader compile jobs with 'Low' priority
[2026.08.07-22.22.30:451][  0]LogMaterial: Display: Missing cached shadermap for MI_QuentinOffice_Sign in PCD3D_SM5, Default, SM5 (DDC key hash: FE39798C6788D99D16F430A3CC18CC166379AA5B), compiling. 
[2026.08.07-22.22.30:638][  0]LogTexture: Display: Building textures: DeprecatedTextureEB9CBE3C423008B5E8E130901E171C89 (BGRA8, 128X128)
[2026.08.07-22.22.30:714][  0]LogAudioDerivedData: Display: Building compressed audio format OGG hash OGG10000-1-1-1-1-1 wave Player_take_aim_1...
[2026.08.07-22.22.30:725][  0]LogAudioDerivedData: Display: Compression Quality for SoundWave /Game/Main/Sounds/HN2SoundBank/Player_take_aim_1.Player_take_aim_1 will be modified from 40 to 40.
[2026.08.07-22.22.30:750][  0]LogAudioDerivedData: Display: Updated SoundWave->RawPCMDataSize from 0 to 243252 while cooking SoundWave /Game/Main/Sounds/HN2SoundBank/Player_take_aim_1.Player_take_aim_1.
[2026.08.07-22.22.30:750][  0]LogAudioDerivedData: Display: Building compressed audio format OGG hash OGG10000-1-1-1-1-1 wave footsteps_wood_crouch_1-3__3_...
[2026.08.07-22.22.30:799][  0]LogAudioDerivedData: Display: Compression Quality for SoundWave /Game/Main/Sounds/HN2SoundBank/footsteps_wood_crouch_1-3__3_.footsteps_wood_crouch_1-3__3_ will be modified from 40 to 40.
[2026.08.07-22.22.30:815][  0]LogAudioDerivedData: Display: Updated SoundWave->RawPCMDataSize from 0 to 192768 while cooking SoundWave /Game/Main/Sounds/HN2SoundBank/footsteps_wood_crouch_1-3__3_.footsteps_wood_crouch_1-3__3_.
[2026.08.07-22.22.30:816][  0]LogAudioDerivedData: Display: Building compressed audio format OGG hash OGG10000-1-1-1-1-1 wave footsteps_wood_crouch_1-2__2_...
[2026.08.07-22.22.30:817][  0]LogAudioDerivedData: Display: Compression Quality for SoundWave /Game/Main/Sounds/HN2SoundBank/footsteps_wood_crouch_1-2__2_.footsteps_wood_crouch_1-2__2_ will be modified from 40 to 40.
[2026.08.07-22.22.30:833][  0]LogAudioDerivedData: Display: Updated SoundWave->RawPCMDataSize from 0 to 194768 while cooking SoundWave /Game/Main/Sounds/HN2SoundBank/footsteps_wood_crouch_1-2__2_.footsteps_wood_crouch_1-2__2_.
[2026.08.07-22.22.30:833][  0]LogAudioDerivedData: Display: Building compressed audio format OGG hash OGG10000-1-1-1-1-1 wave footsteps_wood_crouch_1-1__3_...
[2026.08.07-22.22.30:843][  0]LogAudioDerivedData: Display: Compression Quality for SoundWave /Game/Main/Sounds/HN2SoundBank/footsteps_wood_crouch_1-1__3_.footsteps_wood_crouch_1-1__3_ will be modified from 40 to 40.
[2026.08.07-22.22.30:859][  0]LogAudioDerivedData: Display: Updated SoundWave->RawPCMDataSize from 0 to 195840 while cooking SoundWave /Game/Main/Sounds/HN2SoundBank/footsteps_wood_crouch_1-1__3_.footsteps_wood_crouch_1-1__3_.
[2026.08.07-22.22.30:860][  0]LogAudioDerivedData: Display: Building compressed audio format OGG hash OGG10000-1-1-1-1-1 wave footsteps_wood_crouch_2-6__1_...
[2026.08.07-22.22.30:860][  0]LogAudioDerivedData: Display: Compression Quality for SoundWave /Game/Main/Sounds/HN2SoundBank/footsteps_wood_crouch_2-6__1_.footsteps_wood_crouch_2-6__1_ will be modified from 40 to 40.
[2026.08.07-22.22.30:874][  0]LogAudioDerivedData: Display: Updated SoundWave->RawPCMDataSize from 0 to 122880 while cooking SoundWave /Game/Main/Sounds/HN2SoundBank/footsteps_wood_crouch_2-6__1_.footsteps_wood_crouch_2-6__1_.
[2026.08.07-22.22.30:874][  0]LogAudioDerivedData: Display: Building compressed audio format OGG hash OGG10000-1-1-1-1-1 wave footsteps_wood_crouch_2-5__1_...
[2026.08.07-22.22.30:874][  0]LogAudioDerivedData: Display: Compression Quality for SoundWave /Game/Main/Sounds/HN2SoundBank/footsteps_wood_crouch_2-5__1_.footsteps_wood_crouch_2-5__1_ will be modified from 40 to 40.
[2026.08.07-22.22.30:888][  0]LogAudioDerivedData: Display: Updated SoundWave->RawPCMDataSize from 0 to 122324 while cooking SoundWave /Game/Main/Sounds/HN2SoundBank/footsteps_wood_crouch_2-5__1_.footsteps_wood_crouch_2-5__1_.
[2026.08.07-22.22.30:888][  0]LogAudioDerivedData: Display: Building compressed audio format OGG hash OGG10000-1-1-1-1-1 wave hard_fell_wood_3...
[2026.08.07-22.22.30:899][  0]LogAudioDerivedData: Display: Compression Quality for SoundWave /Game/Main/Sounds/HN2SoundBank/hard_fell_wood_3.hard_fell_wood_3 will be modified from 40 to 40.
[2026.08.07-22.22.30:917][  0]LogAudioDerivedData: Display: Updated SoundWave->RawPCMDataSize from 0 to 134584 while cooking SoundWave /Game/Main/Sounds/HN2SoundBank/hard_fell_wood_3.hard_fell_wood_3.
[2026.08.07-22.22.30:917][  0]LogAudioDerivedData: Display: Building compressed audio format OGG hash OGG10000-1-1-1-1-1 wave hard_fell_wood_2...
[2026.08.07-22.22.30:940][  0]LogAudioDerivedData: Display: Compression Quality for SoundWave /Game/Main/Sounds/HN2SoundBank/hard_fell_wood_2.hard_fell_wood_2 will be modified from 40 to 40.
[2026.08.07-22.22.30:957][  0]LogAudioDerivedData: Display: Updated SoundWave->RawPCMDataSize from 0 to 142384 while cooking SoundWave /Game/Main/Sounds/HN2SoundBank/hard_fell_wood_2.hard_fell_wood_2.
[2026.08.07-22.22.30:957][  0]LogAudioDerivedData: Display: Building compressed audio format OGG hash OGG10000-1-1-1-1-1 wave hard_fell_wood_1...
[2026.08.07-22.22.30:957][  0]LogAudioDerivedData: Display: Compression Quality for SoundWave /Game/Main/Sounds/HN2SoundBank/hard_fell_wood_1.hard_fell_wood_1 will be modified from 40 to 40.
[2026.08.07-22.22.30:974][  0]LogAudioDerivedData: Display: Updated SoundWave->RawPCMDataSize from 0 to 122324 while cooking SoundWave /Game/Main/Sounds/HN2SoundBank/hard_fell_wood_1.hard_fell_wood_1.
[2026.08.07-22.22.30:974][  0]LogAudioDerivedData: Display: Building compressed audio format OGG hash OGG10000-1-1-1-1-1 wave Quentin_voice_reaction_climb_6__1_...
[2026.08.07-22.22.30:975][  0]LogAudioDerivedData: Display: Compression Quality for SoundWave /Game/Main/Sounds/HN2SoundBank/Voice/Quentin/Quentin_voice_reaction_climb_6__1_.Quentin_voice_reaction_climb_6__1_ will be modified from 40 to 40.
[2026.08.07-22.22.30:990][  0]LogAudioDerivedData: Display: Updated SoundWave->RawPCMDataSize from 0 to 120092 while cooking SoundWave /Game/Main/Sounds/HN2SoundBank/Voice/Quentin/Quentin_voice_reaction_climb_6__1_.Quentin_voice_reaction_climb_6__1_.
[2026.08.07-22.22.30:991][  0]LogAudioDerivedData: Display: Building compressed audio format OGG hash OGG10000-1-1-1-1-1 wave footsteps_wood_3-6__2_...
[2026.08.07-22.22.30:991][  0]LogAudioDerivedData: Display: Compression Quality for SoundWave /Game/Main/Sounds/HN2SoundBank/footsteps_wood_3-6__2_.footsteps_wood_3-6__2_ will be modified from 40 to 40.
[2026.08.07-22.22.31:005][  0]LogAudioDerivedData: Display: Updated SoundWave->RawPCMDataSize from 0 to 97244 while cooking SoundWave /Game/Main/Sounds/HN2SoundBank/footsteps_wood_3-6__2_.footsteps_wood_3-6__2_.
[2026.08.07-22.22.31:005][  0]LogAudioDerivedData: Display: Building compressed audio format OGG hash OGG10000-1-1-1-1-1 wave footsteps_wood_3-5__2_...
[2026.08.07-22.22.31:005][  0]LogAudioDerivedData: Display: Compression Quality for SoundWave /Game/Main/Sounds/HN2SoundBank/footsteps_wood_3-5__2_.footsteps_wood_3-5__2_ will be modified from 40 to 40.
[2026.08.07-22.22.31:019][  0]LogAudioDerivedData: Display: Updated SoundWave->RawPCMDataSize from 0 to 99476 while cooking SoundWave /Game/Main/Sounds/HN2SoundBank/footsteps_wood_3-5__2_.footsteps_wood_3-5__2_.
[2026.08.07-22.22.31:020][  0]LogAudioDerivedData: Display: Building compressed audio format OGG hash OGG10000-1-1-1-1-1 wave footsteps_wood_3-4__2_...
[2026.08.07-22.22.31:020][  0]LogAudioDerivedData: Display: Compression Quality for SoundWave /Game/Main/Sounds/HN2SoundBank/footsteps_wood_3-4__2_.footsteps_wood_3-4__2_ will be modified from 40 to 40.
[2026.08.07-22.22.31:034][  0]LogAudioDerivedData: Display: Updated SoundWave->RawPCMDataSize from 0 to 97244 while cooking SoundWave /Game/Main/Sounds/HN2SoundBank/footsteps_wood_3-4__2_.footsteps_wood_3-4__2_.
[2026.08.07-22.22.31:034][  0]LogAudioDerivedData: Display: Building compressed audio format OGG hash OGG10000-1-1-1-1-1 wave footsteps_wood_3-3__2_...
[2026.08.07-22.22.31:034][  0]LogAudioDerivedData: Display: Compression Quality for SoundWave /Game/Main/Sounds/HN2SoundBank/footsteps_wood_3-3__2_.footsteps_wood_3-3__2_ will be modified from 40 to 40.
[2026.08.07-22.22.31:048][  0]LogAudioDerivedData: Display: Updated SoundWave->RawPCMDataSize from 0 to 97024 while cooking SoundWave /Game/Main/Sounds/HN2SoundBank/footsteps_wood_3-3__2_.footsteps_wood_3-3__2_.
[2026.08.07-22.22.31:048][  0]LogAudioDerivedData: Display: Building compressed audio format OGG hash OGG10000-1-1-1-1-1 wave footsteps_wood_3-2__2_...
[2026.08.07-22.22.31:048][  0]LogAudioDerivedData: Display: Compression Quality for SoundWave /Game/Main/Sounds/HN2SoundBank/footsteps_wood_3-2__2_.footsteps_wood_3-2__2_ will be modified from 40 to 40.
[2026.08.07-22.22.31:062][  0]LogAudioDerivedData: Display: Updated SoundWave->RawPCMDataSize from 0 to 97244 while cooking SoundWave /Game/Main/Sounds/HN2SoundBank/footsteps_wood_3-2__2_.footsteps_wood_3-2__2_.
[2026.08.07-22.22.31:062][  0]LogAudioDerivedData: Display: Building compressed audio format OGG hash OGG10000-1-1-1-1-1 wave footsteps_ground_crouch_1-3__2_...
[2026.08.07-22.22.31:085][  0]LogAudioDerivedData: Display: Compression Quality for SoundWave /Game/Main/Sounds/HN2SoundBank/footsteps_ground_crouch_1-3__2_.footsteps_ground_crouch_1-3__2_ will be modified from 40 to 40.
[2026.08.07-22.22.31:101][  0]LogAudioDerivedData: Display: Updated SoundWave->RawPCMDataSize from 0 to 145172 while cooking SoundWave /Game/Main/Sounds/HN2SoundBank/footsteps_ground_crouch_1-3__2_.footsteps_ground_crouch_1-3__2_.
[2026.08.07-22.22.31:102][  0]LogAudioDerivedData: Display: Building compressed audio format OGG hash OGG10000-1-1-1-1-1 wave footsteps_ground_crouch_1-2__1_...
[2026.08.07-22.22.31:106][  0]LogAudioDerivedData: Display: Compression Quality for SoundWave /Game/Main/Sounds/HN2SoundBank/footsteps_ground_crouch_1-2__1_.footsteps_ground_crouch_1-2__1_ will be modified from 40 to 40.
[2026.08.07-22.22.31:122][  0]LogAudioDerivedData: Display: Updated SoundWave->RawPCMDataSize from 0 to 147200 while cooking SoundWave /Game/Main/Sounds/HN2SoundBank/footsteps_ground_crouch_1-2__1_.footsteps_ground_crouch_1-2__1_.
[2026.08.07-22.22.31:123][  0]LogAudioDerivedData: Display: Building compressed audio format OGG hash OGG10000-1-1-1-1-1 wave footsteps_ground_crouch_1-1__2_...
[2026.08.07-22.22.31:123][  0]LogAudioDerivedData: Display: Compression Quality for SoundWave /Game/Main/Sounds/HN2SoundBank/footsteps_ground_crouch_1-1__2_.footsteps_ground_crouch_1-1__2_ will be modified from 40 to 40.
[2026.08.07-22.22.31:137][  0]LogAudioDerivedData: Display: Updated SoundWave->RawPCMDataSize from 0 to 145172 while cooking SoundWave /Game/Main/Sounds/HN2SoundBank/footsteps_ground_crouch_1-1__2_.footsteps_ground_crouch_1-1__2_.
[2026.08.07-22.22.31:139][  0]LogAudioDerivedData: Display: Building compressed audio format OGG hash OGG10000-1-1-1-1-1 wave footsteps_liquid_1-6__2_...
[2026.08.07-22.22.31:139][  0]LogAudioDerivedData: Display: Compression Quality for SoundWave /Game/Main/Sounds/HN2SoundBank/footsteps_liquid_1-6__2_.footsteps_liquid_1-6__2_ will be modified from 40 to 40.
[2026.08.07-22.22.31:152][  0]LogAudioDerivedData: Display: Updated SoundWave->RawPCMDataSize from 0 to 98560 while cooking SoundWave /Game/Main/Sounds/HN2SoundBank/footsteps_liquid_1-6__2_.footsteps_liquid_1-6__2_.
[2026.08.07-22.22.31:152][  0]LogAudioDerivedData: Display: Building compressed audio format OGG hash OGG10000-1-1-1-1-1 wave footsteps_liquid_1-5__2_...
[2026.08.07-22.22.31:152][  0]LogAudioDerivedData: Display: Compression Quality for SoundWave /Game/Main/Sounds/HN2SoundBank/footsteps_liquid_1-5__2_.footsteps_liquid_1-5__2_ will be modified from 40 to 40.
[2026.08.07-22.22.31:166][  0]LogAudioDerivedData: Display: Updated SoundWave->RawPCMDataSize from 0 to 100032 while cooking SoundWave /Game/Main/Sounds/HN2SoundBank/footsteps_liquid_1-5__2_.footsteps_liquid_1-5__2_.
[2026.08.07-22.22.31:167][  0]LogAudioDerivedData: Display: Building compressed audio format OGG hash OGG10000-1-1-1-1-1 wave footsteps_liquid_1-4__2_...
[2026.08.07-22.22.31:167][  0]LogAudioDerivedData: Display: Compression Quality for SoundWave /Game/Main/Sounds/HN2SoundBank/footsteps_liquid_1-4__2_.footsteps_liquid_1-4__2_ will be modified from 40 to 40.
[2026.08.07-22.22.31:180][  0]LogAudioDerivedData: Display: Updated SoundWave->RawPCMDataSize from 0 to 96132 while cooking SoundWave /Game/Main/Sounds/HN2SoundBank/footsteps_liquid_1-4__2_.footsteps_liquid_1-4__2_.
[2026.08.07-22.22.31:181][  0]LogAudioDerivedData: Display: Building compressed audio format OGG hash OGG10000-1-1-1-1-1 wave footsteps_liquid_1-3__2_...
[2026.08.07-22.22.31:181][  0]LogAudioDerivedData: Display: Compression Quality for SoundWave /Game/Main/Sounds/HN2SoundBank/footsteps_liquid_1-3__2_.footsteps_liquid_1-3__2_ will be modified from 40 to 40.
[2026.08.07-22.22.31:195][  0]LogAudioDerivedData: Display: Updated SoundWave->RawPCMDataSize from 0 to 98048 while cooking SoundWave /Game/Main/Sounds/HN2SoundBank/footsteps_liquid_1-3__2_.footsteps_liquid_1-3__2_.
[2026.08.07-22.22.31:195][  0]LogAudioDerivedData: Display: Building compressed audio format OGG hash OGG10000-1-1-1-1-1 wave footsteps_liquid_1-2__2_...
[2026.08.07-22.22.31:195][  0]LogAudioDerivedData: Display: Compression Quality for SoundWave /Game/Main/Sounds/HN2SoundBank/footsteps_liquid_1-2__2_.footsteps_liquid_1-2__2_ will be modified from 40 to 40.
[2026.08.07-22.22.31:208][  0]LogAudioDerivedData: Display: Updated SoundWave->RawPCMDataSize from 0 to 98916 while cooking SoundWave /Game/Main/Sounds/HN2SoundBank/footsteps_liquid_1-2__2_.footsteps_liquid_1-2__2_.
[2026.08.07-22.22.31:209][  0]LogAudioDerivedData: Display: Building compressed audio format OGG hash OGG10000-1-1-1-1-1 wave footsteps_liquid_1-1__2_...
[2026.08.07-22.22.31:209][  0]LogAudioDerivedData: Display: Compression Quality for SoundWave /Game/Main/Sounds/HN2SoundBank/footsteps_liquid_1-1__2_.footsteps_liquid_1-1__2_ will be modified from 40 to 40.
[2026.08.07-22.22.31:224][  0]LogAudioDerivedData: Display: Updated SoundWave->RawPCMDataSize from 0 to 100032 while cooking SoundWave /Game/Main/Sounds/HN2SoundBank/footsteps_liquid_1-1__2_.footsteps_liquid_1-1__2_.
[2026.08.07-22.22.31:225][  0]LogAudioDerivedData: Display: Building compressed audio format OGG hash OGG10000-1-1-1-1-1 wave footsteps_carpet_1-4__2_...
[2026.08.07-22.22.31:225][  0]LogAudioDerivedData: Display: Compression Quality for SoundWave /Game/Main/Sounds/HN2SoundBank/footsteps_carpet_1-4__2_.footsteps_carpet_1-4__2_ will be modified from 40 to 40.
[2026.08.07-22.22.31:240][  0]LogAudioDerivedData: Display: Updated SoundWave->RawPCMDataSize from 0 to 109824 while cooking SoundWave /Game/Main/Sounds/HN2SoundBank/footsteps_carpet_1-4__2_.footsteps_carpet_1-4__2_.
[2026.08.07-22.22.31:240][  0]LogAudioDerivedData: Display: Building compressed audio format OGG hash OGG10000-1-1-1-1-1 wave footsteps_carpet_1-3__3_...
[2026.08.07-22.22.31:240][  0]LogAudioDerivedData: Display: Compression Quality for SoundWave /Game/Main/Sounds/HN2SoundBank/footsteps_carpet_1-3__3_.footsteps_carpet_1-3__3_ will be modified from 40 to 40.
[2026.08.07-22.22.31:255][  0]LogAudioDerivedData: Display: Updated SoundWave->RawPCMDataSize from 0 to 114520 while cooking SoundWave /Game/Main/Sounds/HN2SoundBank/footsteps_carpet_1-3__3_.footsteps_carpet_1-3__3_.
[2026.08.07-22.22.31:255][  0]LogAudioDerivedData: Display: Building compressed audio format OGG hash OGG10000-1-1-1-1-1 wave footsteps_carpet_1-2__3_...
[2026.08.07-22.22.31:256][  0]LogAudioDerivedData: Display: Compression Quality for SoundWave /Game/Main/Sounds/HN2SoundBank/footsteps_carpet_1-2__3_.footsteps_carpet_1-2__3_ will be modified from 40 to 40.
[2026.08.07-22.22.31:270][  0]LogAudioDerivedData: Display: Updated SoundWave->RawPCMDataSize from 0 to 113920 while cooking SoundWave /Game/Main/Sounds/HN2SoundBank/footsteps_carpet_1-2__3_.footsteps_carpet_1-2__3_.
[2026.08.07-22.22.31:271][  0]LogAudioDerivedData: Display: Building compressed audio format OGG hash OGG10000-1-1-1-1-1 wave footsteps_carpet_1-1__3_...
[2026.08.07-22.22.31:271][  0]LogAudioDerivedData: Display: Compression Quality for SoundWave /Game/Main/Sounds/HN2SoundBank/footsteps_carpet_1-1__3_.footsteps_carpet_1-1__3_ will be modified from 40 to 40.
[2026.08.07-22.22.31:286][  0]LogAudioDerivedData: Display: Updated SoundWave->RawPCMDataSize from 0 to 115456 while cooking SoundWave /Game/Main/Sounds/HN2SoundBank/footsteps_carpet_1-1__3_.footsteps_carpet_1-1__3_.
[2026.08.07-22.22.31:287][  0]LogAudioDerivedData: Display: Building compressed audio format OGG hash OGG10000-1-1-1-1-1 wave footsteps_grass_1-6__2_...
[2026.08.07-22.22.31:287][  0]LogAudioDerivedData: Display: Compression Quality for SoundWave /Game/Main/Sounds/HN2SoundBank/footsteps_grass_1-6__2_.footsteps_grass_1-6__2_ will be modified from 40 to 40.
[2026.08.07-22.22.31:301][  0]LogAudioDerivedData: Display: Updated SoundWave->RawPCMDataSize from 0 to 99476 while cooking SoundWave /Game/Main/Sounds/HN2SoundBank/footsteps_grass_1-6__2_.footsteps_grass_1-6__2_.
[2026.08.07-22.22.31:302][  0]LogAudioDerivedData: Display: Building compressed audio format OGG hash OGG10000-1-1-1-1-1 wave footsteps_grass_1-5__2_...
[2026.08.07-22.22.31:302][  0]LogAudioDerivedData: Display: Compression Quality for SoundWave /Game/Main/Sounds/HN2SoundBank/footsteps_grass_1-5__2_.footsteps_grass_1-5__2_ will be modified from 40 to 40.
[2026.08.07-22.22.31:315][  0]LogAudioDerivedData: Display: Updated SoundWave->RawPCMDataSize from 0 to 97536 while cooking SoundWave /Game/Main/Sounds/HN2SoundBank/footsteps_grass_1-5__2_.footsteps_grass_1-5__2_.
[2026.08.07-22.22.31:316][  0]LogAudioDerivedData: Display: Building compressed audio format OGG hash OGG10000-1-1-1-1-1 wave footsteps_grass_1-4__3_...
[2026.08.07-22.22.31:316][  0]LogAudioDerivedData: Display: Compression Quality for SoundWave /Game/Main/Sounds/HN2SoundBank/footsteps_grass_1-4__3_.footsteps_grass_1-4__3_ will be modified from 40 to 40.
[2026.08.07-22.22.31:329][  0]LogAudioDerivedData: Display: Updated SoundWave->RawPCMDataSize from 0 to 98360 while cooking SoundWave /Game/Main/Sounds/HN2SoundBank/footsteps_grass_1-4__3_.footsteps_grass_1-4__3_.
[2026.08.07-22.22.31:329][  0]LogAudioDerivedData: Display: Building compressed audio format OGG hash OGG10000-1-1-1-1-1 wave footsteps_grass_1-3__2_...
[2026.08.07-22.22.31:329][  0]LogAudioDerivedData: Display: Compression Quality for SoundWave /Game/Main/Sounds/HN2SoundBank/footsteps_grass_1-3__2_.footsteps_grass_1-3__2_ will be modified from 40 to 40.
[2026.08.07-22.22.31:342][  0]LogAudioDerivedData: Display: Updated SoundWave->RawPCMDataSize from 0 to 96132 while cooking SoundWave /Game/Main/Sounds/HN2SoundBank/footsteps_grass_1-3__2_.footsteps_grass_1-3__2_.
[2026.08.07-22.22.31:342][  0]LogAudioDerivedData: Display: Building compressed audio format OGG hash OGG10000-1-1-1-1-1 wave footsteps_grass_1-2__2_...
[2026.08.07-22.22.31:344][  0]LogAudioDerivedData: Display: Compression Quality for SoundWave /Game/Main/Sounds/HN2SoundBank/footsteps_grass_1-2__2_.footsteps_grass_1-2__2_ will be modified from 40 to 40.
[2026.08.07-22.22.31:357][  0]LogAudioDerivedData: Display: Updated SoundWave->RawPCMDataSize from 0 to 98916 while cooking SoundWave /Game/Main/Sounds/HN2SoundBank/footsteps_grass_1-2__2_.footsteps_grass_1-2__2_.
[2026.08.07-22.22.31:357][  0]LogAudioDerivedData: Display: Building compressed audio format OGG hash OGG10000-1-1-1-1-1 wave footsteps_grass_1-1__2_...
[2026.08.07-22.22.31:357][  0]LogAudioDerivedData: Display: Compression Quality for SoundWave /Game/Main/Sounds/HN2SoundBank/footsteps_grass_1-1__2_.footsteps_grass_1-1__2_ will be modified from 40 to 40.
[2026.08.07-22.22.31:370][  0]LogAudioDerivedData: Display: Updated SoundWave->RawPCMDataSize from 0 to 97244 while cooking SoundWave /Game/Main/Sounds/HN2SoundBank/footsteps_grass_1-1__2_.footsteps_grass_1-1__2_.
[2026.08.07-22.22.31:371][  0]LogAudioDerivedData: Display: Building compressed audio format OGG hash OGG10000-1-1-1-1-1 wave footsteps_grass_crouch_1-6__1_...
[2026.08.07-22.22.31:371][  0]LogAudioDerivedData: Display: Compression Quality for SoundWave /Game/Main/Sounds/HN2SoundBank/footsteps_grass_crouch_1-6__1_.footsteps_grass_crouch_1-6__1_ will be modified from 40 to 40.
[2026.08.07-22.22.31:384][  0]LogAudioDerivedData: Display: Updated SoundWave->RawPCMDataSize from 0 to 121088 while cooking SoundWave /Game/Main/Sounds/HN2SoundBank/footsteps_grass_crouch_1-6__1_.footsteps_grass_crouch_1-6__1_.
[2026.08.07-22.22.31:385][  0]LogAudioDerivedData: Display: Building compressed audio format OGG hash OGG10000-1-1-1-1-1 wave footsteps_grass_crouch_1-5__1_...
[2026.08.07-22.22.31:385][  0]LogAudioDerivedData: Display: Compression Quality for SoundWave /Game/Main/Sounds/HN2SoundBank/footsteps_grass_crouch_1-5__1_.footsteps_grass_crouch_1-5__1_ will be modified from 40 to 40.
[2026.08.07-22.22.31:397][  0]LogShaderCompilers: Display: Worker (7/9): shaders left to compile 690
[2026.08.07-22.22.31:397][  0]LogShaderCompilers: Display: Started 10 'Local' shader compile jobs with 'Low' priority
[2026.08.07-22.22.31:397][  0]LogAudioDerivedData: Display: Updated SoundWave->RawPCMDataSize from 0 to 121088 while cooking SoundWave /Game/Main/Sounds/HN2SoundBank/footsteps_grass_crouch_1-5__1_.footsteps_grass_crouch_1-5__1_.
[2026.08.07-22.22.31:397][  0]LogAudioDerivedData: Display: Building compressed audio format OGG hash OGG10000-1-1-1-1-1 wave footsteps_grass_crouch_1-4__2_...
[2026.08.07-22.22.31:397][  0]LogAudioDerivedData: Display: Compression Quality for SoundWave /Game/Main/Sounds/HN2SoundBank/footsteps_grass_crouch_1-4__2_.footsteps_grass_crouch_1-4__2_ will be modified from 40 to 40.
[2026.08.07-22.22.31:411][  0]LogAudioDerivedData: Display: Updated SoundWave->RawPCMDataSize from 0 to 122624 while cooking SoundWave /Game/Main/Sounds/HN2SoundBank/footsteps_grass_crouch_1-4__2_.footsteps_grass_crouch_1-4__2_.
[2026.08.07-22.22.31:411][  0]LogAudioDerivedData: Display: Building compressed audio format OGG hash OGG10000-1-1-1-1-1 wave Quentin_voice_reaction_climb_2...
[2026.08.07-22.22.31:411][  0]LogAudioDerivedData: Display: Compression Quality for SoundWave /Game/Main/Sounds/HN2SoundBank/Voice/Quentin/Quentin_voice_reaction_climb_2.Quentin_voice_reaction_climb_2 will be modified from 40 to 40.
[2026.08.07-22.22.31:426][  0]LogAudioDerivedData: Display: Updated SoundWave->RawPCMDataSize from 0 to 110620 while cooking SoundWave /Game/Main/Sounds/HN2SoundBank/Voice/Quentin/Quentin_voice_reaction_climb_2.Quentin_voice_reaction_climb_2.
[2026.08.07-22.22.31:427][  0]LogAudioDerivedData: Display: Building compressed audio format OGG hash OGG10000-1-1-1-1-1 wave Quentin_voice_reaction_climb_3__1_...
[2026.08.07-22.22.31:427][  0]LogAudioDerivedData: Display: Compression Quality for SoundWave /Game/Main/Sounds/HN2SoundBank/Voice/Quentin/Quentin_voice_reaction_climb_3__1_.Quentin_voice_reaction_climb_3__1_ will be modified from 40 to 40.
[2026.08.07-22.22.31:441][  0]LogAudioDerivedData: Display: Updated SoundWave->RawPCMDataSize from 0 to 105048 while cooking SoundWave /Game/Main/Sounds/HN2SoundBank/Voice/Quentin/Quentin_voice_reaction_climb_3__1_.Quentin_voice_reaction_climb_3__1_.
[2026.08.07-22.22.31:442][  0]LogAudioDerivedData: Display: Building compressed audio format OGG hash OGG10000-1-1-1-1-1 wave Quentin_voice_reaction_climb_4__1_...
[2026.08.07-22.22.31:443][  0]LogAudioDerivedData: Display: Compression Quality for SoundWave /Game/Main/Sounds/HN2SoundBank/Voice/Quentin/Quentin_voice_reaction_climb_4__1_.Quentin_voice_reaction_climb_4__1_ will be modified from 40 to 40.
[2026.08.07-22.22.31:459][  0]LogAudioDerivedData: Display: Updated SoundWave->RawPCMDataSize from 0 to 120092 while cooking SoundWave /Game/Main/Sounds/HN2SoundBank/Voice/Quentin/Quentin_voice_reaction_climb_4__1_.Quentin_voice_reaction_climb_4__1_.
[2026.08.07-22.22.31:459][  0]LogAudioDerivedData: Display: Building compressed audio format OGG hash OGG10000-1-1-1-1-1 wave door_wood_closing_1...
[2026.08.07-22.22.31:503][  0]LogAudioDerivedData: Display: Compression Quality for SoundWave /Game/Main/Sounds/HN2SoundBank/door_wood_closing_1.door_wood_closing_1 will be modified from 40 to 40.
[2026.08.07-22.22.31:611][  0]LogShaderCompilers: Display: Worker (9/9): shaders left to compile 680
[2026.08.07-22.22.31:611][  0]LogShaderCompilers: Display: Started 10 'Local' shader compile jobs with 'Low' priority
[2026.08.07-22.22.31:611][  0]LogAudioDerivedData: Display: Updated SoundWave->RawPCMDataSize from 0 to 1202432 while cooking SoundWave /Game/Main/Sounds/HN2SoundBank/door_wood_closing_1.door_wood_closing_1.
[2026.08.07-22.22.31:611][  0]LogAudioDerivedData: Display: Building compressed audio format OGG hash OGG10000-1-1-1-1-1 wave door_wood_close_3__1_...
[2026.08.07-22.22.31:627][  0]LogAudioDerivedData: Display: Compression Quality for SoundWave /Game/Main/Sounds/HN2SoundBank/door_wood_close_3__1_.door_wood_close_3__1_ will be modified from 40 to 40.
[2026.08.07-22.22.31:647][  0]LogAudioDerivedData: Display: Updated SoundWave->RawPCMDataSize from 0 to 168192 while cooking SoundWave /Game/Main/Sounds/HN2SoundBank/door_wood_close_3__1_.door_wood_close_3__1_.
[2026.08.07-22.22.31:647][  0]LogAudioDerivedData: Display: Building compressed audio format OGG hash OGG10000-1-1-1-1-1 wave door_wood_close_4...
[2026.08.07-22.22.31:661][  0]LogAudioDerivedData: Display: Compression Quality for SoundWave /Game/Main/Sounds/HN2SoundBank/door_wood_close_4.door_wood_close_4 will be modified from 40 to 40.
[2026.08.07-22.22.31:682][  0]LogAudioDerivedData: Display: Updated SoundWave->RawPCMDataSize from 0 to 196352 while cooking SoundWave /Game/Main/Sounds/HN2SoundBank/door_wood_close_4.door_wood_close_4.
[2026.08.07-22.22.31:682][  0]LogAudioDerivedData: Display: Building compressed audio format OGG hash OGG10000-1-1-1-1-1 wave door_wood_close_1...
[2026.08.07-22.22.31:735][  0]LogAudioDerivedData: Display: Compression Quality for SoundWave /Game/Main/Sounds/HN2SoundBank/door_wood_close_1.door_wood_close_1 will be modified from 40 to 40.
[2026.08.07-22.22.31:756][  0]LogAudioDerivedData: Display: Updated SoundWave->RawPCMDataSize from 0 to 199936 while cooking SoundWave /Game/Main/Sounds/HN2SoundBank/door_wood_close_1.door_wood_close_1.
[2026.08.07-22.22.31:759][  0]LogAudioDerivedData: Display: Building compressed audio format OGG hash OGG10000-1-1-1-1-1 wave door_wood_closing_3...
[2026.08.07-22.22.31:839][  0]LogAudioDerivedData: Display: Compression Quality for SoundWave /Game/Main/Sounds/HN2SoundBank/door_wood_closing_3.door_wood_closing_3 will be modified from 40 to 40.
[2026.08.07-22.22.31:939][  0]LogAudioDerivedData: Display: Updated SoundWave->RawPCMDataSize from 0 to 1056000 while cooking SoundWave /Game/Main/Sounds/HN2SoundBank/door_wood_closing_3.door_wood_closing_3.
[2026.08.07-22.22.31:940][  0]LogAudioDerivedData: Display: Building compressed audio format OGG hash OGG10000-1-1-1-1-1 wave door_wood_closing_2...
[2026.08.07-22.22.32:017][  0]LogAudioDerivedData: Display: Compression Quality for SoundWave /Game/Main/Sounds/HN2SoundBank/door_wood_closing_2.door_wood_closing_2 will be modified from 40 to 40.
[2026.08.07-22.22.32:109][  0]LogShaderCompilers: Display: Worker (5/9): shaders left to compile 670
[2026.08.07-22.22.32:109][  0]LogShaderCompilers: Display: Started 10 'Local' shader compile jobs with 'Low' priority
[2026.08.07-22.22.32:109][  0]LogAudioDerivedData: Display: Updated SoundWave->RawPCMDataSize from 0 to 913664 while cooking SoundWave /Game/Main/Sounds/HN2SoundBank/door_wood_closing_2.door_wood_closing_2.
[2026.08.07-22.22.32:109][  0]LogAudioDerivedData: Display: Building compressed audio format OGG hash OGG10000-1-1-1-1-1 wave Player_throw_3...
[2026.08.07-22.22.32:257][  0]LogAudioDerivedData: Display: Compression Quality for SoundWave /Game/Main/Sounds/HN2SoundBank/Player_throw_3.Player_throw_3 will be modified from 40 to 40.
[2026.08.07-22.22.32:278][  0]LogShaderCompilers: Display: Worker (8/9): shaders left to compile 660
[2026.08.07-22.22.32:278][  0]LogShaderCompilers: Display: Started 10 'Local' shader compile jobs with 'Low' priority
[2026.08.07-22.22.32:278][  0]LogAudioDerivedData: Display: Updated SoundWave->RawPCMDataSize from 0 to 194212 while cooking SoundWave /Game/Main/Sounds/HN2SoundBank/Player_throw_3.Player_throw_3.
[2026.08.07-22.22.32:279][  0]LogAudioDerivedData: Display: Building compressed audio format OGG hash OGG10000-1-1-1-1-1 wave Player_throw_2...
[2026.08.07-22.22.32:281][  0]LogAudioDerivedData: Display: Compression Quality for SoundWave /Game/Main/Sounds/HN2SoundBank/Player_throw_2.Player_throw_2 will be modified from 40 to 40.
[2026.08.07-22.22.32:305][  0]LogAudioDerivedData: Display: Updated SoundWave->RawPCMDataSize from 0 to 216504 while cooking SoundWave /Game/Main/Sounds/HN2SoundBank/Player_throw_2.Player_throw_2.
[2026.08.07-22.22.32:305][  0]LogAudioDerivedData: Display: Building compressed audio format OGG hash OGG10000-1-1-1-1-1 wave Player_throw_1...
[2026.08.07-22.22.32:355][  0]LogAudioDerivedData: Display: Compression Quality for SoundWave /Game/Main/Sounds/HN2SoundBank/Player_throw_1.Player_throw_1 will be modified from 40 to 40.
[2026.08.07-22.22.32:380][  0]LogAudioDerivedData: Display: Updated SoundWave->RawPCMDataSize from 0 to 207588 while cooking SoundWave /Game/Main/Sounds/HN2SoundBank/Player_throw_1.Player_throw_1.
[2026.08.07-22.22.32:380][  0]LogAudioDerivedData: Display: Building compressed audio format OGG hash OGG10000-1-1-1-1-1 wave footsteps_grass_crouch_1-3__1_...
[2026.08.07-22.22.32:414][  0]LogShaderCompilers: Display: Worker (3/9): shaders left to compile 650
[2026.08.07-22.22.32:414][  0]LogShaderCompilers: Display: Started 10 'Local' shader compile jobs with 'Low' priority
[2026.08.07-22.22.32:414][  0]LogAudioDerivedData: Display: Compression Quality for SoundWave /Game/Main/Sounds/HN2SoundBank/footsteps_grass_crouch_1-3__1_.footsteps_grass_crouch_1-3__1_ will be modified from 40 to 40.
[2026.08.07-22.22.32:428][  0]LogAudioDerivedData: Display: Updated SoundWave->RawPCMDataSize from 0 to 121088 while cooking SoundWave /Game/Main/Sounds/HN2SoundBank/footsteps_grass_crouch_1-3__1_.footsteps_grass_crouch_1-3__1_.
[2026.08.07-22.22.32:429][  0]LogAudioDerivedData: Display: Building compressed audio format OGG hash OGG10000-1-1-1-1-1 wave footsteps_grass_crouch_1-2__2_...
[2026.08.07-22.22.32:495][  0]LogAudioDerivedData: Display: Compression Quality for SoundWave /Game/Main/Sounds/HN2SoundBank/footsteps_grass_crouch_1-2__2_.footsteps_grass_crouch_1-2__2_ will be modified from 40 to 40.
[2026.08.07-22.22.32:510][  0]LogAudioDerivedData: Display: Updated SoundWave->RawPCMDataSize from 0 to 121088 while cooking SoundWave /Game/Main/Sounds/HN2SoundBank/footsteps_grass_crouch_1-2__2_.footsteps_grass_crouch_1-2__2_.
[2026.08.07-22.22.32:511][  0]LogAudioDerivedData: Display: Building compressed audio format OGG hash OGG10000-1-1-1-1-1 wave footsteps_grass_crouch_1-1__1_...
[2026.08.07-22.22.32:568][  0]LogAudioDerivedData: Display: Compression Quality for SoundWave /Game/Main/Sounds/HN2SoundBank/footsteps_grass_crouch_1-1__1_.footsteps_grass_crouch_1-1__1_ will be modified from 40 to 40.
[2026.08.07-22.22.32:582][  0]LogAudioDerivedData: Display: Updated SoundWave->RawPCMDataSize from 0 to 120092 while cooking SoundWave /Game/Main/Sounds/HN2SoundBank/footsteps_grass_crouch_1-1__1_.footsteps_grass_crouch_1-1__1_.
[2026.08.07-22.22.32:582][  0]LogAudioDerivedData: Display: Building compressed audio format OGG hash OGG10000-1-1-1-1-1 wave footsteps_metal_2-6__1_...
[2026.08.07-22.22.32:591][  0]LogAudioDerivedData: Display: Compression Quality for SoundWave /Game/Main/Sounds/HN2SoundBank/footsteps_metal_2-6__1_.footsteps_metal_2-6__1_ will be modified from 40 to 40.
[2026.08.07-22.22.32:604][  0]LogAudioDerivedData: Display: Updated SoundWave->RawPCMDataSize from 0 to 133376 while cooking SoundWave /Game/Main/Sounds/HN2SoundBank/footsteps_metal_2-6__1_.footsteps_metal_2-6__1_.
[2026.08.07-22.22.32:605][  0]LogAudioDerivedData: Display: Building compressed audio format OGG hash OGG10000-1-1-1-1-1 wave footsteps_metal_2-5__1_...
[2026.08.07-22.22.32:607][  0]LogAudioDerivedData: Display: Compression Quality for SoundWave /Game/Main/Sounds/HN2SoundBank/footsteps_metal_2-5__1_.footsteps_metal_2-5__1_ will be modified from 40 to 40.
[2026.08.07-22.22.32:621][  0]LogAudioDerivedData: Display: Updated SoundWave->RawPCMDataSize from 0 to 135140 while cooking SoundWave /Game/Main/Sounds/HN2SoundBank/footsteps_metal_2-5__1_.footsteps_metal_2-5__1_.
[2026.08.07-22.22.32:621][  0]LogAudioDerivedData: Display: Building compressed audio format OGG hash OGG10000-1-1-1-1-1 wave footsteps_metal_2-4__2_...
[2026.08.07-22.22.32:625][  0]LogAudioDerivedData: Display: Compression Quality for SoundWave /Game/Main/Sounds/HN2SoundBank/footsteps_metal_2-4__2_.footsteps_metal_2-4__2_ will be modified from 40 to 40.
[2026.08.07-22.22.32:637][  0]LogAudioDerivedData: Display: Updated SoundWave->RawPCMDataSize from 0 to 132864 while cooking SoundWave /Game/Main/Sounds/HN2SoundBank/footsteps_metal_2-4__2_.footsteps_metal_2-4__2_.
[2026.08.07-22.22.32:638][  0]LogAudioDerivedData: Display: Building compressed audio format OGG hash OGG10000-1-1-1-1-1 wave footsteps_metal_2-3__1_...
[2026.08.07-22.22.32:642][  0]LogAudioDerivedData: Display: Compression Quality for SoundWave /Game/Main/Sounds/HN2SoundBank/footsteps_metal_2-3__1_.footsteps_metal_2-3__1_ will be modified from 40 to 40.
[2026.08.07-22.22.32:655][  0]LogAudioDerivedData: Display: Updated SoundWave->RawPCMDataSize from 0 to 134400 while cooking SoundWave /Game/Main/Sounds/HN2SoundBank/footsteps_metal_2-3__1_.footsteps_metal_2-3__1_.
[2026.08.07-22.22.32:656][  0]LogAudioDerivedData: Display: Building compressed audio format OGG hash OGG10000-1-1-1-1-1 wave footsteps_metal_2-2__1_...
[2026.08.07-22.22.32:681][  0]LogAudioDerivedData: Display: Compression Quality for SoundWave /Game/Main/Sounds/HN2SoundBank/footsteps_metal_2-2__1_.footsteps_metal_2-2__1_ will be modified from 40 to 40.
[2026.08.07-22.22.32:694][  0]LogAudioDerivedData: Display: Updated SoundWave->RawPCMDataSize from 0 to 133376 while cooking SoundWave /Game/Main/Sounds/HN2SoundBank/footsteps_metal_2-2__1_.footsteps_metal_2-2__1_.
[2026.08.07-22.22.32:695][  0]LogAudioDerivedData: Display: Building compressed audio format OGG hash OGG10000-1-1-1-1-1 wave footsteps_metal_2-1__2_...
[2026.08.07-22.22.32:721][  0]LogAudioDerivedData: Display: Compression Quality for SoundWave /Game/Main/Sounds/HN2SoundBank/footsteps_metal_2-1__2_.footsteps_metal_2-1__2_ will be modified from 40 to 40.
[2026.08.07-22.22.32:735][  0]LogAudioDerivedData: Display: Updated SoundWave->RawPCMDataSize from 0 to 135424 while cooking SoundWave /Game/Main/Sounds/HN2SoundBank/footsteps_metal_2-1__2_.footsteps_metal_2-1__2_.
[2026.08.07-22.22.32:735][  0]LogAudioDerivedData: Display: Building compressed audio format OGG hash OGG10000-1-1-1-1-1 wave footsteps_metal_3-6__2_...
[2026.08.07-22.22.32:767][  0]LogAudioDerivedData: Display: Compression Quality for SoundWave /Game/Main/Sounds/HN2SoundBank/footsteps_metal_3-6__2_.footsteps_metal_3-6__2_ will be modified from 40 to 40.
[2026.08.07-22.22.32:781][  0]LogAudioDerivedData: Display: Updated SoundWave->RawPCMDataSize from 0 to 135696 while cooking SoundWave /Game/Main/Sounds/HN2SoundBank/footsteps_metal_3-6__2_.footsteps_metal_3-6__2_.
[2026.08.07-22.22.32:785][  0]LogAudioDerivedData: Display: Building compressed audio format OGG hash OGG10000-1-1-1-1-1 wave footsteps_metal_3-5__3_...
[2026.08.07-22.22.32:798][  0]LogAudioDerivedData: Display: Compression Quality for SoundWave /Game/Main/Sounds/HN2SoundBank/footsteps_metal_3-5__3_.footsteps_metal_3-5__3_ will be modified from 40 to 40.
[2026.08.07-22.22.32:812][  0]LogAudioDerivedData: Display: Updated SoundWave->RawPCMDataSize from 0 to 136256 while cooking SoundWave /Game/Main/Sounds/HN2SoundBank/footsteps_metal_3-5__3_.footsteps_metal_3-5__3_.
[2026.08.07-22.22.32:812][  0]LogAudioDerivedData: Display: Building compressed audio format OGG hash OGG10000-1-1-1-1-1 wave footsteps_metal_3-4__1_...
[2026.08.07-22.22.32:828][  0]LogAudioDerivedData: Display: Compression Quality for SoundWave /Game/Main/Sounds/HN2SoundBank/footsteps_metal_3-4__1_.footsteps_metal_3-4__1_ will be modified from 40 to 40.
[2026.08.07-22.22.32:843][  0]LogAudioDerivedData: Display: Updated SoundWave->RawPCMDataSize from 0 to 135140 while cooking SoundWave /Game/Main/Sounds/HN2SoundBank/footsteps_metal_3-4__1_.footsteps_metal_3-4__1_.
[2026.08.07-22.22.32:844][  0]LogAudioDerivedData: Display: Building compressed audio format OGG hash OGG10000-1-1-1-1-1 wave footsteps_metal_3-3__2_...
[2026.08.07-22.22.32:860][  0]LogAudioDerivedData: Display: Compression Quality for SoundWave /Game/Main/Sounds/HN2SoundBank/footsteps_metal_3-3__2_.footsteps_metal_3-3__2_ will be modified from 40 to 40.
[2026.08.07-22.22.32:872][  0]LogAudioDerivedData: Display: Updated SoundWave->RawPCMDataSize from 0 to 134912 while cooking SoundWave /Game/Main/Sounds/HN2SoundBank/footsteps_metal_3-3__2_.footsteps_metal_3-3__2_.
[2026.08.07-22.22.32:872][  0]LogAudioDerivedData: Display: Building compressed audio format OGG hash OGG10000-1-1-1-1-1 wave footsteps_metal_3-2__2_...
[2026.08.07-22.22.32:890][  0]LogAudioDerivedData: Display: Compression Quality for SoundWave /Game/Main/Sounds/HN2SoundBank/footsteps_metal_3-2__2_.footsteps_metal_3-2__2_ will be modified from 40 to 40.
[2026.08.07-22.22.32:903][  0]LogAudioDerivedData: Display: Updated SoundWave->RawPCMDataSize from 0 to 135140 while cooking SoundWave /Game/Main/Sounds/HN2SoundBank/footsteps_metal_3-2__2_.footsteps_metal_3-2__2_.
[2026.08.07-22.22.32:903][  0]LogAudioDerivedData: Display: Building compressed audio format OGG hash OGG10000-1-1-1-1-1 wave footsteps_water_crouch_1-6__1_...
[2026.08.07-22.22.32:924][  0]LogAudioDerivedData: Display: Compression Quality for SoundWave /Game/Main/Sounds/HN2SoundBank/footsteps_water_crouch_1-6__1_.footsteps_water_crouch_1-6__1_ will be modified from 40 to 40.
[2026.08.07-22.22.32:944][  0]LogAudioDerivedData: Display: Updated SoundWave->RawPCMDataSize from 0 to 195328 while cooking SoundWave /Game/Main/Sounds/HN2SoundBank/footsteps_water_crouch_1-6__1_.footsteps_water_crouch_1-6__1_.
[2026.08.07-22.22.32:944][  0]LogAudioDerivedData: Display: Building compressed audio format OGG hash OGG10000-1-1-1-1-1 wave footsteps_water_crouch_1-5__1_...
[2026.08.07-22.22.32:997][  0]LogAudioDerivedData: Display: Compression Quality for SoundWave /Game/Main/Sounds/HN2SoundBank/footsteps_water_crouch_1-5__1_.footsteps_water_crouch_1-5__1_ will be modified from 40 to 40.
[2026.08.07-22.22.33:015][  0]LogAudioDerivedData: Display: Updated SoundWave->RawPCMDataSize from 0 to 192768 while cooking SoundWave /Game/Main/Sounds/HN2SoundBank/footsteps_water_crouch_1-5__1_.footsteps_water_crouch_1-5__1_.
[2026.08.07-22.22.33:016][  0]LogAudioDerivedData: Display: Building compressed audio format OGG hash OGG10000-1-1-1-1-1 wave footsteps_water_crouch_1-4__2_...
[2026.08.07-22.22.33:036][  0]LogAudioDerivedData: Display: Compression Quality for SoundWave /Game/Main/Sounds/HN2SoundBank/footsteps_water_crouch_1-4__2_.footsteps_water_crouch_1-4__2_ will be modified from 40 to 40.
[2026.08.07-22.22.33:056][  0]LogAudioDerivedData: Display: Updated SoundWave->RawPCMDataSize from 0 to 195328 while cooking SoundWave /Game/Main/Sounds/HN2SoundBank/footsteps_water_crouch_1-4__2_.footsteps_water_crouch_1-4__2_.
[2026.08.07-22.22.33:056][  0]LogAudioDerivedData: Display: Building compressed audio format OGG hash OGG10000-1-1-1-1-1 wave footsteps_water_crouch_1-3__2_...
[2026.08.07-22.22.33:075][  0]LogAudioDerivedData: Display: Compression Quality for SoundWave /Game/Main/Sounds/HN2SoundBank/footsteps_water_crouch_1-3__2_.footsteps_water_crouch_1-3__2_ will be modified from 40 to 40.
[2026.08.07-22.22.33:095][  0]LogAudioDerivedData: Display: Updated SoundWave->RawPCMDataSize from 0 to 195328 while cooking SoundWave /Game/Main/Sounds/HN2SoundBank/footsteps_water_crouch_1-3__2_.footsteps_water_crouch_1-3__2_.
[2026.08.07-22.22.33:096][  0]LogAudioDerivedData: Display: Building compressed audio format OGG hash OGG10000-1-1-1-1-1 wave footsteps_water_crouch_1-2__1_...
[2026.08.07-22.22.33:121][  0]LogAudioDerivedData: Display: Compression Quality for SoundWave /Game/Main/Sounds/HN2SoundBank/footsteps_water_crouch_1-2__1_.footsteps_water_crouch_1-2__1_ will be modified from 40 to 40.
[2026.08.07-22.22.33:142][  0]LogAudioDerivedData: Display: Updated SoundWave->RawPCMDataSize from 0 to 192768 while cooking SoundWave /Game/Main/Sounds/HN2SoundBank/footsteps_water_crouch_1-2__1_.footsteps_water_crouch_1-2__1_.
[2026.08.07-22.22.33:143][  0]LogAudioDerivedData: Display: Building compressed audio format OGG hash OGG10000-1-1-1-1-1 wave footsteps_water_crouch_1-1__1_...
[2026.08.07-22.22.33:161][  0]LogAudioDerivedData: Display: Compression Quality for SoundWave /Game/Main/Sounds/HN2SoundBank/footsteps_water_crouch_1-1__1_.footsteps_water_crouch_1-1__1_ will be modified from 40 to 40.
[2026.08.07-22.22.33:180][  0]LogAudioDerivedData: Display: Updated SoundWave->RawPCMDataSize from 0 to 194212 while cooking SoundWave /Game/Main/Sounds/HN2SoundBank/footsteps_water_crouch_1-1__1_.footsteps_water_crouch_1-1__1_.
[2026.08.07-22.22.33:181][  0]LogAudioDerivedData: Display: Building compressed audio format OGG hash OGG10000-1-1-1-1-1 wave footsteps_wood_1-6__2_...
[2026.08.07-22.22.33:200][  0]LogAudioDerivedData: Display: Compression Quality for SoundWave /Game/Main/Sounds/HN2SoundBank/footsteps_wood_1-6__2_.footsteps_wood_1-6__2_ will be modified from 40 to 40.
[2026.08.07-22.22.33:213][  0]LogAudioDerivedData: Display: Updated SoundWave->RawPCMDataSize from 0 to 97804 while cooking SoundWave /Game/Main/Sounds/HN2SoundBank/footsteps_wood_1-6__2_.footsteps_wood_1-6__2_.
[2026.08.07-22.22.33:213][  0]LogAudioDerivedData: Display: Building compressed audio format OGG hash OGG10000-1-1-1-1-1 wave footsteps_wood_1-5__2_...
[2026.08.07-22.22.33:249][  0]LogAudioDerivedData: Display: Compression Quality for SoundWave /Game/Main/Sounds/HN2SoundBank/footsteps_wood_1-5__2_.footsteps_wood_1-5__2_ will be modified from 40 to 40.
[2026.08.07-22.22.33:263][  0]LogAudioDerivedData: Display: Updated SoundWave->RawPCMDataSize from 0 to 99072 while cooking SoundWave /Game/Main/Sounds/HN2SoundBank/footsteps_wood_1-5__2_.footsteps_wood_1-5__2_.
[2026.08.07-22.22.33:263][  0]LogAudioDerivedData: Display: Building compressed audio format OGG hash OGG10000-1-1-1-1-1 wave footsteps_wood_1-4__2_...
[2026.08.07-22.22.33:297][  0]LogAudioDerivedData: Display: Compression Quality for SoundWave /Game/Main/Sounds/HN2SoundBank/footsteps_wood_1-4__2_.footsteps_wood_1-4__2_ will be modified from 40 to 40.
[2026.08.07-22.22.33:311][  0]LogAudioDerivedData: Display: Updated SoundWave->RawPCMDataSize from 0 to 99584 while cooking SoundWave /Game/Main/Sounds/HN2SoundBank/footsteps_wood_1-4__2_.footsteps_wood_1-4__2_.
[2026.08.07-22.22.33:311][  0]LogAudioDerivedData: Display: Building compressed audio format OGG hash OGG10000-1-1-1-1-1 wave footsteps_wood_crouch_2-4__2_...
[2026.08.07-22.22.33:329][  0]LogAudioDerivedData: Display: Compression Quality for SoundWave /Game/Main/Sounds/HN2SoundBank/footsteps_wood_crouch_2-4__2_.footsteps_wood_crouch_2-4__2_ will be modified from 40 to 40.
[2026.08.07-22.22.33:341][  0]LogAudioDerivedData: Display: Updated SoundWave->RawPCMDataSize from 0 to 120652 while cooking SoundWave /Game/Main/Sounds/HN2SoundBank/footsteps_wood_crouch_2-4__2_.footsteps_wood_crouch_2-4__2_.
[2026.08.07-22.22.33:342][  0]LogAudioDerivedData: Display: Building compressed audio format OGG hash OGG10000-1-1-1-1-1 wave footsteps_wood_crouch_2-3__1_...
[2026.08.07-22.22.33:361][  0]LogAudioDerivedData: Display: Compression Quality for SoundWave /Game/Main/Sounds/HN2SoundBank/footsteps_wood_crouch_2-3__1_.footsteps_wood_crouch_2-3__1_ will be modified from 40 to 40.
[2026.08.07-22.22.33:375][  0]LogAudioDerivedData: Display: Updated SoundWave->RawPCMDataSize from 0 to 123996 while cooking SoundWave /Game/Main/Sounds/HN2SoundBank/footsteps_wood_crouch_2-3__1_.footsteps_wood_crouch_2-3__1_.
[2026.08.07-22.22.33:375][  0]LogAudioDerivedData: Display: Building compressed audio format OGG hash OGG10000-1-1-1-1-1 wave footsteps_wood_crouch_2-2__2_...
[2026.08.07-22.22.33:417][  0]LogAudioDerivedData: Display: Compression Quality for SoundWave /Game/Main/Sounds/HN2SoundBank/footsteps_wood_crouch_2-2__2_.footsteps_wood_crouch_2-2__2_ will be modified from 40 to 40.
[2026.08.07-22.22.33:431][  0]LogAudioDerivedData: Display: Updated SoundWave->RawPCMDataSize from 0 to 120092 while cooking SoundWave /Game/Main/Sounds/HN2SoundBank/footsteps_wood_crouch_2-2__2_.footsteps_wood_crouch_2-2__2_.
[2026.08.07-22.22.33:432][  0]LogAudioDerivedData: Display: Building compressed audio format OGG hash OGG10000-1-1-1-1-1 wave footsteps_wood_crouch_2-1__1_...
[2026.08.07-22.22.33:457][  0]LogAudioDerivedData: Display: Compression Quality for SoundWave /Game/Main/Sounds/HN2SoundBank/footsteps_wood_crouch_2-1__1_.footsteps_wood_crouch_2-1__1_ will be modified from 40 to 40.
[2026.08.07-22.22.33:471][  0]LogAudioDerivedData: Display: Updated SoundWave->RawPCMDataSize from 0 to 123436 while cooking SoundWave /Game/Main/Sounds/HN2SoundBank/footsteps_wood_crouch_2-1__1_.footsteps_wood_crouch_2-1__1_.
[2026.08.07-22.22.33:472][  0]LogAudioDerivedData: Display: Building compressed audio format OGG hash OGG10000-1-1-1-1-1 wave chair_impact_2-1...
[2026.08.07-22.22.33:472][  0]LogAudioDerivedData: Display: Compression Quality for SoundWave /Game/Main/Sounds/HN2SoundBank/Objects/Impact/chair_impact_2-1.chair_impact_2-1 will be modified from 40 to 40.
[2026.08.07-22.22.33:485][  0]LogAudioDerivedData: Display: Updated SoundWave->RawPCMDataSize from 0 to 95016 while cooking SoundWave /Game/Main/Sounds/HN2SoundBank/Objects/Impact/chair_impact_2-1.chair_impact_2-1.
[2026.08.07-22.22.33:485][  0]LogAudioDerivedData: Display: Building compressed audio format OGG hash OGG10000-1-1-1-1-1 wave chair_pick_up_10...
[2026.08.07-22.22.33:485][  0]LogAudioDerivedData: Display: Compression Quality for SoundWave /Game/Main/Sounds/HN2SoundBank/Objects/Pick_Up/chair_pick_up_10.chair_pick_up_10 will be modified from 40 to 40.
[2026.08.07-22.22.33:497][  0]LogAudioDerivedData: Display: Updated SoundWave->RawPCMDataSize from 0 to 85544 while cooking SoundWave /Game/Main/Sounds/HN2SoundBank/Objects/Pick_Up/chair_pick_up_10.chair_pick_up_10.
[2026.08.07-22.22.33:497][  0]LogAudioDerivedData: Display: Building compressed audio format OGG hash OGG10000-1-1-1-1-1 wave chair_pick_up_9...
[2026.08.07-22.22.33:498][  0]LogAudioDerivedData: Display: Compression Quality for SoundWave /Game/Main/Sounds/HN2SoundBank/Objects/Pick_Up/chair_pick_up_9.chair_pick_up_9 will be modified from 40 to 40.
[2026.08.07-22.22.33:509][  0]LogAudioDerivedData: Display: Updated SoundWave->RawPCMDataSize from 0 to 86656 while cooking SoundWave /Game/Main/Sounds/HN2SoundBank/Objects/Pick_Up/chair_pick_up_9.chair_pick_up_9.
[2026.08.07-22.22.33:510][  0]LogAudioDerivedData: Display: Building compressed audio format OGG hash OGG10000-1-1-1-1-1 wave chair_pick_up_2...
[2026.08.07-22.22.33:510][  0]LogAudioDerivedData: Display: Compression Quality for SoundWave /Game/Main/Sounds/HN2SoundBank/Objects/Pick_Up/chair_pick_up_2.chair_pick_up_2 will be modified from 40 to 40.
[2026.08.07-22.22.33:525][  0]LogAudioDerivedData: Display: Updated SoundWave->RawPCMDataSize from 0 to 124552 while cooking SoundWave /Game/Main/Sounds/HN2SoundBank/Objects/Pick_Up/chair_pick_up_2.chair_pick_up_2.
[2026.08.07-22.22.33:526][  0]LogAudioDerivedData: Display: Building compressed audio format OGG hash OGG10000-1-1-1-1-1 wave chair_pick_up_1...
[2026.08.07-22.22.33:526][  0]LogAudioDerivedData: Display: Compression Quality for SoundWave /Game/Main/Sounds/HN2SoundBank/Objects/Pick_Up/chair_pick_up_1.chair_pick_up_1 will be modified from 40 to 40.
[2026.08.07-22.22.33:539][  0]LogAudioDerivedData: Display: Updated SoundWave->RawPCMDataSize from 0 to 83872 while cooking SoundWave /Game/Main/Sounds/HN2SoundBank/Objects/Pick_Up/chair_pick_up_1.chair_pick_up_1.
[2026.08.07-22.22.33:539][  0]LogAudioDerivedData: Display: Building compressed audio format OGG hash OGG10000-1-1-1-1-1 wave Ambience_Day_birds_4...
[2026.08.07-22.22.33:561][  0]LogAudioDerivedData: Display: Compression Quality for SoundWave /Game/Main/Sounds/HN2SoundBank/Ambience_Day_birds_4.Ambience_Day_birds_4 will be modified from 40 to 40.
[2026.08.07-22.22.33:686][  0]LogShaderCompilers: Display: Worker (2/9): shaders left to compile 640
[2026.08.07-22.22.33:686][  0]LogShaderCompilers: Display: Started 10 'Local' shader compile jobs with 'Low' priority
[2026.08.07-22.22.33:686][  0]LogAudioDerivedData: Display: Updated SoundWave->RawPCMDataSize from 0 to 1542400 while cooking SoundWave /Game/Main/Sounds/HN2SoundBank/Ambience_Day_birds_4.Ambience_Day_birds_4.
[2026.08.07-22.22.33:687][  0]LogAudioDerivedData: Display: Building compressed audio format OGG hash OGG10000-1-1-1-1-1 wave Ambience_Day_birds_3...
[2026.08.07-22.22.33:712][  0]LogAudioDerivedData: Display: Compression Quality for SoundWave /Game/Main/Sounds/HN2SoundBank/Ambience_Day_birds_3.Ambience_Day_birds_3 will be modified from 40 to 40.
[2026.08.07-22.22.33:896][  0]LogAudioDerivedData: Display: Updated SoundWave->RawPCMDataSize from 0 to 2173184 while cooking SoundWave /Game/Main/Sounds/HN2SoundBank/Ambience_Day_birds_3.Ambience_Day_birds_3.
[2026.08.07-22.22.33:899][  0]LogAudioDerivedData: Display: Building compressed audio format OGG hash OGG10000-1-1-1-1-1 wave Ambience_Day_birds_2...
[2026.08.07-22.22.33:932][  0]LogAudioDerivedData: Display: Compression Quality for SoundWave /Game/Main/Sounds/HN2SoundBank/Ambience_Day_birds_2.Ambience_Day_birds_2 will be modified from 40 to 40.
[2026.08.07-22.22.34:112][  0]LogShaderCompilers: Display: Worker (4/9): shaders left to compile 630
[2026.08.07-22.22.34:112][  0]LogShaderCompilers: Display: Started 10 'Local' shader compile jobs with 'Low' priority
[2026.08.07-22.22.34:112][  0]LogAudioDerivedData: Display: Updated SoundWave->RawPCMDataSize from 0 to 2222336 while cooking SoundWave /Game/Main/Sounds/HN2SoundBank/Ambience_Day_birds_2.Ambience_Day_birds_2.
[2026.08.07-22.22.34:112][  0]LogAudioDerivedData: Display: Building compressed audio format OGG hash OGG10000-1-1-1-1-1 wave Ambience_Day_birds_1...
[2026.08.07-22.22.34:137][  0]LogAudioDerivedData: Display: Compression Quality for SoundWave /Game/Main/Sounds/HN2SoundBank/Ambience_Day_birds_1.Ambience_Day_birds_1 will be modified from 40 to 40.
[2026.08.07-22.22.34:294][  0]LogAudioDerivedData: Display: Updated SoundWave->RawPCMDataSize from 0 to 1857792 while cooking SoundWave /Game/Main/Sounds/HN2SoundBank/Ambience_Day_birds_1.Ambience_Day_birds_1.
[2026.08.07-22.22.34:295][  0]LogAudioDerivedData: Display: Building compressed audio format OGG hash OGG10000-1-1-1-1-1 wave Quentin_voice_reaction_climb_1...
[2026.08.07-22.22.34:295][  0]LogAudioDerivedData: Display: Compression Quality for SoundWave /Game/Main/Sounds/HN2SoundBank/Voice/Quentin/Quentin_voice_reaction_climb_1.Quentin_voice_reaction_climb_1 will be modified from 40 to 40.
[2026.08.07-22.22.34:309][  0]LogAudioDerivedData: Display: Updated SoundWave->RawPCMDataSize from 0 to 104488 while cooking SoundWave /Game/Main/Sounds/HN2SoundBank/Voice/Quentin/Quentin_voice_reaction_climb_1.Quentin_voice_reaction_climb_1.
[2026.08.07-22.22.34:309][  0]LogAudioDerivedData: Display: Building compressed audio format OGG hash OGG10000-1-1-1-1-1 wave jump_3...
[2026.08.07-22.22.34:319][  0]LogAudioDerivedData: Display: Compression Quality for SoundWave /Game/Main/Sounds/HN2SoundBank/jump_3.jump_3 will be modified from 40 to 40.
[2026.08.07-22.22.34:335][  0]LogAudioDerivedData: Display: Updated SoundWave->RawPCMDataSize from 0 to 120652 while cooking SoundWave /Game/Main/Sounds/HN2SoundBank/jump_3.jump_3.
[2026.08.07-22.22.34:335][  0]LogAudioDerivedData: Display: Building compressed audio format OGG hash OGG10000-1-1-1-1-1 wave jump_2...
[2026.08.07-22.22.34:336][  0]LogAudioDerivedData: Display: Compression Quality for SoundWave /Game/Main/Sounds/HN2SoundBank/jump_2.jump_2 will be modified from 40 to 40.
[2026.08.07-22.22.34:354][  0]LogAudioDerivedData: Display: Updated SoundWave->RawPCMDataSize from 0 to 145728 while cooking SoundWave /Game/Main/Sounds/HN2SoundBank/jump_2.jump_2.
[2026.08.07-22.22.34:354][  0]LogAudioDerivedData: Display: Building compressed audio format OGG hash OGG10000-1-1-1-1-1 wave jump_1...
[2026.08.07-22.22.34:355][  0]LogAudioDerivedData: Display: Compression Quality for SoundWave /Game/Main/Sounds/HN2SoundBank/jump_1.jump_1 will be modified from 40 to 40.
[2026.08.07-22.22.34:372][  0]LogAudioDerivedData: Display: Updated SoundWave->RawPCMDataSize from 0 to 144612 while cooking SoundWave /Game/Main/Sounds/HN2SoundBank/jump_1.jump_1.
[2026.08.07-22.22.34:372][  0]LogAudioDerivedData: Display: Building compressed audio format OGG hash OGG10000-1-1-1-1-1 wave Player_take_aim_3...
[2026.08.07-22.22.34:378][  0]LogAudioDerivedData: Display: Compression Quality for SoundWave /Game/Main/Sounds/HN2SoundBank/Player_take_aim_3.Player_take_aim_3 will be modified from 40 to 40.
[2026.08.07-22.22.34:405][  0]LogAudioDerivedData: Display: Updated SoundWave->RawPCMDataSize from 0 to 243252 while cooking SoundWave /Game/Main/Sounds/HN2SoundBank/Player_take_aim_3.Player_take_aim_3.
[2026.08.07-22.22.34:405][  0]LogAudioDerivedData: Display: Building compressed audio format OGG hash OGG10000-1-1-1-1-1 wave Player_take_aim_2...
[2026.08.07-22.22.34:461][  0]LogAudioDerivedData: Display: Compression Quality for SoundWave /Game/Main/Sounds/HN2SoundBank/Player_take_aim_2.Player_take_aim_2 will be modified from 40 to 40.
[2026.08.07-22.22.34:488][  0]LogAudioDerivedData: Display: Updated SoundWave->RawPCMDataSize from 0 to 243252 while cooking SoundWave /Game/Main/Sounds/HN2SoundBank/Player_take_aim_2.Player_take_aim_2.
[2026.08.07-22.22.34:488][  0]LogAudioDerivedData: Display: Building compressed audio format OGG hash OGG10000-1-1-1-1-1 wave footsteps_wood_2-4__2_...
[2026.08.07-22.22.34:524][  0]LogAudioDerivedData: Display: Compression Quality for SoundWave /Game/Main/Sounds/HN2SoundBank/footsteps_wood_2-4__2_.footsteps_wood_2-4__2_ will be modified from 40 to 40.
[2026.08.07-22.22.34:538][  0]LogAudioDerivedData: Display: Updated SoundWave->RawPCMDataSize from 0 to 99584 while cooking SoundWave /Game/Main/Sounds/HN2SoundBank/footsteps_wood_2-4__2_.footsteps_wood_2-4__2_.
[2026.08.07-22.22.34:538][  0]LogAudioDerivedData: Display: Building compressed audio format OGG hash OGG10000-1-1-1-1-1 wave footsteps_wood_2-3__2_...
[2026.08.07-22.22.34:548][  0]LogAudioDerivedData: Display: Compression Quality for SoundWave /Game/Main/Sounds/HN2SoundBank/footsteps_wood_2-3__2_.footsteps_wood_2-3__2_ will be modified from 40 to 40.
[2026.08.07-22.22.34:560][  0]LogAudioDerivedData: Display: Updated SoundWave->RawPCMDataSize from 0 to 98560 while cooking SoundWave /Game/Main/Sounds/HN2SoundBank/footsteps_wood_2-3__2_.footsteps_wood_2-3__2_.
[2026.08.07-22.22.34:561][  0]LogAudioDerivedData: Display: Building compressed audio format OGG hash OGG10000-1-1-1-1-1 wave footsteps_wood_2-2__2_...
[2026.08.07-22.22.34:571][  0]LogAudioDerivedData: Display: Compression Quality for SoundWave /Game/Main/Sounds/HN2SoundBank/footsteps_wood_2-2__2_.footsteps_wood_2-2__2_ will be modified from 40 to 40.
[2026.08.07-22.22.34:585][  0]LogAudioDerivedData: Display: Updated SoundWave->RawPCMDataSize from 0 to 98560 while cooking SoundWave /Game/Main/Sounds/HN2SoundBank/footsteps_wood_2-2__2_.footsteps_wood_2-2__2_.
[2026.08.07-22.22.34:585][  0]LogAudioDerivedData: Display: Building compressed audio format OGG hash OGG10000-1-1-1-1-1 wave footsteps_wood_2-1__2_...
[2026.08.07-22.22.34:602][  0]LogAudioDerivedData: Display: Compression Quality for SoundWave /Game/Main/Sounds/HN2SoundBank/footsteps_wood_2-1__2_.footsteps_wood_2-1__2_ will be modified from 40 to 40.
[2026.08.07-22.22.34:616][  0]LogAudioDerivedData: Display: Updated SoundWave->RawPCMDataSize from 0 to 99072 while cooking SoundWave /Game/Main/Sounds/HN2SoundBank/footsteps_wood_2-1__2_.footsteps_wood_2-1__2_.
[2026.08.07-22.22.34:616][  0]LogAudioDerivedData: Display: Building compressed audio format OGG hash OGG10000-1-1-1-1-1 wave footsteps_wood_3-1__2_...
[2026.08.07-22.22.34:617][  0]LogAudioDerivedData: Display: Compression Quality for SoundWave /Game/Main/Sounds/HN2SoundBank/footsteps_wood_3-1__2_.footsteps_wood_3-1__2_ will be modified from 40 to 40.
[2026.08.07-22.22.34:631][  0]LogAudioDerivedData: Display: Updated SoundWave->RawPCMDataSize from 0 to 97804 while cooking SoundWave /Game/Main/Sounds/HN2SoundBank/footsteps_wood_3-1__2_.footsteps_wood_3-1__2_.
[2026.08.07-22.22.34:631][  0]LogAudioDerivedData: Display: Building compressed audio format OGG hash OGG10000-1-1-1-1-1 wave footsteps_wood_crouch_1-6__1_...
[2026.08.07-22.22.34:648][  0]LogAudioDerivedData: Display: Compression Quality for SoundWave /Game/Main/Sounds/HN2SoundBank/footsteps_wood_crouch_1-6__1_.footsteps_wood_crouch_1-6__1_ will be modified from 40 to 40.
[2026.08.07-22.22.34:665][  0]LogAudioDerivedData: Display: Updated SoundWave->RawPCMDataSize from 0 to 195328 while cooking SoundWave /Game/Main/Sounds/HN2SoundBank/footsteps_wood_crouch_1-6__1_.footsteps_wood_crouch_1-6__1_.
[2026.08.07-22.22.34:665][  0]LogAudioDerivedData: Display: Building compressed audio format OGG hash OGG10000-1-1-1-1-1 wave footsteps_wood_crouch_1-5__1_...
[2026.08.07-22.22.34:680][  0]LogAudioDerivedData: Display: Compression Quality for SoundWave /Game/Main/Sounds/HN2SoundBank/footsteps_wood_crouch_1-5__1_.footsteps_wood_crouch_1-5__1_ will be modified from 40 to 40.
[2026.08.07-22.22.34:698][  0]LogAudioDerivedData: Display: Updated SoundWave->RawPCMDataSize from 0 to 192540 while cooking SoundWave /Game/Main/Sounds/HN2SoundBank/footsteps_wood_crouch_1-5__1_.footsteps_wood_crouch_1-5__1_.
[2026.08.07-22.22.34:698][  0]LogAudioDerivedData: Display: Building compressed audio format OGG hash OGG10000-1-1-1-1-1 wave footsteps_wood_crouch_1-4__1_...
[2026.08.07-22.22.34:743][  0]LogAudioDerivedData: Display: Compression Quality for SoundWave /Game/Main/Sounds/HN2SoundBank/footsteps_wood_crouch_1-4__1_.footsteps_wood_crouch_1-4__1_ will be modified from 40 to 40.
[2026.08.07-22.22.34:761][  0]LogAudioDerivedData: Display: Updated SoundWave->RawPCMDataSize from 0 to 192768 while cooking SoundWave /Game/Main/Sounds/HN2SoundBank/footsteps_wood_crouch_1-4__1_.footsteps_wood_crouch_1-4__1_.
[2026.08.07-22.22.34:761][  0]LogAudioDerivedData: Display: Building compressed audio format OGG hash OGG10000-1-1-1-1-1 wave footsteps_wood_1-3__2_...
[2026.08.07-22.22.34:771][  0]LogAudioDerivedData: Display: Compression Quality for SoundWave /Game/Main/Sounds/HN2SoundBank/footsteps_wood_1-3__2_.footsteps_wood_1-3__2_ will be modified from 40 to 40.
[2026.08.07-22.22.34:784][  0]LogAudioDerivedData: Display: Updated SoundWave->RawPCMDataSize from 0 to 96000 while cooking SoundWave /Game/Main/Sounds/HN2SoundBank/footsteps_wood_1-3__2_.footsteps_wood_1-3__2_.
[2026.08.07-22.22.34:784][  0]LogAudioDerivedData: Display: Building compressed audio format OGG hash OGG10000-1-1-1-1-1 wave footsteps_wood_1-2__2_...
[2026.08.07-22.22.34:785][  0]LogAudioDerivedData: Display: Compression Quality for SoundWave /Game/Main/Sounds/HN2SoundBank/footsteps_wood_1-2__2_.footsteps_wood_1-2__2_ will be modified from 40 to 40.
[2026.08.07-22.22.34:798][  0]LogAudioDerivedData: Display: Updated SoundWave->RawPCMDataSize from 0 to 97024 while cooking SoundWave /Game/Main/Sounds/HN2SoundBank/footsteps_wood_1-2__2_.footsteps_wood_1-2__2_.
[2026.08.07-22.22.34:798][  0]LogAudioDerivedData: Display: Building compressed audio format OGG hash OGG10000-1-1-1-1-1 wave footsteps_wood_1-1__2_...
[2026.08.07-22.22.34:800][  0]LogAudioDerivedData: Display: Compression Quality for SoundWave /Game/Main/Sounds/HN2SoundBank/footsteps_wood_1-1__2_.footsteps_wood_1-1__2_ will be modified from 40 to 40.
[2026.08.07-22.22.34:814][  0]LogAudioDerivedData: Display: Updated SoundWave->RawPCMDataSize from 0 to 100032 while cooking SoundWave /Game/Main/Sounds/HN2SoundBank/footsteps_wood_1-1__2_.footsteps_wood_1-1__2_.
[2026.08.07-22.22.34:815][  0]LogAudioDerivedData: Display: Building compressed audio format OGG hash OGG10000-1-1-1-1-1 wave footsteps_wood_2-6__2_...
[2026.08.07-22.22.34:815][  0]LogAudioDerivedData: Display: Compression Quality for SoundWave /Game/Main/Sounds/HN2SoundBank/footsteps_wood_2-6__2_.footsteps_wood_2-6__2_ will be modified from 40 to 40.
[2026.08.07-22.22.34:828][  0]LogAudioDerivedData: Display: Updated SoundWave->RawPCMDataSize from 0 to 98360 while cooking SoundWave /Game/Main/Sounds/HN2SoundBank/footsteps_wood_2-6__2_.footsteps_wood_2-6__2_.
[2026.08.07-22.22.34:828][  0]LogAudioDerivedData: Display: Building compressed audio format OGG hash OGG10000-1-1-1-1-1 wave footsteps_wood_2-5__2_...
[2026.08.07-22.22.34:829][  0]LogAudioDerivedData: Display: Compression Quality for SoundWave /Game/Main/Sounds/HN2SoundBank/footsteps_wood_2-5__2_.footsteps_wood_2-5__2_ will be modified from 40 to 40.
[2026.08.07-22.22.34:842][  0]LogAudioDerivedData: Display: Updated SoundWave->RawPCMDataSize from 0 to 99476 while cooking SoundWave /Game/Main/Sounds/HN2SoundBank/footsteps_wood_2-5__2_.footsteps_wood_2-5__2_.
[2026.08.07-22.22.34:842][  0]LogAudioDerivedData: Display: Building compressed audio format OGG hash OGG10000-1-1-1-1-1 wave chair_impact_2-2...
[2026.08.07-22.22.34:842][  0]LogAudioDerivedData: Display: Compression Quality for SoundWave /Game/Main/Sounds/HN2SoundBank/Objects/Impact/chair_impact_2-2.chair_impact_2-2 will be modified from 40 to 40.
[2026.08.07-22.22.34:858][  0]LogAudioDerivedData: Display: Updated SoundWave->RawPCMDataSize from 0 to 114520 while cooking SoundWave /Game/Main/Sounds/HN2SoundBank/Objects/Impact/chair_impact_2-2.chair_impact_2-2.
[2026.08.07-22.22.34:859][  0]LogAudioDerivedData: Display: Building compressed audio format OGG hash OGG10000-1-1-1-1-1 wave chair_impact_2-3...
[2026.08.07-22.22.34:859][  0]LogAudioDerivedData: Display: Compression Quality for SoundWave /Game/Main/Sounds/HN2SoundBank/Objects/Impact/chair_impact_2-3.chair_impact_2-3 will be modified from 40 to 40.
[2026.08.07-22.22.34:875][  0]LogAudioDerivedData: Display: Updated SoundWave->RawPCMDataSize from 0 to 115080 while cooking SoundWave /Game/Main/Sounds/HN2SoundBank/Objects/Impact/chair_impact_2-3.chair_impact_2-3.
[2026.08.07-22.22.34:875][  0]LogAudioDerivedData: Display: Building compressed audio format OGG hash OGG10000-1-1-1-1-1 wave chair_impact_2-4...
[2026.08.07-22.22.34:875][  0]LogAudioDerivedData: Display: Compression Quality for SoundWave /Game/Main/Sounds/HN2SoundBank/Objects/Impact/chair_impact_2-4.chair_impact_2-4 will be modified from 40 to 40.
[2026.08.07-22.22.34:891][  0]LogAudioDerivedData: Display: Updated SoundWave->RawPCMDataSize from 0 to 114520 while cooking SoundWave /Game/Main/Sounds/HN2SoundBank/Objects/Impact/chair_impact_2-4.chair_impact_2-4.
[2026.08.07-22.22.34:891][  0]LogAudioDerivedData: Display: Building compressed audio format OGG hash OGG10000-1-1-1-1-1 wave box_pick_up_1-1...
[2026.08.07-22.22.34:892][  0]LogAudioDerivedData: Display: Compression Quality for SoundWave /Game/Main/Sounds/HN2SoundBank/Objects/Pick_Up/box_pick_up_1-1.box_pick_up_1-1 will be modified from 40 to 40.
[2026.08.07-22.22.34:905][  0]LogAudioDerivedData: Display: Updated SoundWave->RawPCMDataSize from 0 to 96132 while cooking SoundWave /Game/Main/Sounds/HN2SoundBank/Objects/Pick_Up/box_pick_up_1-1.box_pick_up_1-1.
[2026.08.07-22.22.34:908][  0]LogAudioDerivedData: Display: Building compressed audio format OGG hash OGG10000-1-1-1-1-1 wave equipment_run_4...
[2026.08.07-22.22.34:917][  0]LogAudioDerivedData: Display: Compression Quality for SoundWave /Game/Main/Sounds/HN2SoundBank/equipment_run_4.equipment_run_4 will be modified from 40 to 40.
[2026.08.07-22.22.34:932][  0]LogAudioDerivedData: Display: Updated SoundWave->RawPCMDataSize from 0 to 135140 while cooking SoundWave /Game/Main/Sounds/HN2SoundBank/equipment_run_4.equipment_run_4.
[2026.08.07-22.22.34:934][  0]LogAudioDerivedData: Display: Building compressed audio format OGG hash OGG10000-1-1-1-1-1 wave equipment_run_3...
[2026.08.07-22.22.34:959][  0]LogAudioDerivedData: Display: Compression Quality for SoundWave /Game/Main/Sounds/HN2SoundBank/equipment_run_3.equipment_run_3 will be modified from 40 to 40.
[2026.08.07-22.22.34:975][  0]LogAudioDerivedData: Display: Updated SoundWave->RawPCMDataSize from 0 to 136256 while cooking SoundWave /Game/Main/Sounds/HN2SoundBank/equipment_run_3.equipment_run_3.
[2026.08.07-22.22.34:975][  0]LogAudioDerivedData: Display: Building compressed audio format OGG hash OGG10000-1-1-1-1-1 wave equipment_run_2...
[2026.08.07-22.22.34:976][  0]LogAudioDerivedData: Display: Compression Quality for SoundWave /Game/Main/Sounds/HN2SoundBank/equipment_run_2.equipment_run_2 will be modified from 40 to 40.
[2026.08.07-22.22.34:991][  0]LogAudioDerivedData: Display: Updated SoundWave->RawPCMDataSize from 0 to 134584 while cooking SoundWave /Game/Main/Sounds/HN2SoundBank/equipment_run_2.equipment_run_2.
[2026.08.07-22.22.34:991][  0]LogAudioDerivedData: Display: Building compressed audio format OGG hash OGG10000-1-1-1-1-1 wave equipment_run_1...
[2026.08.07-22.22.34:992][  0]LogAudioDerivedData: Display: Compression Quality for SoundWave /Game/Main/Sounds/HN2SoundBank/equipment_run_1.equipment_run_1 will be modified from 40 to 40.
[2026.08.07-22.22.35:008][  0]LogAudioDerivedData: Display: Updated SoundWave->RawPCMDataSize from 0 to 132912 while cooking SoundWave /Game/Main/Sounds/HN2SoundBank/equipment_run_1.equipment_run_1.
[2026.08.07-22.22.35:008][  0]LogAudioDerivedData: Display: Building compressed audio format OGG hash OGG10000-1-1-1-1-1 wave equipment_walk_4...
[2026.08.07-22.22.35:009][  0]LogAudioDerivedData: Display: Compression Quality for SoundWave /Game/Main/Sounds/HN2SoundBank/equipment_walk_4.equipment_walk_4 will be modified from 40 to 40.
[2026.08.07-22.22.35:026][  0]LogAudioDerivedData: Display: Updated SoundWave->RawPCMDataSize from 0 to 149628 while cooking SoundWave /Game/Main/Sounds/HN2SoundBank/equipment_walk_4.equipment_walk_4.
[2026.08.07-22.22.35:027][  0]LogAudioDerivedData: Display: Building compressed audio format OGG hash OGG10000-1-1-1-1-1 wave footsteps_metal_crouch_1-3__2_...
[2026.08.07-22.22.35:117][  0]LogAudioDerivedData: Display: Compression Quality for SoundWave /Game/Main/Sounds/HN2SoundBank/footsteps_metal_crouch_1-3__2_.footsteps_metal_crouch_1-3__2_ will be modified from 40 to 40.
[2026.08.07-22.22.35:131][  0]LogAudioDerivedData: Display: Updated SoundWave->RawPCMDataSize from 0 to 195840 while cooking SoundWave /Game/Main/Sounds/HN2SoundBank/footsteps_metal_crouch_1-3__2_.footsteps_metal_crouch_1-3__2_.
[2026.08.07-22.22.35:132][  0]LogAudioDerivedData: Display: Building compressed audio format OGG hash OGG10000-1-1-1-1-1 wave footsteps_metal_crouch_1-2__2_...
[2026.08.07-22.22.35:157][  0]LogAudioDerivedData: Display: Compression Quality for SoundWave /Game/Main/Sounds/HN2SoundBank/footsteps_metal_crouch_1-2__2_.footsteps_metal_crouch_1-2__2_ will be modified from 40 to 40.
[2026.08.07-22.22.35:173][  0]LogAudioDerivedData: Display: Updated SoundWave->RawPCMDataSize from 0 to 194212 while cooking SoundWave /Game/Main/Sounds/HN2SoundBank/footsteps_metal_crouch_1-2__2_.footsteps_metal_crouch_1-2__2_.
[2026.08.07-22.22.35:173][  0]LogAudioDerivedData: Display: Building compressed audio format OGG hash OGG10000-1-1-1-1-1 wave footsteps_metal_crouch_1-1__1_...
[2026.08.07-22.22.35:270][  0]LogShaderCompilers: Display: Worker (1/9): shaders left to compile 620
[2026.08.07-22.22.35:270][  0]LogShaderCompilers: Display: Started 10 'Local' shader compile jobs with 'Low' priority
[2026.08.07-22.22.35:270][  0]LogAudioDerivedData: Display: Compression Quality for SoundWave /Game/Main/Sounds/HN2SoundBank/footsteps_metal_crouch_1-1__1_.footsteps_metal_crouch_1-1__1_ will be modified from 40 to 40.
[2026.08.07-22.22.35:283][  0]LogAudioDerivedData: Display: Updated SoundWave->RawPCMDataSize from 0 to 194304 while cooking SoundWave /Game/Main/Sounds/HN2SoundBank/footsteps_metal_crouch_1-1__1_.footsteps_metal_crouch_1-1__1_.
[2026.08.07-22.22.35:285][  0]LogAudioDerivedData: Display: Building compressed audio format OGG hash OGG10000-1-1-1-1-1 wave footsteps_metal_crouch_2-6__1_...
[2026.08.07-22.22.35:472][  0]LogAudioDerivedData: Display: Compression Quality for SoundWave /Game/Main/Sounds/HN2SoundBank/footsteps_metal_crouch_2-6__1_.footsteps_metal_crouch_2-6__1_ will be modified from 40 to 40.
[2026.08.07-22.22.35:489][  0]LogAudioDerivedData: Display: Updated SoundWave->RawPCMDataSize from 0 to 193656 while cooking SoundWave /Game/Main/Sounds/HN2SoundBank/footsteps_metal_crouch_2-6__1_.footsteps_metal_crouch_2-6__1_.
[2026.08.07-22.22.35:490][  0]LogAudioDerivedData: Display: Building compressed audio format OGG hash OGG10000-1-1-1-1-1 wave footsteps_metal_crouch_2-5__2_...
[2026.08.07-22.22.35:762][  0]LogShaderCompilers: Display: Worker (6/9): shaders left to compile 610
[2026.08.07-22.22.35:762][  0]LogShaderCompilers: Display: Started 10 'Local' shader compile jobs with 'Low' priority
[2026.08.07-22.22.35:762][  0]LogAudioDerivedData: Display: Compression Quality for SoundWave /Game/Main/Sounds/HN2SoundBank/footsteps_metal_crouch_2-5__2_.footsteps_metal_crouch_2-5__2_ will be modified from 40 to 40.
[2026.08.07-22.22.35:778][  0]LogAudioDerivedData: Display: Updated SoundWave->RawPCMDataSize from 0 to 195840 while cooking SoundWave /Game/Main/Sounds/HN2SoundBank/footsteps_metal_crouch_2-5__2_.footsteps_metal_crouch_2-5__2_.
[2026.08.07-22.22.35:779][  0]LogAudioDerivedData: Display: Building compressed audio format OGG hash OGG10000-1-1-1-1-1 wave footsteps_metal_3-1__2_...
[2026.08.07-22.22.35:830][  0]LogAudioDerivedData: Display: Compression Quality for SoundWave /Game/Main/Sounds/HN2SoundBank/footsteps_metal_3-1__2_.footsteps_metal_3-1__2_ will be modified from 40 to 40.
[2026.08.07-22.22.35:842][  0]LogAudioDerivedData: Display: Updated SoundWave->RawPCMDataSize from 0 to 132864 while cooking SoundWave /Game/Main/Sounds/HN2SoundBank/footsteps_metal_3-1__2_.footsteps_metal_3-1__2_.
[2026.08.07-22.22.35:842][  0]LogAudioDerivedData: Display: Building compressed audio format OGG hash OGG10000-1-1-1-1-1 wave footsteps_metal_crouch_1-6__1_...
[2026.08.07-22.22.36:058][  0]LogAudioDerivedData: Display: Compression Quality for SoundWave /Game/Main/Sounds/HN2SoundBank/footsteps_metal_crouch_1-6__1_.footsteps_metal_crouch_1-6__1_ will be modified from 40 to 40.
[2026.08.07-22.22.36:072][  0]LogAudioDerivedData: Display: Updated SoundWave->RawPCMDataSize from 0 to 194816 while cooking SoundWave /Game/Main/Sounds/HN2SoundBank/footsteps_metal_crouch_1-6__1_.footsteps_metal_crouch_1-6__1_.
[2026.08.07-22.22.36:076][  0]LogAudioDerivedData: Display: Building compressed audio format OGG hash OGG10000-1-1-1-1-1 wave footsteps_metal_crouch_1-5__1_...
[2026.08.07-22.22.36:339][  0]LogAudioDerivedData: Display: Compression Quality for SoundWave /Game/Main/Sounds/HN2SoundBank/footsteps_metal_crouch_1-5__1_.footsteps_metal_crouch_1-5__1_ will be modified from 40 to 40.
[2026.08.07-22.22.36:356][  0]LogAudioDerivedData: Display: Updated SoundWave->RawPCMDataSize from 0 to 193656 while cooking SoundWave /Game/Main/Sounds/HN2SoundBank/footsteps_metal_crouch_1-5__1_.footsteps_metal_crouch_1-5__1_.
[2026.08.07-22.22.36:357][  0]LogAudioDerivedData: Display: Building compressed audio format OGG hash OGG10000-1-1-1-1-1 wave footsteps_metal_crouch_1-4__1_...
[2026.08.07-22.22.36:662][  0]LogAudioDerivedData: Display: Compression Quality for SoundWave /Game/Main/Sounds/HN2SoundBank/footsteps_metal_crouch_1-4__1_.footsteps_metal_crouch_1-4__1_ will be modified from 40 to 40.
[2026.08.07-22.22.36:676][  0]LogAudioDerivedData: Display: Updated SoundWave->RawPCMDataSize from 0 to 194768 while cooking SoundWave /Game/Main/Sounds/HN2SoundBank/footsteps_metal_crouch_1-4__1_.footsteps_metal_crouch_1-4__1_.
[2026.08.07-22.22.36:677][  0]LogAudioDerivedData: Display: Building compressed audio format OGG hash OGG10000-1-1-1-1-1 wave footsteps_metal_crouch_2-4__1_...
[2026.08.07-22.22.36:760][  0]LogAudioDerivedData: Display: Compression Quality for SoundWave /Game/Main/Sounds/HN2SoundBank/footsteps_metal_crouch_2-4__1_.footsteps_metal_crouch_2-4__1_ will be modified from 40 to 40.
[2026.08.07-22.22.36:776][  0]LogAudioDerivedData: Display: Updated SoundWave->RawPCMDataSize from 0 to 193656 while cooking SoundWave /Game/Main/Sounds/HN2SoundBank/footsteps_metal_crouch_2-4__1_.footsteps_metal_crouch_2-4__1_.
[2026.08.07-22.22.36:777][  0]LogAudioDerivedData: Display: Building compressed audio format OGG hash OGG10000-1-1-1-1-1 wave footsteps_metal_crouch_2-3__2_...
[2026.08.07-22.22.36:982][  0]LogAudioDerivedData: Display: Compression Quality for SoundWave /Game/Main/Sounds/HN2SoundBank/footsteps_metal_crouch_2-3__2_.footsteps_metal_crouch_2-3__2_ will be modified from 40 to 40.
[2026.08.07-22.22.36:999][  0]LogAudioDerivedData: Display: Updated SoundWave->RawPCMDataSize from 0 to 195840 while cooking SoundWave /Game/Main/Sounds/HN2SoundBank/footsteps_metal_crouch_2-3__2_.footsteps_metal_crouch_2-3__2_.
[2026.08.07-22.22.36:999][  0]LogAudioDerivedData: Display: Building compressed audio format OGG hash OGG10000-1-1-1-1-1 wave footsteps_metal_crouch_2-2__2_...
[2026.08.07-22.22.37:113][  0]LogShaderCompilers: Display: Worker (5/9): shaders left to compile 600
[2026.08.07-22.22.37:113][  0]LogShaderCompilers: Display: Started 10 'Local' shader compile jobs with 'Low' priority
[2026.08.07-22.22.37:113][  0]LogAudioDerivedData: Display: Compression Quality for SoundWave /Game/Main/Sounds/HN2SoundBank/footsteps_metal_crouch_2-2__2_.footsteps_metal_crouch_2-2__2_ will be modified from 40 to 40.
[2026.08.07-22.22.37:130][  0]LogAudioDerivedData: Display: Updated SoundWave->RawPCMDataSize from 0 to 196440 while cooking SoundWave /Game/Main/Sounds/HN2SoundBank/footsteps_metal_crouch_2-2__2_.footsteps_metal_crouch_2-2__2_.
[2026.08.07-22.22.37:134][  0]LogAudioDerivedData: Display: Building compressed audio format OGG hash OGG10000-1-1-1-1-1 wave footsteps_metal_crouch_2-1__1_...
[2026.08.07-22.22.37:293][  0]LogShaderCompilers: Display: Worker (3/9): shaders left to compile 590
[2026.08.07-22.22.37:293][  0]LogShaderCompilers: Display: Started 10 'Local' shader compile jobs with 'Low' priority
[2026.08.07-22.22.37:293][  0]LogAudioDerivedData: Display: Compression Quality for SoundWave /Game/Main/Sounds/HN2SoundBank/footsteps_metal_crouch_2-1__1_.footsteps_metal_crouch_2-1__1_ will be modified from 40 to 40.
[2026.08.07-22.22.37:311][  0]LogAudioDerivedData: Display: Updated SoundWave->RawPCMDataSize from 0 to 195840 while cooking SoundWave /Game/Main/Sounds/HN2SoundBank/footsteps_metal_crouch_2-1__1_.footsteps_metal_crouch_2-1__1_.
[2026.08.07-22.22.37:312][  0]LogAudioDerivedData: Display: Building compressed audio format OGG hash OGG10000-1-1-1-1-1 wave footsteps_stone_1-6__2_...
[2026.08.07-22.22.37:516][  0]LogAudioDerivedData: Display: Compression Quality for SoundWave /Game/Main/Sounds/HN2SoundBank/footsteps_stone_1-6__2_.footsteps_stone_1-6__2_ will be modified from 40 to 40.
[2026.08.07-22.22.37:528][  0]LogAudioDerivedData: Display: Updated SoundWave->RawPCMDataSize from 0 to 135696 while cooking SoundWave /Game/Main/Sounds/HN2SoundBank/footsteps_stone_1-6__2_.footsteps_stone_1-6__2_.
[2026.08.07-22.22.37:529][  0]LogAudioDerivedData: Display: Building compressed audio format OGG hash OGG10000-1-1-1-1-1 wave footsteps_stone_1-5__2_...
[2026.08.07-22.22.37:548][  0]LogAudioDerivedData: Display: Compression Quality for SoundWave /Game/Main/Sounds/HN2SoundBank/footsteps_stone_1-5__2_.footsteps_stone_1-5__2_ will be modified from 40 to 40.
[2026.08.07-22.22.37:562][  0]LogAudioDerivedData: Display: Updated SoundWave->RawPCMDataSize from 0 to 135696 while cooking SoundWave /Game/Main/Sounds/HN2SoundBank/footsteps_stone_1-5__2_.footsteps_stone_1-5__2_.
[2026.08.07-22.22.37:562][  0]LogAudioDerivedData: Display: Building compressed audio format OGG hash OGG10000-1-1-1-1-1 wave footsteps_stone_1-4__2_...
[2026.08.07-22.22.37:645][  0]LogAudioDerivedData: Display: Compression Quality for SoundWave /Game/Main/Sounds/HN2SoundBank/footsteps_stone_1-4__2_.footsteps_stone_1-4__2_ will be modified from 40 to 40.
[2026.08.07-22.22.37:656][  0]LogAudioDerivedData: Display: Updated SoundWave->RawPCMDataSize from 0 to 133888 while cooking SoundWave /Game/Main/Sounds/HN2SoundBank/footsteps_stone_1-4__2_.footsteps_stone_1-4__2_.
[2026.08.07-22.22.37:656][  0]LogAudioDerivedData: Display: Building compressed audio format OGG hash OGG10000-1-1-1-1-1 wave footsteps_stone_1-3__2_...
[2026.08.07-22.22.37:676][  0]LogAudioDerivedData: Display: Compression Quality for SoundWave /Game/Main/Sounds/HN2SoundBank/footsteps_stone_1-3__2_.footsteps_stone_1-3__2_ will be modified from 40 to 40.
[2026.08.07-22.22.37:688][  0]LogAudioDerivedData: Display: Updated SoundWave->RawPCMDataSize from 0 to 134584 while cooking SoundWave /Game/Main/Sounds/HN2SoundBank/footsteps_stone_1-3__2_.footsteps_stone_1-3__2_.
[2026.08.07-22.22.37:688][  0]LogAudioDerivedData: Display: Building compressed audio format OGG hash OGG10000-1-1-1-1-1 wave footsteps_stone_1-2__2_...
[2026.08.07-22.22.37:781][  0]LogAudioDerivedData: Display: Compression Quality for SoundWave /Game/Main/Sounds/HN2SoundBank/footsteps_stone_1-2__2_.footsteps_stone_1-2__2_ will be modified from 40 to 40.
[2026.08.07-22.22.37:795][  0]LogAudioDerivedData: Display: Updated SoundWave->RawPCMDataSize from 0 to 136256 while cooking SoundWave /Game/Main/Sounds/HN2SoundBank/footsteps_stone_1-2__2_.footsteps_stone_1-2__2_.
[2026.08.07-22.22.37:795][  0]LogAudioDerivedData: Display: Building compressed audio format OGG hash OGG10000-1-1-1-1-1 wave equipment_crouch_4...
[2026.08.07-22.22.37:847][  0]LogShaderCompilers: Display: Worker (7/9): shaders left to compile 580
[2026.08.07-22.22.37:847][  0]LogShaderCompilers: Display: Started 10 'Local' shader compile jobs with 'Low' priority
[2026.08.07-22.22.37:847][  0]LogAudioDerivedData: Display: Compression Quality for SoundWave /Game/Main/Sounds/HN2SoundBank/equipment_crouch_4.equipment_crouch_4 will be modified from 40 to 40.
[2026.08.07-22.22.37:867][  0]LogAudioDerivedData: Display: Updated SoundWave->RawPCMDataSize from 0 to 194212 while cooking SoundWave /Game/Main/Sounds/HN2SoundBank/equipment_crouch_4.equipment_crouch_4.
[2026.08.07-22.22.37:868][  0]LogAudioDerivedData: Display: Building compressed audio format OGG hash OGG10000-1-1-1-1-1 wave equipment_crouch_3...
[2026.08.07-22.22.37:930][  0]LogAudioDerivedData: Display: Compression Quality for SoundWave /Game/Main/Sounds/HN2SoundBank/equipment_crouch_3.equipment_crouch_3 will be modified from 40 to 40.
[2026.08.07-22.22.37:950][  0]LogAudioDerivedData: Display: Updated SoundWave->RawPCMDataSize from 0 to 194212 while cooking SoundWave /Game/Main/Sounds/HN2SoundBank/equipment_crouch_3.equipment_crouch_3.
[2026.08.07-22.22.37:950][  0]LogAudioDerivedData: Display: Building compressed audio format OGG hash OGG10000-1-1-1-1-1 wave equipment_crouch_1...
[2026.08.07-22.22.37:987][  0]LogAudioDerivedData: Display: Compression Quality for SoundWave /Game/Main/Sounds/HN2SoundBank/equipment_crouch_1.equipment_crouch_1 will be modified from 40 to 40.
[2026.08.07-22.22.38:007][  0]LogAudioDerivedData: Display: Updated SoundWave->RawPCMDataSize from 0 to 194212 while cooking SoundWave /Game/Main/Sounds/HN2SoundBank/equipment_crouch_1.equipment_crouch_1.
[2026.08.07-22.22.38:007][  0]LogAudioDerivedData: Display: Building compressed audio format OGG hash OGG10000-1-1-1-1-1 wave crowbar_impact_2-4...
[2026.08.07-22.22.38:015][  0]LogAudioDerivedData: Display: Compression Quality for SoundWave /Game/Main/Sounds/HN2SoundBank/Objects/Impact/crowbar_impact_2-4.crowbar_impact_2-4 will be modified from 40 to 40.
[2026.08.07-22.22.38:036][  0]LogAudioDerivedData: Display: Updated SoundWave->RawPCMDataSize from 0 to 188080 while cooking SoundWave /Game/Main/Sounds/HN2SoundBank/Objects/Impact/crowbar_impact_2-4.crowbar_impact_2-4.
[2026.08.07-22.22.38:037][  0]LogAudioDerivedData: Display: Building compressed audio format OGG hash OGG10000-1-1-1-1-1 wave crowbar_impact_2-3...
[2026.08.07-22.22.38:038][  0]LogAudioDerivedData: Display: Compression Quality for SoundWave /Game/Main/Sounds/HN2SoundBank/Objects/Impact/crowbar_impact_2-3.crowbar_impact_2-3 will be modified from 40 to 40.
[2026.08.07-22.22.38:058][  0]LogAudioDerivedData: Display: Updated SoundWave->RawPCMDataSize from 0 to 170248 while cooking SoundWave /Game/Main/Sounds/HN2SoundBank/Objects/Impact/crowbar_impact_2-3.crowbar_impact_2-3.
[2026.08.07-22.22.38:058][  0]LogAudioDerivedData: Display: Building compressed audio format OGG hash OGG10000-1-1-1-1-1 wave crowbar_impact_2-2...
[2026.08.07-22.22.38:059][  0]LogAudioDerivedData: Display: Compression Quality for SoundWave /Game/Main/Sounds/HN2SoundBank/Objects/Impact/crowbar_impact_2-2.crowbar_impact_2-2 will be modified from 40 to 40.
[2026.08.07-22.22.38:078][  0]LogAudioDerivedData: Display: Updated SoundWave->RawPCMDataSize from 0 to 168576 while cooking SoundWave /Game/Main/Sounds/HN2SoundBank/Objects/Impact/crowbar_impact_2-2.crowbar_impact_2-2.
[2026.08.07-22.22.38:078][  0]LogAudioDerivedData: Display: Building compressed audio format OGG hash OGG10000-1-1-1-1-1 wave crowbar_impact_2-1...
[2026.08.07-22.22.38:080][  0]LogAudioDerivedData: Display: Compression Quality for SoundWave /Game/Main/Sounds/HN2SoundBank/Objects/Impact/crowbar_impact_2-1.crowbar_impact_2-1 will be modified from 40 to 40.
[2026.08.07-22.22.38:098][  0]LogAudioDerivedData: Display: Updated SoundWave->RawPCMDataSize from 0 to 169692 while cooking SoundWave /Game/Main/Sounds/HN2SoundBank/Objects/Impact/crowbar_impact_2-1.crowbar_impact_2-1.
[2026.08.07-22.22.38:098][  0]LogAudioDerivedData: Display: Building compressed audio format OGG hash OGG10000-1-1-1-1-1 wave wrench_pick_up_3...
[2026.08.07-22.22.38:176][  0]LogShaderCompilers: Display: Worker (9/9): shaders left to compile 570
[2026.08.07-22.22.38:176][  0]LogShaderCompilers: Display: Started 10 'Local' shader compile jobs with 'Low' priority
[2026.08.07-22.22.38:177][  0]LogAudioDerivedData: Display: Compression Quality for SoundWave /Game/Main/Sounds/HN2SoundBank/Objects/Pick_Up/wrench_pick_up_3.wrench_pick_up_3 will be modified from 40 to 40.
[2026.08.07-22.22.38:192][  0]LogAudioDerivedData: Display: Updated SoundWave->RawPCMDataSize from 0 to 133468 while cooking SoundWave /Game/Main/Sounds/HN2SoundBank/Objects/Pick_Up/wrench_pick_up_3.wrench_pick_up_3.
[2026.08.07-22.22.38:195][  0]LogAudioDerivedData: Display: Building compressed audio format OGG hash OGG10000-1-1-1-1-1 wave crowbar_pick_up_4...
[2026.08.07-22.22.38:386][  0]LogAudioDerivedData: Display: Compression Quality for SoundWave /Game/Main/Sounds/HN2SoundBank/Objects/Pick_Up/crowbar_pick_up_4.crowbar_pick_up_4 will be modified from 40 to 40.
[2026.08.07-22.22.38:398][  0]LogAudioDerivedData: Display: Updated SoundWave->RawPCMDataSize from 0 to 95016 while cooking SoundWave /Game/Main/Sounds/HN2SoundBank/Objects/Pick_Up/crowbar_pick_up_4.crowbar_pick_up_4.
[2026.08.07-22.22.38:400][  0]LogAudioDerivedData: Display: Building compressed audio format OGG hash OGG10000-1-1-1-1-1 wave crowbar_pick_up_2...
[2026.08.07-22.22.38:693][  0]LogShaderCompilers: Display: Worker (6/9): shaders left to compile 560
[2026.08.07-22.22.38:693][  0]LogShaderCompilers: Display: Started 10 'Local' shader compile jobs with 'Low' priority
[2026.08.07-22.22.38:693][  0]LogAudioDerivedData: Display: Compression Quality for SoundWave /Game/Main/Sounds/HN2SoundBank/Objects/Pick_Up/crowbar_pick_up_2.crowbar_pick_up_2 will be modified from 40 to 40.
[2026.08.07-22.22.38:707][  0]LogAudioDerivedData: Display: Updated SoundWave->RawPCMDataSize from 0 to 93900 while cooking SoundWave /Game/Main/Sounds/HN2SoundBank/Objects/Pick_Up/crowbar_pick_up_2.crowbar_pick_up_2.
[2026.08.07-22.22.38:707][  0]LogAudioDerivedData: Display: Building compressed audio format OGG hash OGG10000-1-1-1-1-1 wave binocular_impact_3...
[2026.08.07-22.22.38:745][  0]LogAudioDerivedData: Display: Compression Quality for SoundWave /Game/Main/Sounds/HN2SoundBank/Objects/Impact/binocular_impact_3.binocular_impact_3 will be modified from 40 to 40.
[2026.08.07-22.22.38:760][  0]LogAudioDerivedData: Display: Updated SoundWave->RawPCMDataSize from 0 to 91116 while cooking SoundWave /Game/Main/Sounds/HN2SoundBank/Objects/Impact/binocular_impact_3.binocular_impact_3.
[2026.08.07-22.22.38:760][  0]LogAudioDerivedData: Display: Building compressed audio format OGG hash OGG10000-1-1-1-1-1 wave binocular_impact_4...
[2026.08.07-22.22.38:760][  0]LogAudioDerivedData: Display: Compression Quality for SoundWave /Game/Main/Sounds/HN2SoundBank/Objects/Impact/binocular_impact_4.binocular_impact_4 will be modified from 40 to 40.
[2026.08.07-22.22.38:776][  0]LogAudioDerivedData: Display: Updated SoundWave->RawPCMDataSize from 0 to 104488 while cooking SoundWave /Game/Main/Sounds/HN2SoundBank/Objects/Impact/binocular_impact_4.binocular_impact_4.
[2026.08.07-22.22.38:776][  0]LogAudioDerivedData: Display: Building compressed audio format OGG hash OGG10000-1-1-1-1-1 wave binocular_impact_2...
[2026.08.07-22.22.38:962][  0]LogShaderCompilers: Display: Worker (8/9): shaders left to compile 550
[2026.08.07-22.22.38:962][  0]LogShaderCompilers: Display: Started 10 'Local' shader compile jobs with 'Low' priority
[2026.08.07-22.22.38:962][  0]LogShaderCompilers: Display: Worker (4/9): shaders left to compile 540
[2026.08.07-22.22.38:962][  0]LogShaderCompilers: Display: Started 10 'Local' shader compile jobs with 'Low' priority
[2026.08.07-22.22.38:962][  0]LogAudioDerivedData: Display: Compression Quality for SoundWave /Game/Main/Sounds/HN2SoundBank/Objects/Impact/binocular_impact_2.binocular_impact_2 will be modified from 40 to 40.
[2026.08.07-22.22.38:977][  0]LogShaderCompilers: Display: Worker (1/9): shaders left to compile 530
[2026.08.07-22.22.38:977][  0]LogShaderCompilers: Display: Started 10 'Local' shader compile jobs with 'Low' priority
[2026.08.07-22.22.38:977][  0]LogAudioDerivedData: Display: Updated SoundWave->RawPCMDataSize from 0 to 110064 while cooking SoundWave /Game/Main/Sounds/HN2SoundBank/Objects/Impact/binocular_impact_2.binocular_impact_2.
[2026.08.07-22.22.38:978][  0]LogAudioDerivedData: Display: Building compressed audio format OGG hash OGG10000-1-1-1-1-1 wave binocular_impact_1...
[2026.08.07-22.22.39:278][  0]LogAudioDerivedData: Display: Compression Quality for SoundWave /Game/Main/Sounds/HN2SoundBank/Objects/Impact/binocular_impact_1.binocular_impact_1 will be modified from 40 to 40.
[2026.08.07-22.22.39:291][  0]LogAudioDerivedData: Display: Updated SoundWave->RawPCMDataSize from 0 to 95572 while cooking SoundWave /Game/Main/Sounds/HN2SoundBank/Objects/Impact/binocular_impact_1.binocular_impact_1.
[2026.08.07-22.22.39:295][  0]LogAudioDerivedData: Display: Building compressed audio format OGG hash OGG10000-1-1-1-1-1 wave camera_pick_up_3...
[2026.08.07-22.22.39:378][  0]LogAudioDerivedData: Display: Compression Quality for SoundWave /Game/Main/Sounds/HN2SoundBank/Objects/Pick_Up/camera_pick_up_3.camera_pick_up_3 will be modified from 40 to 40.
[2026.08.07-22.22.39:402][  0]LogAudioDerivedData: Display: Updated SoundWave->RawPCMDataSize from 0 to 226532 while cooking SoundWave /Game/Main/Sounds/HN2SoundBank/Objects/Pick_Up/camera_pick_up_3.camera_pick_up_3.
[2026.08.07-22.22.39:404][  0]LogAudioDerivedData: Display: Building compressed audio format OGG hash OGG10000-1-1-1-1-1 wave crowbar_pick_up_5...
[2026.08.07-22.22.39:561][  0]LogShaderCompilers: Display: Worker (2/9): shaders left to compile 520
[2026.08.07-22.22.39:562][  0]LogShaderCompilers: Display: Started 10 'Local' shader compile jobs with 'Low' priority
[2026.08.07-22.22.39:562][  0]LogAudioDerivedData: Display: Compression Quality for SoundWave /Game/Main/Sounds/HN2SoundBank/Objects/Pick_Up/crowbar_pick_up_5.crowbar_pick_up_5 will be modified from 40 to 40.
[2026.08.07-22.22.39:575][  0]LogAudioDerivedData: Display: Updated SoundWave->RawPCMDataSize from 0 to 94460 while cooking SoundWave /Game/Main/Sounds/HN2SoundBank/Objects/Pick_Up/crowbar_pick_up_5.crowbar_pick_up_5.
[2026.08.07-22.22.39:575][  0]LogAudioDerivedData: Display: Building compressed audio format OGG hash OGG10000-1-1-1-1-1 wave wrench_pick_up_1...
[2026.08.07-22.22.39:747][  0]LogAudioDerivedData: Display: Compression Quality for SoundWave /Game/Main/Sounds/HN2SoundBank/Objects/Pick_Up/wrench_pick_up_1.wrench_pick_up_1 will be modified from 40 to 40.
[2026.08.07-22.22.39:766][  0]LogAudioDerivedData: Display: Updated SoundWave->RawPCMDataSize from 0 to 166904 while cooking SoundWave /Game/Main/Sounds/HN2SoundBank/Objects/Pick_Up/wrench_pick_up_1.wrench_pick_up_1.
[2026.08.07-22.22.39:766][  0]LogAudioDerivedData: Display: Building compressed audio format OGG hash OGG10000-1-1-1-1-1 wave wrench_pick_up_2...
[2026.08.07-22.22.39:868][  0]LogAudioDerivedData: Display: Compression Quality for SoundWave /Game/Main/Sounds/HN2SoundBank/Objects/Pick_Up/wrench_pick_up_2.wrench_pick_up_2 will be modified from 40 to 40.
[2026.08.07-22.22.39:891][  0]LogAudioDerivedData: Display: Updated SoundWave->RawPCMDataSize from 0 to 203684 while cooking SoundWave /Game/Main/Sounds/HN2SoundBank/Objects/Pick_Up/wrench_pick_up_2.wrench_pick_up_2.
[2026.08.07-22.22.39:891][  0]LogAudioDerivedData: Display: Building compressed audio format OGG hash OGG10000-1-1-1-1-1 wave car_sign_imp_2...
[2026.08.07-22.22.40:155][  0]LogAudioDerivedData: Display: Compression Quality for SoundWave /Game/Main/Sounds/HN2SoundBank/Objects/Impact/car_sign_imp_2.car_sign_imp_2 will be modified from 40 to 40.
[2026.08.07-22.22.40:168][  0]LogAudioDerivedData: Display: Updated SoundWave->RawPCMDataSize from 0 to 96000 while cooking SoundWave /Game/Main/Sounds/HN2SoundBank/Objects/Impact/car_sign_imp_2.car_sign_imp_2.
[2026.08.07-22.22.40:169][  0]LogAudioDerivedData: Display: Building compressed audio format OGG hash OGG10000-1-1-1-1-1 wave car_sign_imp_1...
[2026.08.07-22.22.40:220][  0]LogAudioDerivedData: Display: Compression Quality for SoundWave /Game/Main/Sounds/HN2SoundBank/Objects/Impact/car_sign_imp_1.car_sign_imp_1 will be modified from 40 to 40.
[2026.08.07-22.22.40:235][  0]LogAudioDerivedData: Display: Updated SoundWave->RawPCMDataSize from 0 to 104488 while cooking SoundWave /Game/Main/Sounds/HN2SoundBank/Objects/Impact/car_sign_imp_1.car_sign_imp_1.
[2026.08.07-22.22.40:235][  0]LogAudioDerivedData: Display: Building compressed audio format OGG hash OGG10000-1-1-1-1-1 wave footsteps_stone_1-1__2_...
[2026.08.07-22.22.40:487][  0]LogShaderCompilers: Display: Worker (3/9): shaders left to compile 510
[2026.08.07-22.22.40:489][  0]LogShaderCompilers: Display: Started 10 'Local' shader compile jobs with 'Low' priority
[2026.08.07-22.22.40:489][  0]LogAudioDerivedData: Display: Compression Quality for SoundWave /Game/Main/Sounds/HN2SoundBank/footsteps_stone_1-1__2_.footsteps_stone_1-1__2_ will be modified from 40 to 40.
[2026.08.07-22.22.40:500][  0]LogAudioDerivedData: Display: Updated SoundWave->RawPCMDataSize from 0 to 136256 while cooking SoundWave /Game/Main/Sounds/HN2SoundBank/footsteps_stone_1-1__2_.footsteps_stone_1-1__2_.
[2026.08.07-22.22.40:504][  0]LogAudioDerivedData: Display: Building compressed audio format OGG hash OGG10000-1-1-1-1-1 wave footsteps_stone_crouch_1-6__1_...
[2026.08.07-22.22.40:693][  0]LogAudioDerivedData: Display: Compression Quality for SoundWave /Game/Main/Sounds/HN2SoundBank/footsteps_stone_crouch_1-6__1_.footsteps_stone_crouch_1-6__1_ will be modified from 40 to 40.
[2026.08.07-22.22.40:708][  0]LogAudioDerivedData: Display: Updated SoundWave->RawPCMDataSize from 0 to 194768 while cooking SoundWave /Game/Main/Sounds/HN2SoundBank/footsteps_stone_crouch_1-6__1_.footsteps_stone_crouch_1-6__1_.
[2026.08.07-22.22.40:709][  0]LogAudioDerivedData: Display: Building compressed audio format OGG hash OGG10000-1-1-1-1-1 wave footsteps_stone_crouch_1-5__1_...
[2026.08.07-22.22.40:730][  0]LogAudioDerivedData: Display: Compression Quality for SoundWave /Game/Main/Sounds/HN2SoundBank/footsteps_stone_crouch_1-5__1_.footsteps_stone_crouch_1-5__1_ will be modified from 40 to 40.
[2026.08.07-22.22.40:745][  0]LogAudioDerivedData: Display: Updated SoundWave->RawPCMDataSize from 0 to 194768 while cooking SoundWave /Game/Main/Sounds/HN2SoundBank/footsteps_stone_crouch_1-5__1_.footsteps_stone_crouch_1-5__1_.
[2026.08.07-22.22.40:746][  0]LogAudioDerivedData: Display: Building compressed audio format OGG hash OGG10000-1-1-1-1-1 wave footsteps_stone_crouch_1-4__1_...
[2026.08.07-22.22.40:845][  0]LogAudioDerivedData: Display: Compression Quality for SoundWave /Game/Main/Sounds/HN2SoundBank/footsteps_stone_crouch_1-4__1_.footsteps_stone_crouch_1-4__1_ will be modified from 40 to 40.
[2026.08.07-22.22.40:858][  0]LogAudioDerivedData: Display: Updated SoundWave->RawPCMDataSize from 0 to 193792 while cooking SoundWave /Game/Main/Sounds/HN2SoundBank/footsteps_stone_crouch_1-4__1_.footsteps_stone_crouch_1-4__1_.
[2026.08.07-22.22.40:860][  0]LogAudioDerivedData: Display: Building compressed audio format OGG hash OGG10000-1-1-1-1-1 wave footsteps_stone_crouch_1-3__1_...
[2026.08.07-22.22.40:884][  0]LogAudioDerivedData: Display: Compression Quality for SoundWave /Game/Main/Sounds/HN2SoundBank/footsteps_stone_crouch_1-3__1_.footsteps_stone_crouch_1-3__1_ will be modified from 40 to 40.
[2026.08.07-22.22.40:899][  0]LogAudioDerivedData: Display: Updated SoundWave->RawPCMDataSize from 0 to 194212 while cooking SoundWave /Game/Main/Sounds/HN2SoundBank/footsteps_stone_crouch_1-3__1_.footsteps_stone_crouch_1-3__1_.
[2026.08.07-22.22.40:899][  0]LogAudioDerivedData: Display: Building compressed audio format OGG hash OGG10000-1-1-1-1-1 wave footsteps_stone_crouch_1-2__2_...
[2026.08.07-22.22.40:932][  0]LogAudioDerivedData: Display: Compression Quality for SoundWave /Game/Main/Sounds/HN2SoundBank/footsteps_stone_crouch_1-2__2_.footsteps_stone_crouch_1-2__2_ will be modified from 40 to 40.
[2026.08.07-22.22.40:946][  0]LogAudioDerivedData: Display: Updated SoundWave->RawPCMDataSize from 0 to 195328 while cooking SoundWave /Game/Main/Sounds/HN2SoundBank/footsteps_stone_crouch_1-2__2_.footsteps_stone_crouch_1-2__2_.
[2026.08.07-22.22.40:947][  0]LogAudioDerivedData: Display: Building compressed audio format OGG hash OGG10000-1-1-1-1-1 wave footsteps_stone_crouch_1-1__1_...
[2026.08.07-22.22.40:961][  0]LogAudioDerivedData: Display: Compression Quality for SoundWave /Game/Main/Sounds/HN2SoundBank/footsteps_stone_crouch_1-1__1_.footsteps_stone_crouch_1-1__1_ will be modified from 40 to 40.
[2026.08.07-22.22.40:975][  0]LogAudioDerivedData: Display: Updated SoundWave->RawPCMDataSize from 0 to 192768 while cooking SoundWave /Game/Main/Sounds/HN2SoundBank/footsteps_stone_crouch_1-1__1_.footsteps_stone_crouch_1-1__1_.
[2026.08.07-22.22.40:975][  0]LogAudioDerivedData: Display: Building compressed audio format OGG hash OGG10000-1-1-1-1-1 wave footsteps_water_1-6__2_...
[2026.08.07-22.22.40:995][  0]LogShaderCompilers: Display: Worker (5/9): shaders left to compile 500
[2026.08.07-22.22.40:995][  0]LogShaderCompilers: Display: Started 10 'Local' shader compile jobs with 'Low' priority
[2026.08.07-22.22.40:995][  0]LogAudioDerivedData: Display: Compression Quality for SoundWave /Game/Main/Sounds/HN2SoundBank/footsteps_water_1-6__2_.footsteps_water_1-6__2_ will be modified from 40 to 40.
[2026.08.07-22.22.41:022][  0]LogAudioDerivedData: Display: Updated SoundWave->RawPCMDataSize from 0 to 267772 while cooking SoundWave /Game/Main/Sounds/HN2SoundBank/footsteps_water_1-6__2_.footsteps_water_1-6__2_.
[2026.08.07-22.22.41:024][  0]LogAudioDerivedData: Display: Building compressed audio format OGG hash OGG10000-1-1-1-1-1 wave footsteps_water_1-5__1_...
[2026.08.07-22.22.41:089][  0]LogAudioDerivedData: Display: Compression Quality for SoundWave /Game/Main/Sounds/HN2SoundBank/footsteps_water_1-5__1_.footsteps_water_1-5__1_ will be modified from 40 to 40.
[2026.08.07-22.22.41:123][  0]LogAudioDerivedData: Display: Updated SoundWave->RawPCMDataSize from 0 to 366968 while cooking SoundWave /Game/Main/Sounds/HN2SoundBank/footsteps_water_1-5__1_.footsteps_water_1-5__1_.
[2026.08.07-22.22.41:123][  0]LogAudioDerivedData: Display: Building compressed audio format OGG hash OGG10000-1-1-1-1-1 wave footsteps_water_1-4__1_...
[2026.08.07-22.22.41:123][  0]LogAudioDerivedData: Display: Compression Quality for SoundWave /Game/Main/Sounds/HN2SoundBank/footsteps_water_1-4__1_.footsteps_water_1-4__1_ will be modified from 40 to 40.
[2026.08.07-22.22.41:155][  0]LogAudioDerivedData: Display: Updated SoundWave->RawPCMDataSize from 0 to 299776 while cooking SoundWave /Game/Main/Sounds/HN2SoundBank/footsteps_water_1-4__1_.footsteps_water_1-4__1_.
[2026.08.07-22.22.41:155][  0]LogAudioDerivedData: Display: Building compressed audio format OGG hash OGG10000-1-1-1-1-1 wave footsteps_water_1-3__1_...
[2026.08.07-22.22.41:178][  0]LogAudioDerivedData: Display: Compression Quality for SoundWave /Game/Main/Sounds/HN2SoundBank/footsteps_water_1-3__1_.footsteps_water_1-3__1_ will be modified from 40 to 40.
[2026.08.07-22.22.41:216][  0]LogAudioDerivedData: Display: Updated SoundWave->RawPCMDataSize from 0 to 397620 while cooking SoundWave /Game/Main/Sounds/HN2SoundBank/footsteps_water_1-3__1_.footsteps_water_1-3__1_.
[2026.08.07-22.22.41:217][  0]LogAudioDerivedData: Display: Building compressed audio format OGG hash OGG10000-1-1-1-1-1 wave footsteps_water_1-2__1_...
[2026.08.07-22.22.41:256][  0]LogAudioDerivedData: Display: Compression Quality for SoundWave /Game/Main/Sounds/HN2SoundBank/footsteps_water_1-2__1_.footsteps_water_1-2__1_ will be modified from 40 to 40.
[2026.08.07-22.22.41:295][  0]LogShaderCompilers: Display: Worker (9/9): shaders left to compile 490
[2026.08.07-22.22.41:295][  0]LogShaderCompilers: Display: Started 10 'Local' shader compile jobs with 'Low' priority
[2026.08.07-22.22.41:295][  0]LogAudioDerivedData: Display: Updated SoundWave->RawPCMDataSize from 0 to 399848 while cooking SoundWave /Game/Main/Sounds/HN2SoundBank/footsteps_water_1-2__1_.footsteps_water_1-2__1_.
[2026.08.07-22.22.41:295][  0]LogAudioDerivedData: Display: Building compressed audio format OGG hash OGG10000-1-1-1-1-1 wave footsteps_water_1-1__1_...
[2026.08.07-22.22.41:347][  0]LogAudioDerivedData: Display: Compression Quality for SoundWave /Game/Main/Sounds/HN2SoundBank/footsteps_water_1-1__1_.footsteps_water_1-1__1_ will be modified from 40 to 40.
[2026.08.07-22.22.41:386][  0]LogAudioDerivedData: Display: Updated SoundWave->RawPCMDataSize from 0 to 400404 while cooking SoundWave /Game/Main/Sounds/HN2SoundBank/footsteps_water_1-1__1_.footsteps_water_1-1__1_.
[2026.08.07-22.22.41:387][  0]LogAudioDerivedData: Display: Building compressed audio format OGG hash OGG10000-1-1-1-1-1 wave box_impact_1-3...
[2026.08.07-22.22.41:408][  0]LogShaderCompilers: Display: Worker (1/9): shaders left to compile 480
[2026.08.07-22.22.41:408][  0]LogShaderCompilers: Display: Started 10 'Local' shader compile jobs with 'Low' priority
[2026.08.07-22.22.41:408][  0]LogAudioDerivedData: Display: Compression Quality for SoundWave /Game/Main/Sounds/HN2SoundBank/Objects/Impact/box_impact_1-3.box_impact_1-3 will be modified from 40 to 40.
[2026.08.07-22.22.41:425][  0]LogAudioDerivedData: Display: Updated SoundWave->RawPCMDataSize from 0 to 122324 while cooking SoundWave /Game/Main/Sounds/HN2SoundBank/Objects/Impact/box_impact_1-3.box_impact_1-3.
[2026.08.07-22.22.41:426][  0]LogAudioDerivedData: Display: Building compressed audio format OGG hash OGG10000-1-1-1-1-1 wave box_impact_1-2...
[2026.08.07-22.22.41:448][  0]LogAudioDerivedData: Display: Compression Quality for SoundWave /Game/Main/Sounds/HN2SoundBank/Objects/Impact/box_impact_1-2.box_impact_1-2 will be modified from 40 to 40.
[2026.08.07-22.22.41:469][  0]LogAudioDerivedData: Display: Updated SoundWave->RawPCMDataSize from 0 to 151860 while cooking SoundWave /Game/Main/Sounds/HN2SoundBank/Objects/Impact/box_impact_1-2.box_impact_1-2.
[2026.08.07-22.22.41:470][  0]LogAudioDerivedData: Display: Building compressed audio format OGG hash OGG10000-1-1-1-1-1 wave box_impact_1-1...
[2026.08.07-22.22.41:489][  0]LogShaderCompilers: Display: Worker (6/9): shaders left to compile 470
[2026.08.07-22.22.41:489][  0]LogShaderCompilers: Display: Started 10 'Local' shader compile jobs with 'Low' priority
[2026.08.07-22.22.41:489][  0]LogAudioDerivedData: Display: Compression Quality for SoundWave /Game/Main/Sounds/HN2SoundBank/Objects/Impact/box_impact_1-1.box_impact_1-1 will be modified from 40 to 40.
[2026.08.07-22.22.41:508][  0]LogAudioDerivedData: Display: Updated SoundWave->RawPCMDataSize from 0 to 151860 while cooking SoundWave /Game/Main/Sounds/HN2SoundBank/Objects/Impact/box_impact_1-1.box_impact_1-1.
[2026.08.07-22.22.41:513][  0]LogAudioDerivedData: Display: Building compressed audio format OGG hash OGG10000-1-1-1-1-1 wave box_pick_up_1-2...
[2026.08.07-22.22.41:525][  0]LogAudioDerivedData: Display: Compression Quality for SoundWave /Game/Main/Sounds/HN2SoundBank/Objects/Pick_Up/box_pick_up_1-2.box_pick_up_1-2 will be modified from 40 to 40.
[2026.08.07-22.22.41:539][  0]LogAudioDerivedData: Display: Updated SoundWave->RawPCMDataSize from 0 to 94460 while cooking SoundWave /Game/Main/Sounds/HN2SoundBank/Objects/Pick_Up/box_pick_up_1-2.box_pick_up_1-2.
[2026.08.07-22.22.41:540][  0]LogAudioDerivedData: Display: Building compressed audio format OGG hash OGG10000-1-1-1-1-1 wave door_wood_open_1...
[2026.08.07-22.22.41:608][  0]LogAudioDerivedData: Display: Compression Quality for SoundWave /Game/Main/Sounds/HN2SoundBank/door_wood_open_1.door_wood_open_1 will be modified from 40 to 40.
[2026.08.07-22.22.41:625][  0]LogAudioDerivedData: Display: Updated SoundWave->RawPCMDataSize from 0 to 129280 while cooking SoundWave /Game/Main/Sounds/HN2SoundBank/door_wood_open_1.door_wood_open_1.
[2026.08.07-22.22.41:626][  0]LogAudioDerivedData: Display: Building compressed audio format OGG hash OGG10000-1-1-1-1-1 wave door_wood_open_4__1_...
[2026.08.07-22.22.41:665][  0]LogAudioDerivedData: Display: Compression Quality for SoundWave /Game/Main/Sounds/HN2SoundBank/door_wood_open_4__1_.door_wood_open_4__1_ will be modified from 40 to 40.
[2026.08.07-22.22.41:691][  0]LogAudioDerivedData: Display: Updated SoundWave->RawPCMDataSize from 0 to 243456 while cooking SoundWave /Game/Main/Sounds/HN2SoundBank/door_wood_open_4__1_.door_wood_open_4__1_.
[2026.08.07-22.22.41:692][  0]LogAudioDerivedData: Display: Building compressed audio format OGG hash OGG10000-1-1-1-1-1 wave door_wood_open_1__1_...
[2026.08.07-22.22.41:717][  0]LogAudioDerivedData: Display: Compression Quality for SoundWave /Game/Main/Sounds/HN2SoundBank/door_wood_open_1__1_.door_wood_open_1__1_ will be modified from 40 to 40.
[2026.08.07-22.22.41:739][  0]LogAudioDerivedData: Display: Updated SoundWave->RawPCMDataSize from 0 to 170752 while cooking SoundWave /Game/Main/Sounds/HN2SoundBank/door_wood_open_1__1_.door_wood_open_1__1_.
[2026.08.07-22.22.41:739][  0]LogAudioDerivedData: Display: Building compressed audio format OGG hash OGG10000-1-1-1-1-1 wave door_wood_open_3...
[2026.08.07-22.22.41:755][  0]LogAudioDerivedData: Display: Compression Quality for SoundWave /Game/Main/Sounds/HN2SoundBank/door_wood_open_3.door_wood_open_3 will be modified from 40 to 40.
[2026.08.07-22.22.41:784][  0]LogAudioDerivedData: Display: Updated SoundWave->RawPCMDataSize from 0 to 267008 while cooking SoundWave /Game/Main/Sounds/HN2SoundBank/door_wood_open_3.door_wood_open_3.
[2026.08.07-22.22.41:784][  0]LogAudioDerivedData: Display: Building compressed audio format OGG hash OGG10000-1-1-1-1-1 wave door_wood_open_2...
[2026.08.07-22.22.41:819][  0]LogAudioDerivedData: Display: Compression Quality for SoundWave /Game/Main/Sounds/HN2SoundBank/door_wood_open_2.door_wood_open_2 will be modified from 40 to 40.
[2026.08.07-22.22.41:845][  0]LogAudioDerivedData: Display: Updated SoundWave->RawPCMDataSize from 0 to 206080 while cooking SoundWave /Game/Main/Sounds/HN2SoundBank/door_wood_open_2.door_wood_open_2.
[2026.08.07-22.22.41:845][  0]LogAudioDerivedData: Display: Building compressed audio format OGG hash OGG10000-1-1-1-1-1 wave car_sign_imp_3...
[2026.08.07-22.22.41:865][  0]LogAudioDerivedData: Display: Compression Quality for SoundWave /Game/Main/Sounds/HN2SoundBank/Objects/Impact/car_sign_imp_3.car_sign_imp_3 will be modified from 40 to 40.
[2026.08.07-22.22.41:877][  0]LogAudioDerivedData: Display: Updated SoundWave->RawPCMDataSize from 0 to 93440 while cooking SoundWave /Game/Main/Sounds/HN2SoundBank/Objects/Impact/car_sign_imp_3.car_sign_imp_3.
[2026.08.07-22.22.41:877][  0]LogAudioDerivedData: Display: Building compressed audio format OGG hash OGG10000-1-1-1-1-1 wave camera_pick_up_2...
[2026.08.07-22.22.41:903][  0]LogAudioDerivedData: Display: Compression Quality for SoundWave /Game/Main/Sounds/HN2SoundBank/Objects/Pick_Up/camera_pick_up_2.camera_pick_up_2 will be modified from 40 to 40.
[2026.08.07-22.22.41:920][  0]LogAudioDerivedData: Display: Updated SoundWave->RawPCMDataSize from 0 to 148516 while cooking SoundWave /Game/Main/Sounds/HN2SoundBank/Objects/Pick_Up/camera_pick_up_2.camera_pick_up_2.
[2026.08.07-22.22.41:922][  0]LogAudioDerivedData: Display: Building compressed audio format OGG hash OGG10000-1-1-1-1-1 wave camera_pick_up_1...
[2026.08.07-22.22.41:962][  0]LogAudioDerivedData: Display: Compression Quality for SoundWave /Game/Main/Sounds/HN2SoundBank/Objects/Pick_Up/camera_pick_up_1.camera_pick_up_1 will be modified from 40 to 40.
[2026.08.07-22.22.41:976][  0]LogAudioDerivedData: Display: Updated SoundWave->RawPCMDataSize from 0 to 105048 while cooking SoundWave /Game/Main/Sounds/HN2SoundBank/Objects/Pick_Up/camera_pick_up_1.camera_pick_up_1.
[2026.08.07-22.22.41:977][  0]LogAudioDerivedData: Display: Building compressed audio format OGG hash OGG10000-1-1-1-1-1 wave bucket_pick_up_4...
[2026.08.07-22.22.41:977][  0]LogAudioDerivedData: Display: Compression Quality for SoundWave /Game/Main/Sounds/HN2SoundBank/Objects/Pick_Up/bucket_pick_up_4.bucket_pick_up_4 will be modified from 40 to 40.
[2026.08.07-22.22.41:997][  0]LogAudioDerivedData: Display: Updated SoundWave->RawPCMDataSize from 0 to 125108 while cooking SoundWave /Game/Main/Sounds/HN2SoundBank/Objects/Pick_Up/bucket_pick_up_4.bucket_pick_up_4.
[2026.08.07-22.22.41:997][  0]LogAudioDerivedData: Display: Building compressed audio format OGG hash OGG10000-1-1-1-1-1 wave bucket_impact_2-2...
[2026.08.07-22.22.42:020][  0]LogAudioDerivedData: Display: Compression Quality for SoundWave /Game/Main/Sounds/HN2SoundBank/Objects/Impact/bucket_impact_2-2.bucket_impact_2-2 will be modified from 40 to 40.
[2026.08.07-22.22.42:040][  0]LogAudioDerivedData: Display: Updated SoundWave->RawPCMDataSize from 0 to 168576 while cooking SoundWave /Game/Main/Sounds/HN2SoundBank/Objects/Impact/bucket_impact_2-2.bucket_impact_2-2.
[2026.08.07-22.22.42:040][  0]LogAudioDerivedData: Display: Building compressed audio format OGG hash OGG10000-1-1-1-1-1 wave bucket_impact_2-1...
[2026.08.07-22.22.42:094][  0]LogAudioDerivedData: Display: Compression Quality for SoundWave /Game/Main/Sounds/HN2SoundBank/Objects/Impact/bucket_impact_2-1.bucket_impact_2-1 will be modified from 40 to 40.
[2026.08.07-22.22.42:114][  0]LogAudioDerivedData: Display: Updated SoundWave->RawPCMDataSize from 0 to 163004 while cooking SoundWave /Game/Main/Sounds/HN2SoundBank/Objects/Impact/bucket_impact_2-1.bucket_impact_2-1.
[2026.08.07-22.22.42:114][  0]LogAudioDerivedData: Display: Building compressed audio format OGG hash OGG10000-1-1-1-1-1 wave door_wood_open_2__1_...
[2026.08.07-22.22.42:178][  0]LogAudioDerivedData: Display: Compression Quality for SoundWave /Game/Main/Sounds/HN2SoundBank/door_wood_open_2__1_.door_wood_open_2__1_ will be modified from 40 to 40.
[2026.08.07-22.22.42:197][  0]LogAudioDerivedData: Display: Updated SoundWave->RawPCMDataSize from 0 to 146176 while cooking SoundWave /Game/Main/Sounds/HN2SoundBank/door_wood_open_2__1_.door_wood_open_2__1_.
[2026.08.07-22.22.42:197][  0]LogAudioDerivedData: Display: Building compressed audio format OGG hash OGG10000-1-1-1-1-1 wave door_wood_open_4...
[2026.08.07-22.22.42:205][  0]LogAudioDerivedData: Display: Compression Quality for SoundWave /Game/Main/Sounds/HN2SoundBank/door_wood_open_4.door_wood_open_4 will be modified from 40 to 40.
[2026.08.07-22.22.42:226][  0]LogAudioDerivedData: Display: Updated SoundWave->RawPCMDataSize from 0 to 201984 while cooking SoundWave /Game/Main/Sounds/HN2SoundBank/door_wood_open_4.door_wood_open_4.
[2026.08.07-22.22.42:227][  0]LogAudioDerivedData: Display: Building compressed audio format OGG hash OGG10000-1-1-1-1-1 wave bucket_pick_up_3...
[2026.08.07-22.22.42:228][  0]LogAudioDerivedData: Display: Compression Quality for SoundWave /Game/Main/Sounds/HN2SoundBank/Objects/Pick_Up/bucket_pick_up_3.bucket_pick_up_3 will be modified from 40 to 40.
[2026.08.07-22.22.42:247][  0]LogAudioDerivedData: Display: Updated SoundWave->RawPCMDataSize from 0 to 152416 while cooking SoundWave /Game/Main/Sounds/HN2SoundBank/Objects/Pick_Up/bucket_pick_up_3.bucket_pick_up_3.
[2026.08.07-22.22.42:248][  0]LogAudioDerivedData: Display: Building compressed audio format OGG hash OGG10000-1-1-1-1-1 wave bucket_pick_up_2...
[2026.08.07-22.22.42:255][  0]LogAudioDerivedData: Display: Compression Quality for SoundWave /Game/Main/Sounds/HN2SoundBank/Objects/Pick_Up/bucket_pick_up_2.bucket_pick_up_2 will be modified from 40 to 40.
[2026.08.07-22.22.42:271][  0]LogAudioDerivedData: Display: Updated SoundWave->RawPCMDataSize from 0 to 113408 while cooking SoundWave /Game/Main/Sounds/HN2SoundBank/Objects/Pick_Up/bucket_pick_up_2.bucket_pick_up_2.
[2026.08.07-22.22.42:272][  0]LogAudioDerivedData: Display: Building compressed audio format OGG hash OGG10000-1-1-1-1-1 wave bucket_pick_up_1...
[2026.08.07-22.22.42:274][  0]LogAudioDerivedData: Display: Compression Quality for SoundWave /Game/Main/Sounds/HN2SoundBank/Objects/Pick_Up/bucket_pick_up_1.bucket_pick_up_1 will be modified from 40 to 40.
[2026.08.07-22.22.42:294][  0]LogShaderCompilers: Display: Worker (4/9): shaders left to compile 460
[2026.08.07-22.22.42:294][  0]LogShaderCompilers: Display: Worker (8/9): shaders left to compile 450
[2026.08.07-22.22.42:294][  0]LogShaderCompilers: Display: Started 20 'Local' shader compile jobs with 'Low' priority
[2026.08.07-22.22.42:294][  0]LogAudioDerivedData: Display: Updated SoundWave->RawPCMDataSize from 0 to 159104 while cooking SoundWave /Game/Main/Sounds/HN2SoundBank/Objects/Pick_Up/bucket_pick_up_1.bucket_pick_up_1.
[2026.08.07-22.22.42:294][  0]LogAudioDerivedData: Display: Building compressed audio format OGG hash OGG10000-1-1-1-1-1 wave bucket_impact_2-4...
[2026.08.07-22.22.42:414][  0]LogAudioDerivedData: Display: Compression Quality for SoundWave /Game/Main/Sounds/HN2SoundBank/Objects/Impact/bucket_impact_2-4.bucket_impact_2-4 will be modified from 40 to 40.
[2026.08.07-22.22.42:434][  0]LogAudioDerivedData: Display: Updated SoundWave->RawPCMDataSize from 0 to 166348 while cooking SoundWave /Game/Main/Sounds/HN2SoundBank/Objects/Impact/bucket_impact_2-4.bucket_impact_2-4.
[2026.08.07-22.22.42:435][  0]LogAudioDerivedData: Display: Building compressed audio format OGG hash OGG10000-1-1-1-1-1 wave bucket_impact_2-3...
[2026.08.07-22.22.42:463][  0]LogAudioDerivedData: Display: Compression Quality for SoundWave /Game/Main/Sounds/HN2SoundBank/Objects/Impact/bucket_impact_2-3.bucket_impact_2-3 will be modified from 40 to 40.
[2026.08.07-22.22.42:481][  0]LogAudioDerivedData: Display: Updated SoundWave->RawPCMDataSize from 0 to 147956 while cooking SoundWave /Game/Main/Sounds/HN2SoundBank/Objects/Impact/bucket_impact_2-3.bucket_impact_2-3.
[2026.08.07-22.22.42:482][  0]LogAudioDerivedData: Display: Building compressed audio format OGG hash OGG10000-1-1-1-1-1 wave equipment_walk_3...
[2026.08.07-22.22.42:499][  0]LogAudioDerivedData: Display: Compression Quality for SoundWave /Game/Main/Sounds/HN2SoundBank/equipment_walk_3.equipment_walk_3 will be modified from 40 to 40.
[2026.08.07-22.22.42:514][  0]LogAudioDerivedData: Display: Updated SoundWave->RawPCMDataSize from 0 to 120576 while cooking SoundWave /Game/Main/Sounds/HN2SoundBank/equipment_walk_3.equipment_walk_3.
[2026.08.07-22.22.42:519][  0]LogAudioDerivedData: Display: Building compressed audio format OGG hash OGG10000-1-1-1-1-1 wave equipment_walk_2...
[2026.08.07-22.22.42:532][  0]LogAudioDerivedData: Display: Compression Quality for SoundWave /Game/Main/Sounds/HN2SoundBank/equipment_walk_2.equipment_walk_2 will be modified from 40 to 40.
[2026.08.07-22.22.42:547][  0]LogAudioDerivedData: Display: Updated SoundWave->RawPCMDataSize from 0 to 119552 while cooking SoundWave /Game/Main/Sounds/HN2SoundBank/equipment_walk_2.equipment_walk_2.
[2026.08.07-22.22.42:547][  0]LogAudioDerivedData: Display: Building compressed audio format OGG hash OGG10000-1-1-1-1-1 wave equipment_walk_1...
[2026.08.07-22.22.42:564][  0]LogAudioDerivedData: Display: Compression Quality for SoundWave /Game/Main/Sounds/HN2SoundBank/equipment_walk_1.equipment_walk_1 will be modified from 40 to 40.
[2026.08.07-22.22.42:579][  0]LogAudioDerivedData: Display: Updated SoundWave->RawPCMDataSize from 0 to 123136 while cooking SoundWave /Game/Main/Sounds/HN2SoundBank/equipment_walk_1.equipment_walk_1.
[2026.08.07-22.22.42:580][  0]LogAudioDerivedData: Display: Building compressed audio format OGG hash OGG10000-1-1-1-1-1 wave footsteps_liquid_crouch_1-4...
[2026.08.07-22.22.42:599][  0]LogAudioDerivedData: Display: Compression Quality for SoundWave /Game/Main/Sounds/HN2SoundBank/footsteps_liquid_crouch_1-4.footsteps_liquid_crouch_1-4 will be modified from 40 to 40.
[2026.08.07-22.22.42:609][  0]LogShaderCompilers: Display: Worker (7/9): shaders left to compile 440
[2026.08.07-22.22.42:610][  0]LogShaderCompilers: Display: Started 10 'Local' shader compile jobs with 'Low' priority
[2026.08.07-22.22.42:610][  0]LogAudioDerivedData: Display: Updated SoundWave->RawPCMDataSize from 0 to 79412 while cooking SoundWave /Game/Main/Sounds/HN2SoundBank/footsteps_liquid_crouch_1-4.footsteps_liquid_crouch_1-4.
[2026.08.07-22.22.42:610][  0]LogAudioDerivedData: Display: Building compressed audio format OGG hash OGG10000-1-1-1-1-1 wave footsteps_liquid_crouch_1-2...
[2026.08.07-22.22.42:665][  0]LogAudioDerivedData: Display: Compression Quality for SoundWave /Game/Main/Sounds/HN2SoundBank/footsteps_liquid_crouch_1-2.footsteps_liquid_crouch_1-2 will be modified from 40 to 40.
[2026.08.07-22.22.42:672][  0]LogAudioDerivedData: Display: Updated SoundWave->RawPCMDataSize from 0 to 46532 while cooking SoundWave /Game/Main/Sounds/HN2SoundBank/footsteps_liquid_crouch_1-2.footsteps_liquid_crouch_1-2.
[2026.08.07-22.22.42:674][  0]LogAudioDerivedData: Display: Building compressed audio format OGG hash OGG10000-1-1-1-1-1 wave footsteps_liquid_crouch_1-1...
[2026.08.07-22.22.42:689][  0]LogAudioDerivedData: Display: Compression Quality for SoundWave /Game/Main/Sounds/HN2SoundBank/footsteps_liquid_crouch_1-1.footsteps_liquid_crouch_1-1 will be modified from 40 to 40.
[2026.08.07-22.22.42:700][  0]LogAudioDerivedData: Display: Updated SoundWave->RawPCMDataSize from 0 to 54892 while cooking SoundWave /Game/Main/Sounds/HN2SoundBank/footsteps_liquid_crouch_1-1.footsteps_liquid_crouch_1-1.
[2026.08.07-22.22.42:700][  0]LogAudioDerivedData: Display: Building compressed audio format OGG hash OGG10000-1-1-1-1-1 wave footsteps_liquid_crouch_2-6__1_...
[2026.08.07-22.22.42:721][  0]LogAudioDerivedData: Display: Compression Quality for SoundWave /Game/Main/Sounds/HN2SoundBank/footsteps_liquid_crouch_2-6__1_.footsteps_liquid_crouch_2-6__1_ will be modified from 40 to 40.
[2026.08.07-22.22.42:737][  0]LogShaderCompilers: Display: Worker (3/9): shaders left to compile 430
[2026.08.07-22.22.42:738][  0]LogShaderCompilers: Display: Started 10 'Local' shader compile jobs with 'Low' priority
[2026.08.07-22.22.42:738][  0]LogAudioDerivedData: Display: Updated SoundWave->RawPCMDataSize from 0 to 195328 while cooking SoundWave /Game/Main/Sounds/HN2SoundBank/footsteps_liquid_crouch_2-6__1_.footsteps_liquid_crouch_2-6__1_.
[2026.08.07-22.22.42:738][  0]LogAudioDerivedData: Display: Building compressed audio format OGG hash OGG10000-1-1-1-1-1 wave footsteps_liquid_crouch_2-5__1_...
[2026.08.07-22.22.42:802][  0]LogAudioDerivedData: Display: Compression Quality for SoundWave /Game/Main/Sounds/HN2SoundBank/footsteps_liquid_crouch_2-5__1_.footsteps_liquid_crouch_2-5__1_ will be modified from 40 to 40.
[2026.08.07-22.22.42:819][  0]LogAudioDerivedData: Display: Updated SoundWave->RawPCMDataSize from 0 to 193792 while cooking SoundWave /Game/Main/Sounds/HN2SoundBank/footsteps_liquid_crouch_2-5__1_.footsteps_liquid_crouch_2-5__1_.
[2026.08.07-22.22.42:819][  0]LogAudioDerivedData: Display: Building compressed audio format OGG hash OGG10000-1-1-1-1-1 wave footsteps_liquid_crouch_2-4__1_...
[2026.08.07-22.22.42:849][  0]LogAudioDerivedData: Display: Compression Quality for SoundWave /Game/Main/Sounds/HN2SoundBank/footsteps_liquid_crouch_2-4__1_.footsteps_liquid_crouch_2-4__1_ will be modified from 40 to 40.
[2026.08.07-22.22.42:867][  0]LogAudioDerivedData: Display: Updated SoundWave->RawPCMDataSize from 0 to 194816 while cooking SoundWave /Game/Main/Sounds/HN2SoundBank/footsteps_liquid_crouch_2-4__1_.footsteps_liquid_crouch_2-4__1_.
[2026.08.07-22.22.42:868][  0]LogAudioDerivedData: Display: Building compressed audio format OGG hash OGG10000-1-1-1-1-1 wave footsteps_liquid_crouch_2-3__1_...
[2026.08.07-22.22.42:906][  0]LogAudioDerivedData: Display: Compression Quality for SoundWave /Game/Main/Sounds/HN2SoundBank/footsteps_liquid_crouch_2-3__1_.footsteps_liquid_crouch_2-3__1_ will be modified from 40 to 40.
[2026.08.07-22.22.42:925][  0]LogAudioDerivedData: Display: Updated SoundWave->RawPCMDataSize from 0 to 195884 while cooking SoundWave /Game/Main/Sounds/HN2SoundBank/footsteps_liquid_crouch_2-3__1_.footsteps_liquid_crouch_2-3__1_.
[2026.08.07-22.22.42:925][  0]LogAudioDerivedData: Display: Building compressed audio format OGG hash OGG10000-1-1-1-1-1 wave footsteps_liquid_crouch_2-2__1_...
[2026.08.07-22.22.42:926][  0]LogAudioDerivedData: Display: Compression Quality for SoundWave /Game/Main/Sounds/HN2SoundBank/footsteps_liquid_crouch_2-2__1_.footsteps_liquid_crouch_2-2__1_ will be modified from 40 to 40.
[2026.08.07-22.22.42:944][  0]LogAudioDerivedData: Display: Updated SoundWave->RawPCMDataSize from 0 to 194304 while cooking SoundWave /Game/Main/Sounds/HN2SoundBank/footsteps_liquid_crouch_2-2__1_.footsteps_liquid_crouch_2-2__1_.
[2026.08.07-22.22.42:944][  0]LogAudioDerivedData: Display: Building compressed audio format OGG hash OGG10000-1-1-1-1-1 wave footsteps_liquid_crouch_2-1__1_...
[2026.08.07-22.22.42:960][  0]LogAudioDerivedData: Display: Compression Quality for SoundWave /Game/Main/Sounds/HN2SoundBank/footsteps_liquid_crouch_2-1__1_.footsteps_liquid_crouch_2-1__1_ will be modified from 40 to 40.
[2026.08.07-22.22.42:978][  0]LogAudioDerivedData: Display: Updated SoundWave->RawPCMDataSize from 0 to 193656 while cooking SoundWave /Game/Main/Sounds/HN2SoundBank/footsteps_liquid_crouch_2-1__1_.footsteps_liquid_crouch_2-1__1_.
[2026.08.07-22.22.42:978][  0]LogAudioDerivedData: Display: Building compressed audio format OGG hash OGG10000-1-1-1-1-1 wave footsteps_metal_1-6__1_...
[2026.08.07-22.22.42:996][  0]LogAudioDerivedData: Display: Compression Quality for SoundWave /Game/Main/Sounds/HN2SoundBank/footsteps_metal_1-6__1_.footsteps_metal_1-6__1_ will be modified from 40 to 40.
[2026.08.07-22.22.43:008][  0]LogAudioDerivedData: Display: Updated SoundWave->RawPCMDataSize from 0 to 76032 while cooking SoundWave /Game/Main/Sounds/HN2SoundBank/footsteps_metal_1-6__1_.footsteps_metal_1-6__1_.
[2026.08.07-22.22.43:009][  0]LogAudioDerivedData: Display: Building compressed audio format OGG hash OGG10000-1-1-1-1-1 wave footsteps_metal_1-5__2_...
[2026.08.07-22.22.43:020][  0]LogAudioDerivedData: Display: Compression Quality for SoundWave /Game/Main/Sounds/HN2SoundBank/footsteps_metal_1-5__2_.footsteps_metal_1-5__2_ will be modified from 40 to 40.
[2026.08.07-22.22.43:031][  0]LogAudioDerivedData: Display: Updated SoundWave->RawPCMDataSize from 0 to 59648 while cooking SoundWave /Game/Main/Sounds/HN2SoundBank/footsteps_metal_1-5__2_.footsteps_metal_1-5__2_.
[2026.08.07-22.22.43:032][  0]LogAudioDerivedData: Display: Building compressed audio format OGG hash OGG10000-1-1-1-1-1 wave footsteps_metal_1-4__2_...
[2026.08.07-22.22.43:045][  0]LogAudioDerivedData: Display: Compression Quality for SoundWave /Game/Main/Sounds/HN2SoundBank/footsteps_metal_1-4__2_.footsteps_metal_1-4__2_ will be modified from 40 to 40.
[2026.08.07-22.22.43:057][  0]LogAudioDerivedData: Display: Updated SoundWave->RawPCMDataSize from 0 to 78592 while cooking SoundWave /Game/Main/Sounds/HN2SoundBank/footsteps_metal_1-4__2_.footsteps_metal_1-4__2_.
[2026.08.07-22.22.43:057][  0]LogAudioDerivedData: Display: Building compressed audio format OGG hash OGG10000-1-1-1-1-1 wave footsteps_metal_1-3__2_...
[2026.08.07-22.22.43:093][  0]LogAudioDerivedData: Display: Compression Quality for SoundWave /Game/Main/Sounds/HN2SoundBank/footsteps_metal_1-3__2_.footsteps_metal_1-3__2_ will be modified from 40 to 40.
[2026.08.07-22.22.43:106][  0]LogAudioDerivedData: Display: Updated SoundWave->RawPCMDataSize from 0 to 89856 while cooking SoundWave /Game/Main/Sounds/HN2SoundBank/footsteps_metal_1-3__2_.footsteps_metal_1-3__2_.
[2026.08.07-22.22.43:107][  0]LogAudioDerivedData: Display: Building compressed audio format OGG hash OGG10000-1-1-1-1-1 wave footsteps_metal_1-2__2_...
[2026.08.07-22.22.43:175][  0]LogAudioDerivedData: Display: Compression Quality for SoundWave /Game/Main/Sounds/HN2SoundBank/footsteps_metal_1-2__2_.footsteps_metal_1-2__2_ will be modified from 40 to 40.
[2026.08.07-22.22.43:189][  0]LogAudioDerivedData: Display: Updated SoundWave->RawPCMDataSize from 0 to 99584 while cooking SoundWave /Game/Main/Sounds/HN2SoundBank/footsteps_metal_1-2__2_.footsteps_metal_1-2__2_.
[2026.08.07-22.22.43:189][  0]LogAudioDerivedData: Display: Building compressed audio format OGG hash OGG10000-1-1-1-1-1 wave footsteps_metal_1-1__1_...
[2026.08.07-22.22.43:190][  0]LogAudioDerivedData: Display: Compression Quality for SoundWave /Game/Main/Sounds/HN2SoundBank/footsteps_metal_1-1__1_.footsteps_metal_1-1__1_ will be modified from 40 to 40.
[2026.08.07-22.22.43:202][  0]LogAudioDerivedData: Display: Updated SoundWave->RawPCMDataSize from 0 to 71052 while cooking SoundWave /Game/Main/Sounds/HN2SoundBank/footsteps_metal_1-1__1_.footsteps_metal_1-1__1_.
[2026.08.07-22.22.43:202][  0]LogAudioDerivedData: Display: Building compressed audio format OGG hash OGG10000-1-1-1-1-1 wave footsteps_ground_1-6__2_...
[2026.08.07-22.22.43:216][  0]LogAudioDerivedData: Display: Compression Quality for SoundWave /Game/Main/Sounds/HN2SoundBank/footsteps_ground_1-6__2_.footsteps_ground_1-6__2_ will be modified from 40 to 40.
[2026.08.07-22.22.43:232][  0]LogAudioDerivedData: Display: Updated SoundWave->RawPCMDataSize from 0 to 98916 while cooking SoundWave /Game/Main/Sounds/HN2SoundBank/footsteps_ground_1-6__2_.footsteps_ground_1-6__2_.
[2026.08.07-22.22.43:233][  0]LogAudioDerivedData: Display: Building compressed audio format OGG hash OGG10000-1-1-1-1-1 wave footsteps_ground_1-5__2_...
[2026.08.07-22.22.43:264][  0]LogShaderCompilers: Display: Worker (6/9): shaders left to compile 420
[2026.08.07-22.22.43:265][  0]LogShaderCompilers: Display: Started 10 'Local' shader compile jobs with 'Low' priority
[2026.08.07-22.22.43:265][  0]LogAudioDerivedData: Display: Compression Quality for SoundWave /Game/Main/Sounds/HN2SoundBank/footsteps_ground_1-5__2_.footsteps_ground_1-5__2_ will be modified from 40 to 40.
[2026.08.07-22.22.43:277][  0]LogAudioDerivedData: Display: Updated SoundWave->RawPCMDataSize from 0 to 96688 while cooking SoundWave /Game/Main/Sounds/HN2SoundBank/footsteps_ground_1-5__2_.footsteps_ground_1-5__2_.
[2026.08.07-22.22.43:278][  0]LogAudioDerivedData: Display: Building compressed audio format OGG hash OGG10000-1-1-1-1-1 wave footsteps_ground_1-4__2_...
[2026.08.07-22.22.43:295][  0]LogAudioDerivedData: Display: Compression Quality for SoundWave /Game/Main/Sounds/HN2SoundBank/footsteps_ground_1-4__2_.footsteps_ground_1-4__2_ will be modified from 40 to 40.
[2026.08.07-22.22.43:308][  0]LogAudioDerivedData: Display: Updated SoundWave->RawPCMDataSize from 0 to 97536 while cooking SoundWave /Game/Main/Sounds/HN2SoundBank/footsteps_ground_1-4__2_.footsteps_ground_1-4__2_.
[2026.08.07-22.22.43:309][  0]LogAudioDerivedData: Display: Building compressed audio format OGG hash OGG10000-1-1-1-1-1 wave footsteps_ground_1-3__2_...
[2026.08.07-22.22.43:336][  0]LogAudioDerivedData: Display: Compression Quality for SoundWave /Game/Main/Sounds/HN2SoundBank/footsteps_ground_1-3__2_.footsteps_ground_1-3__2_ will be modified from 40 to 40.
[2026.08.07-22.22.43:350][  0]LogAudioDerivedData: Display: Updated SoundWave->RawPCMDataSize from 0 to 96512 while cooking SoundWave /Game/Main/Sounds/HN2SoundBank/footsteps_ground_1-3__2_.footsteps_ground_1-3__2_.
[2026.08.07-22.22.43:351][  0]LogAudioDerivedData: Display: Building compressed audio format OGG hash OGG10000-1-1-1-1-1 wave footsteps_ground_1-2__2_...
[2026.08.07-22.22.43:401][  0]LogAudioDerivedData: Display: Compression Quality for SoundWave /Game/Main/Sounds/HN2SoundBank/footsteps_ground_1-2__2_.footsteps_ground_1-2__2_ will be modified from 40 to 40.
[2026.08.07-22.22.43:414][  0]LogAudioDerivedData: Display: Updated SoundWave->RawPCMDataSize from 0 to 99072 while cooking SoundWave /Game/Main/Sounds/HN2SoundBank/footsteps_ground_1-2__2_.footsteps_ground_1-2__2_.
[2026.08.07-22.22.43:414][  0]LogAudioDerivedData: Display: Building compressed audio format OGG hash OGG10000-1-1-1-1-1 wave footsteps_ground_1-1__1_...
[2026.08.07-22.22.43:440][  0]LogAudioDerivedData: Display: Compression Quality for SoundWave /Game/Main/Sounds/HN2SoundBank/footsteps_ground_1-1__1_.footsteps_ground_1-1__1_ will be modified from 40 to 40.
[2026.08.07-22.22.43:454][  0]LogAudioDerivedData: Display: Updated SoundWave->RawPCMDataSize from 0 to 98560 while cooking SoundWave /Game/Main/Sounds/HN2SoundBank/footsteps_ground_1-1__1_.footsteps_ground_1-1__1_.
[2026.08.07-22.22.43:454][  0]LogAudioDerivedData: Display: Building compressed audio format OGG hash OGG10000-1-1-1-1-1 wave footsteps_ground_crouch_1-6__1_...
[2026.08.07-22.22.43:478][  0]LogAudioDerivedData: Display: Compression Quality for SoundWave /Game/Main/Sounds/HN2SoundBank/footsteps_ground_crouch_1-6__1_.footsteps_ground_crouch_1-6__1_ will be modified from 40 to 40.
[2026.08.07-22.22.43:493][  0]LogAudioDerivedData: Display: Updated SoundWave->RawPCMDataSize from 0 to 145728 while cooking SoundWave /Game/Main/Sounds/HN2SoundBank/footsteps_ground_crouch_1-6__1_.footsteps_ground_crouch_1-6__1_.
[2026.08.07-22.22.43:494][  0]LogAudioDerivedData: Display: Building compressed audio format OGG hash OGG10000-1-1-1-1-1 wave footsteps_ground_crouch_1-5__1_...
[2026.08.07-22.22.43:510][  0]LogAudioDerivedData: Display: Compression Quality for SoundWave /Game/Main/Sounds/HN2SoundBank/footsteps_ground_crouch_1-5__1_.footsteps_ground_crouch_1-5__1_ will be modified from 40 to 40.
[2026.08.07-22.22.43:524][  0]LogAudioDerivedData: Display: Updated SoundWave->RawPCMDataSize from 0 to 145172 while cooking SoundWave /Game/Main/Sounds/HN2SoundBank/footsteps_ground_crouch_1-5__1_.footsteps_ground_crouch_1-5__1_.
[2026.08.07-22.22.43:528][  0]LogAudioDerivedData: Display: Building compressed audio format OGG hash OGG10000-1-1-1-1-1 wave footsteps_ground_crouch_1-4__1_...
[2026.08.07-22.22.43:549][  0]LogAudioDerivedData: Display: Compression Quality for SoundWave /Game/Main/Sounds/HN2SoundBank/footsteps_ground_crouch_1-4__1_.footsteps_ground_crouch_1-4__1_ will be modified from 40 to 40.
[2026.08.07-22.22.43:565][  0]LogAudioDerivedData: Display: Updated SoundWave->RawPCMDataSize from 0 to 147400 while cooking SoundWave /Game/Main/Sounds/HN2SoundBank/footsteps_ground_crouch_1-4__1_.footsteps_ground_crouch_1-4__1_.
[2026.08.07-22.22.43:684][  0]LogAudio: Display: Audio Device (ID: 1) registered with world 'LVL_Default'.
[2026.08.07-22.22.43:685][  0]LogAIModule: Creating AISystem for world LVL_Default
[2026.08.07-22.22.44:141][  0]LogShaderCompilers: Display: Worker (9/9): shaders left to compile 410
[2026.08.07-22.22.44:141][  0]LogShaderCompilers: Display: Started 10 'Local' shader compile jobs with 'Low' priority
[2026.08.07-22.22.44:141][  0]LogShaderCompilers: Display: Worker (2/9): shaders left to compile 400
[2026.08.07-22.22.44:141][  0]LogShaderCompilers: Display: Started 10 'Local' shader compile jobs with 'Low' priority
[2026.08.07-22.22.44:438][  0]LogShaderCompilers: Display: Worker (5/9): shaders left to compile 390
[2026.08.07-22.22.44:438][  0]LogShaderCompilers: Display: Started 10 'Local' shader compile jobs with 'Low' priority
[2026.08.07-22.22.44:438][  0]LogShaderCompilers: Display: Worker (4/9): shaders left to compile 380
[2026.08.07-22.22.44:438][  0]LogShaderCompilers: Display: Started 10 'Local' shader compile jobs with 'Low' priority
[2026.08.07-22.22.44:438][  0]LogEditorServer: Finished looking for orphan Actors (0.000 secs)
[2026.08.07-22.22.44:449][  0]LogShaderCompilers: Display: Worker (1/9): shaders left to compile 275
[2026.08.07-22.22.44:449][  0]LogShaderCompilers: Display: Started 10 'Local' shader compile jobs with 'Normal' priority
[2026.08.07-22.22.44:455][  0]LogUObjectHash: Compacting FUObjectHashTables data took   1.79ms
[2026.08.07-22.22.44:463][  0]Cmd: MAP CHECKDEP NOCLEARLOG
[2026.08.07-22.22.44:464][  0]MapCheck: Map check complete: 0 Error(s), 0 Warning(s), took 0.161ms to complete.
[2026.08.07-22.22.44:464][  0]LogFileHelpers: Loading map 'LVL_Default' took 77.438
[2026.08.07-22.22.44:568][  0]LogUnrealEdMisc: Total Editor Startup Time, took 85.708
[2026.08.07-22.22.45:741][  0]LogShaderCompilers: Display: Worker (3/9): shaders left to compile 265
[2026.08.07-22.22.45:741][  0]LogShaderCompilers: Display: Started 10 'Local' shader compile jobs with 'Normal' priority
[2026.08.07-22.22.45:741][  0]LogShaderCompilers: Display: Worker (7/9): shaders left to compile 255
[2026.08.07-22.22.45:741][  0]LogShaderCompilers: Display: Started 10 'Local' shader compile jobs with 'Normal' priority
[2026.08.07-22.22.45:741][  0]LogSlate: Updating window title bar state: overlay mode, drag disabled, window buttons hidden, title bar hidden
[2026.08.07-22.22.45:771][  0]LogSlate: Updating window title bar state: overlay mode, drag disabled, window buttons hidden, title bar hidden
[2026.08.07-22.22.45:780][  0]LogSlate: Updating window title bar state: overlay mode, drag disabled, window buttons hidden, title bar hidden
[2026.08.07-22.22.45:789][  0]LogSlate: Updating window title bar state: overlay mode, drag disabled, window buttons hidden, title bar hidden
[2026.08.07-22.22.46:156][  0]LogShaderCompilers: Display: Worker (8/9): shaders left to compile 245
[2026.08.07-22.22.46:156][  0]LogShaderCompilers: Display: Started 10 'Local' shader compile jobs with 'Normal' priority
[2026.08.07-22.22.46:156][  0]LogShaderCompilers: Display: Worker (5/9): shaders left to compile 235
[2026.08.07-22.22.46:156][  0]LogShaderCompilers: Display: Started 10 'Local' shader compile jobs with 'Normal' priority
[2026.08.07-22.22.46:156][  0]LogNativeClassHierarchy: Verbose: Native class hierarchy populated in 0.0396 seconds. Added 3822 classes and 928 folders.
[2026.08.07-22.22.46:252][  0]LogNativeClassHierarchy: Verbose: Native class hierarchy updated for 'WidgetCarousel' in 0.0005 seconds. Added 0 classes and 0 folders.
[2026.08.07-22.22.46:439][  0]LogPakFile: PakFile PrimaryIndexSize=187
[2026.08.07-22.22.46:439][  0]LogPakFile: PakFile PathHashIndexSize=101
[2026.08.07-22.22.46:439][  0]LogPakFile: PakFile FullDirectoryIndexSize=148
[2026.08.07-22.22.46:467][  0]LogShaderLibrary: Display: ShaderCodeLibraryPakFileMountedCallback: PakFile 'D:/Epic/UE_4.27/FeaturePacks/FP_FirstPerson.upack' (chunk index -1, root 'root:/') mounted
[2026.08.07-22.22.46:467][  0]LogShaderLibrary: Display: ShaderCodeLibraryPakFileMountedCallback: pending pak file info (ChunkID:-1 Root:root:/ File:D:/Epic/UE_4.27/FeaturePacks/FP_FirstPerson.upack)
[2026.08.07-22.22.46:482][  0]LogPakFile: OnPakFileMounted2Time == 0.043008
[2026.08.07-22.22.46:517][  0]LogPakFile: PakFile PrimaryIndexSize=189
[2026.08.07-22.22.46:517][  0]LogPakFile: PakFile PathHashIndexSize=101
[2026.08.07-22.22.46:517][  0]LogPakFile: PakFile FullDirectoryIndexSize=152
[2026.08.07-22.22.46:517][  0]LogShaderLibrary: Display: ShaderCodeLibraryPakFileMountedCallback: PakFile 'D:/Epic/UE_4.27/FeaturePacks/FP_FirstPersonBP.upack' (chunk index -1, root 'root:/') mounted
[2026.08.07-22.22.46:517][  0]LogShaderLibrary: Display: ShaderCodeLibraryPakFileMountedCallback: pending pak file info (ChunkID:-1 Root:root:/ File:D:/Epic/UE_4.27/FeaturePacks/FP_FirstPersonBP.upack)
[2026.08.07-22.22.46:517][  0]LogPakFile: OnPakFileMounted2Time == 0.000075
[2026.08.07-22.22.46:562][  0]LogPakFile: PakFile PrimaryIndexSize=191
[2026.08.07-22.22.46:562][  0]LogPakFile: PakFile PathHashIndexSize=101
[2026.08.07-22.22.46:562][  0]LogPakFile: PakFile FullDirectoryIndexSize=160
[2026.08.07-22.22.46:562][  0]LogShaderLibrary: Display: ShaderCodeLibraryPakFileMountedCallback: PakFile 'D:/Epic/UE_4.27/FeaturePacks/MobileStarterContent.upack' (chunk index -1, root 'root:/') mounted
[2026.08.07-22.22.46:562][  0]LogShaderLibrary: Display: ShaderCodeLibraryPakFileMountedCallback: pending pak file info (ChunkID:-1 Root:root:/ File:D:/Epic/UE_4.27/FeaturePacks/MobileStarterContent.upack)
[2026.08.07-22.22.46:562][  0]LogPakFile: OnPakFileMounted2Time == 0.000066
[2026.08.07-22.22.46:624][  0]LogShaderCompilers: Display: Worker (9/9): shaders left to compile 225
[2026.08.07-22.22.46:624][  0]LogShaderCompilers: Display: Started 10 'Local' shader compile jobs with 'Normal' priority
[2026.08.07-22.22.46:624][  0]LogPakFile: PakFile PrimaryIndexSize=185
[2026.08.07-22.22.46:624][  0]LogPakFile: PakFile PathHashIndexSize=101
[2026.08.07-22.22.46:624][  0]LogPakFile: PakFile FullDirectoryIndexSize=148
[2026.08.07-22.22.46:624][  0]LogShaderLibrary: Display: ShaderCodeLibraryPakFileMountedCallback: PakFile 'D:/Epic/UE_4.27/FeaturePacks/StarterContent.upack' (chunk index -1, root 'root:/') mounted
[2026.08.07-22.22.46:624][  0]LogShaderLibrary: Display: ShaderCodeLibraryPakFileMountedCallback: pending pak file info (ChunkID:-1 Root:root:/ File:D:/Epic/UE_4.27/FeaturePacks/StarterContent.upack)
[2026.08.07-22.22.46:624][  0]LogPakFile: OnPakFileMounted2Time == 0.000072
[2026.08.07-22.22.46:644][  0]LogPakFile: PakFile PrimaryIndexSize=190
[2026.08.07-22.22.46:644][  0]LogPakFile: PakFile PathHashIndexSize=101
[2026.08.07-22.22.46:644][  0]LogPakFile: PakFile FullDirectoryIndexSize=154
[2026.08.07-22.22.46:644][  0]LogShaderLibrary: Display: ShaderCodeLibraryPakFileMountedCallback: PakFile 'D:/Epic/UE_4.27/FeaturePacks/TP_2DSideScroller.upack' (chunk index -1, root 'root:/') mounted
[2026.08.07-22.22.46:644][  0]LogShaderLibrary: Display: ShaderCodeLibraryPakFileMountedCallback: pending pak file info (ChunkID:-1 Root:root:/ File:D:/Epic/UE_4.27/FeaturePacks/TP_2DSideScroller.upack)
[2026.08.07-22.22.46:644][  0]LogPakFile: OnPakFileMounted2Time == 0.000065
[2026.08.07-22.22.46:665][  0]LogPakFile: PakFile PrimaryIndexSize=192
[2026.08.07-22.22.46:665][  0]LogPakFile: PakFile PathHashIndexSize=101
[2026.08.07-22.22.46:665][  0]LogPakFile: PakFile FullDirectoryIndexSize=158
[2026.08.07-22.22.46:665][  0]LogShaderLibrary: Display: ShaderCodeLibraryPakFileMountedCallback: PakFile 'D:/Epic/UE_4.27/FeaturePacks/TP_2DSideScrollerBP.upack' (chunk index -1, root 'root:/') mounted
[2026.08.07-22.22.46:665][  0]LogShaderLibrary: Display: ShaderCodeLibraryPakFileMountedCallback: pending pak file info (ChunkID:-1 Root:root:/ File:D:/Epic/UE_4.27/FeaturePacks/TP_2DSideScrollerBP.upack)
[2026.08.07-22.22.46:665][  0]LogPakFile: OnPakFileMounted2Time == 0.000059
[2026.08.07-22.22.46:684][  0]LogPakFile: PakFile PrimaryIndexSize=182
[2026.08.07-22.22.46:684][  0]LogPakFile: PakFile PathHashIndexSize=101
[2026.08.07-22.22.46:684][  0]LogPakFile: PakFile FullDirectoryIndexSize=138
[2026.08.07-22.22.46:684][  0]LogShaderLibrary: Display: ShaderCodeLibraryPakFileMountedCallback: PakFile 'D:/Epic/UE_4.27/FeaturePacks/TP_Flying.upack' (chunk index -1, root 'root:/') mounted
[2026.08.07-22.22.46:684][  0]LogShaderLibrary: Display: ShaderCodeLibraryPakFileMountedCallback: pending pak file info (ChunkID:-1 Root:root:/ File:D:/Epic/UE_4.27/FeaturePacks/TP_Flying.upack)
[2026.08.07-22.22.46:684][  0]LogPakFile: OnPakFileMounted2Time == 0.000055
[2026.08.07-22.22.46:699][  0]LogPakFile: PakFile PrimaryIndexSize=184
[2026.08.07-22.22.46:699][  0]LogPakFile: PakFile PathHashIndexSize=101
[2026.08.07-22.22.46:699][  0]LogPakFile: PakFile FullDirectoryIndexSize=142
[2026.08.07-22.22.46:699][  0]LogShaderLibrary: Display: ShaderCodeLibraryPakFileMountedCallback: PakFile 'D:/Epic/UE_4.27/FeaturePacks/TP_FlyingBP.upack' (chunk index -1, root 'root:/') mounted
[2026.08.07-22.22.46:699][  0]LogShaderLibrary: Display: ShaderCodeLibraryPakFileMountedCallback: pending pak file info (ChunkID:-1 Root:root:/ File:D:/Epic/UE_4.27/FeaturePacks/TP_FlyingBP.upack)
[2026.08.07-22.22.46:699][  0]LogPakFile: OnPakFileMounted2Time == 0.000067
[2026.08.07-22.22.46:732][  0]LogPakFile: PakFile PrimaryIndexSize=188
[2026.08.07-22.22.46:732][  0]LogPakFile: PakFile PathHashIndexSize=101
[2026.08.07-22.22.46:732][  0]LogPakFile: PakFile FullDirectoryIndexSize=150
[2026.08.07-22.22.46:732][  0]LogShaderLibrary: Display: ShaderCodeLibraryPakFileMountedCallback: PakFile 'D:/Epic/UE_4.27/FeaturePacks/TP_HandheldARBP.upack' (chunk index -1, root 'root:/') mounted
[2026.08.07-22.22.46:732][  0]LogShaderLibrary: Display: ShaderCodeLibraryPakFileMountedCallback: pending pak file info (ChunkID:-1 Root:root:/ File:D:/Epic/UE_4.27/FeaturePacks/TP_HandheldARBP.upack)
[2026.08.07-22.22.46:732][  0]LogPakFile: OnPakFileMounted2Time == 0.000055
[2026.08.07-22.22.46:773][  0]LogPakFile: PakFile PrimaryIndexSize=182
[2026.08.07-22.22.46:773][  0]LogPakFile: PakFile PathHashIndexSize=101
[2026.08.07-22.22.46:773][  0]LogPakFile: PakFile FullDirectoryIndexSize=138
[2026.08.07-22.22.46:773][  0]LogShaderLibrary: Display: ShaderCodeLibraryPakFileMountedCallback: PakFile 'D:/Epic/UE_4.27/FeaturePacks/TP_Puzzle.upack' (chunk index -1, root 'root:/') mounted
[2026.08.07-22.22.46:773][  0]LogShaderLibrary: Display: ShaderCodeLibraryPakFileMountedCallback: pending pak file info (ChunkID:-1 Root:root:/ File:D:/Epic/UE_4.27/FeaturePacks/TP_Puzzle.upack)
[2026.08.07-22.22.46:773][  0]LogPakFile: OnPakFileMounted2Time == 0.000058
[2026.08.07-22.22.46:792][  0]LogPakFile: PakFile PrimaryIndexSize=184
[2026.08.07-22.22.46:792][  0]LogPakFile: PakFile PathHashIndexSize=101
[2026.08.07-22.22.46:792][  0]LogPakFile: PakFile FullDirectoryIndexSize=142
[2026.08.07-22.22.46:792][  0]LogShaderLibrary: Display: ShaderCodeLibraryPakFileMountedCallback: PakFile 'D:/Epic/UE_4.27/FeaturePacks/TP_PuzzleBP.upack' (chunk index -1, root 'root:/') mounted
[2026.08.07-22.22.46:792][  0]LogShaderLibrary: Display: ShaderCodeLibraryPakFileMountedCallback: pending pak file info (ChunkID:-1 Root:root:/ File:D:/Epic/UE_4.27/FeaturePacks/TP_PuzzleBP.upack)
[2026.08.07-22.22.46:792][  0]LogPakFile: OnPakFileMounted2Time == 0.000064
[2026.08.07-22.22.46:807][  0]LogPakFile: PakFile PrimaryIndexSize=183
[2026.08.07-22.22.46:807][  0]LogPakFile: PakFile PathHashIndexSize=101
[2026.08.07-22.22.46:807][  0]LogPakFile: PakFile FullDirectoryIndexSize=140
[2026.08.07-22.22.46:807][  0]LogShaderLibrary: Display: ShaderCodeLibraryPakFileMountedCallback: PakFile 'D:/Epic/UE_4.27/FeaturePacks/TP_Rolling.upack' (chunk index -1, root 'root:/') mounted
[2026.08.07-22.22.46:807][  0]LogShaderLibrary: Display: ShaderCodeLibraryPakFileMountedCallback: pending pak file info (ChunkID:-1 Root:root:/ File:D:/Epic/UE_4.27/FeaturePacks/TP_Rolling.upack)
[2026.08.07-22.22.46:807][  0]LogPakFile: OnPakFileMounted2Time == 0.000062
[2026.08.07-22.22.46:854][  0]LogPakFile: PakFile PrimaryIndexSize=185
[2026.08.07-22.22.46:854][  0]LogPakFile: PakFile PathHashIndexSize=101
[2026.08.07-22.22.46:854][  0]LogPakFile: PakFile FullDirectoryIndexSize=144
[2026.08.07-22.22.46:854][  0]LogShaderLibrary: Display: ShaderCodeLibraryPakFileMountedCallback: PakFile 'D:/Epic/UE_4.27/FeaturePacks/TP_RollingBP.upack' (chunk index -1, root 'root:/') mounted
[2026.08.07-22.22.46:854][  0]LogShaderLibrary: Display: ShaderCodeLibraryPakFileMountedCallback: pending pak file info (ChunkID:-1 Root:root:/ File:D:/Epic/UE_4.27/FeaturePacks/TP_RollingBP.upack)
[2026.08.07-22.22.46:854][  0]LogPakFile: OnPakFileMounted2Time == 0.000070
[2026.08.07-22.22.46:868][  0]LogPakFile: PakFile PrimaryIndexSize=188
[2026.08.07-22.22.46:868][  0]LogPakFile: PakFile PathHashIndexSize=101
[2026.08.07-22.22.46:868][  0]LogPakFile: PakFile FullDirectoryIndexSize=150
[2026.08.07-22.22.46:868][  0]LogShaderLibrary: Display: ShaderCodeLibraryPakFileMountedCallback: PakFile 'D:/Epic/UE_4.27/FeaturePacks/TP_SideScroller.upack' (chunk index -1, root 'root:/') mounted
[2026.08.07-22.22.46:868][  0]LogShaderLibrary: Display: ShaderCodeLibraryPakFileMountedCallback: pending pak file info (ChunkID:-1 Root:root:/ File:D:/Epic/UE_4.27/FeaturePacks/TP_SideScroller.upack)
[2026.08.07-22.22.46:868][  0]LogPakFile: OnPakFileMounted2Time == 0.000064
[2026.08.07-22.22.46:882][  0]LogShaderCompilers: Display: Worker (6/9): shaders left to compile 215
[2026.08.07-22.22.46:882][  0]LogShaderCompilers: Display: Started 10 'Local' shader compile jobs with 'Normal' priority
[2026.08.07-22.22.46:882][  0]LogPakFile: PakFile PrimaryIndexSize=190
[2026.08.07-22.22.46:882][  0]LogPakFile: PakFile PathHashIndexSize=101
[2026.08.07-22.22.46:882][  0]LogPakFile: PakFile FullDirectoryIndexSize=154
[2026.08.07-22.22.46:882][  0]LogShaderLibrary: Display: ShaderCodeLibraryPakFileMountedCallback: PakFile 'D:/Epic/UE_4.27/FeaturePacks/TP_SideScrollerBP.upack' (chunk index -1, root 'root:/') mounted
[2026.08.07-22.22.46:882][  0]LogShaderLibrary: Display: ShaderCodeLibraryPakFileMountedCallback: pending pak file info (ChunkID:-1 Root:root:/ File:D:/Epic/UE_4.27/FeaturePacks/TP_SideScrollerBP.upack)
[2026.08.07-22.22.46:883][  0]LogPakFile: OnPakFileMounted2Time == 0.000181
[2026.08.07-22.22.46:899][  0]LogPakFile: PakFile PrimaryIndexSize=187
[2026.08.07-22.22.46:899][  0]LogPakFile: PakFile PathHashIndexSize=101
[2026.08.07-22.22.46:899][  0]LogPakFile: PakFile FullDirectoryIndexSize=148
[2026.08.07-22.22.46:899][  0]LogShaderLibrary: Display: ShaderCodeLibraryPakFileMountedCallback: PakFile 'D:/Epic/UE_4.27/FeaturePacks/TP_ThirdPerson.upack' (chunk index -1, root 'root:/') mounted
[2026.08.07-22.22.46:899][  0]LogShaderLibrary: Display: ShaderCodeLibraryPakFileMountedCallback: pending pak file info (ChunkID:-1 Root:root:/ File:D:/Epic/UE_4.27/FeaturePacks/TP_ThirdPerson.upack)
[2026.08.07-22.22.46:899][  0]LogPakFile: OnPakFileMounted2Time == 0.000137
[2026.08.07-22.22.46:913][  0]LogShaderCompilers: Display: Worker (4/9): shaders left to compile 205
[2026.08.07-22.22.46:913][  0]LogShaderCompilers: Display: Started 10 'Local' shader compile jobs with 'Normal' priority
[2026.08.07-22.22.46:913][  0]LogPakFile: PakFile PrimaryIndexSize=189
[2026.08.07-22.22.46:913][  0]LogPakFile: PakFile PathHashIndexSize=101
[2026.08.07-22.22.46:913][  0]LogPakFile: PakFile FullDirectoryIndexSize=152
[2026.08.07-22.22.46:913][  0]LogShaderLibrary: Display: ShaderCodeLibraryPakFileMountedCallback: PakFile 'D:/Epic/UE_4.27/FeaturePacks/TP_ThirdPersonBP.upack' (chunk index -1, root 'root:/') mounted
[2026.08.07-22.22.46:914][  0]LogShaderLibrary: Display: ShaderCodeLibraryPakFileMountedCallback: pending pak file info (ChunkID:-1 Root:root:/ File:D:/Epic/UE_4.27/FeaturePacks/TP_ThirdPersonBP.upack)
[2026.08.07-22.22.46:914][  0]LogPakFile: OnPakFileMounted2Time == 0.000068
[2026.08.07-22.22.46:928][  0]LogPakFile: PakFile PrimaryIndexSize=183
[2026.08.07-22.22.46:928][  0]LogPakFile: PakFile PathHashIndexSize=101
[2026.08.07-22.22.46:928][  0]LogPakFile: PakFile FullDirectoryIndexSize=140
[2026.08.07-22.22.46:928][  0]LogShaderLibrary: Display: ShaderCodeLibraryPakFileMountedCallback: PakFile 'D:/Epic/UE_4.27/FeaturePacks/TP_TopDown.upack' (chunk index -1, root 'root:/') mounted
[2026.08.07-22.22.46:928][  0]LogShaderLibrary: Display: ShaderCodeLibraryPakFileMountedCallback: pending pak file info (ChunkID:-1 Root:root:/ File:D:/Epic/UE_4.27/FeaturePacks/TP_TopDown.upack)
[2026.08.07-22.22.46:928][  0]LogPakFile: OnPakFileMounted2Time == 0.000071
[2026.08.07-22.22.46:944][  0]LogPakFile: PakFile PrimaryIndexSize=185
[2026.08.07-22.22.46:944][  0]LogPakFile: PakFile PathHashIndexSize=101
[2026.08.07-22.22.46:944][  0]LogPakFile: PakFile FullDirectoryIndexSize=144
[2026.08.07-22.22.46:944][  0]LogShaderLibrary: Display: ShaderCodeLibraryPakFileMountedCallback: PakFile 'D:/Epic/UE_4.27/FeaturePacks/TP_TopDownBP.upack' (chunk index -1, root 'root:/') mounted
[2026.08.07-22.22.46:944][  0]LogShaderLibrary: Display: ShaderCodeLibraryPakFileMountedCallback: pending pak file info (ChunkID:-1 Root:root:/ File:D:/Epic/UE_4.27/FeaturePacks/TP_TopDownBP.upack)
[2026.08.07-22.22.46:944][  0]LogPakFile: OnPakFileMounted2Time == 0.000059
[2026.08.07-22.22.46:964][  0]LogPakFile: PakFile PrimaryIndexSize=185
[2026.08.07-22.22.46:964][  0]LogPakFile: PakFile PathHashIndexSize=101
[2026.08.07-22.22.46:964][  0]LogPakFile: PakFile FullDirectoryIndexSize=144
[2026.08.07-22.22.46:964][  0]LogShaderLibrary: Display: ShaderCodeLibraryPakFileMountedCallback: PakFile 'D:/Epic/UE_4.27/FeaturePacks/TP_TwinStick.upack' (chunk index -1, root 'root:/') mounted
[2026.08.07-22.22.46:964][  0]LogShaderLibrary: Display: ShaderCodeLibraryPakFileMountedCallback: pending pak file info (ChunkID:-1 Root:root:/ File:D:/Epic/UE_4.27/FeaturePacks/TP_TwinStick.upack)
[2026.08.07-22.22.46:964][  0]LogPakFile: OnPakFileMounted2Time == 0.000080
[2026.08.07-22.22.46:979][  0]LogPakFile: PakFile PrimaryIndexSize=187
[2026.08.07-22.22.46:979][  0]LogPakFile: PakFile PathHashIndexSize=101
[2026.08.07-22.22.46:979][  0]LogPakFile: PakFile FullDirectoryIndexSize=148
[2026.08.07-22.22.46:979][  0]LogShaderLibrary: Display: ShaderCodeLibraryPakFileMountedCallback: PakFile 'D:/Epic/UE_4.27/FeaturePacks/TP_TwinStickBP.upack' (chunk index -1, root 'root:/') mounted
[2026.08.07-22.22.46:979][  0]LogShaderLibrary: Display: ShaderCodeLibraryPakFileMountedCallback: pending pak file info (ChunkID:-1 Root:root:/ File:D:/Epic/UE_4.27/FeaturePacks/TP_TwinStickBP.upack)
[2026.08.07-22.22.46:979][  0]LogPakFile: OnPakFileMounted2Time == 0.000058
[2026.08.07-22.22.46:994][  0]LogPakFile: PakFile PrimaryIndexSize=183
[2026.08.07-22.22.46:994][  0]LogPakFile: PakFile PathHashIndexSize=101
[2026.08.07-22.22.46:994][  0]LogPakFile: PakFile FullDirectoryIndexSize=140
[2026.08.07-22.22.46:994][  0]LogShaderLibrary: Display: ShaderCodeLibraryPakFileMountedCallback: PakFile 'D:/Epic/UE_4.27/FeaturePacks/TP_Vehicle.upack' (chunk index -1, root 'root:/') mounted
[2026.08.07-22.22.46:994][  0]LogShaderLibrary: Display: ShaderCodeLibraryPakFileMountedCallback: pending pak file info (ChunkID:-1 Root:root:/ File:D:/Epic/UE_4.27/FeaturePacks/TP_Vehicle.upack)
[2026.08.07-22.22.46:994][  0]LogPakFile: OnPakFileMounted2Time == 0.000052
[2026.08.07-22.22.47:007][  0]LogPakFile: PakFile PrimaryIndexSize=186
[2026.08.07-22.22.47:007][  0]LogPakFile: PakFile PathHashIndexSize=101
[2026.08.07-22.22.47:007][  0]LogPakFile: PakFile FullDirectoryIndexSize=146
[2026.08.07-22.22.47:007][  0]LogShaderLibrary: Display: ShaderCodeLibraryPakFileMountedCallback: PakFile 'D:/Epic/UE_4.27/FeaturePacks/TP_VehicleAdv.upack' (chunk index -1, root 'root:/') mounted
[2026.08.07-22.22.47:007][  0]LogShaderLibrary: Display: ShaderCodeLibraryPakFileMountedCallback: pending pak file info (ChunkID:-1 Root:root:/ File:D:/Epic/UE_4.27/FeaturePacks/TP_VehicleAdv.upack)
[2026.08.07-22.22.47:007][  0]LogPakFile: OnPakFileMounted2Time == 0.000061
[2026.08.07-22.22.47:022][  0]LogPakFile: PakFile PrimaryIndexSize=188
[2026.08.07-22.22.47:022][  0]LogPakFile: PakFile PathHashIndexSize=101
[2026.08.07-22.22.47:022][  0]LogPakFile: PakFile FullDirectoryIndexSize=150
[2026.08.07-22.22.47:022][  0]LogShaderLibrary: Display: ShaderCodeLibraryPakFileMountedCallback: PakFile 'D:/Epic/UE_4.27/FeaturePacks/TP_VehicleAdvBP.upack' (chunk index -1, root 'root:/') mounted
[2026.08.07-22.22.47:024][  0]LogShaderLibrary: Display: ShaderCodeLibraryPakFileMountedCallback: pending pak file info (ChunkID:-1 Root:root:/ File:D:/Epic/UE_4.27/FeaturePacks/TP_VehicleAdvBP.upack)
[2026.08.07-22.22.47:024][  0]LogPakFile: OnPakFileMounted2Time == 0.000125
[2026.08.07-22.22.47:037][  0]LogPakFile: PakFile PrimaryIndexSize=185
[2026.08.07-22.22.47:037][  0]LogPakFile: PakFile PathHashIndexSize=101
[2026.08.07-22.22.47:037][  0]LogPakFile: PakFile FullDirectoryIndexSize=144
[2026.08.07-22.22.47:037][  0]LogShaderLibrary: Display: ShaderCodeLibraryPakFileMountedCallback: PakFile 'D:/Epic/UE_4.27/FeaturePacks/TP_VehicleBP.upack' (chunk index -1, root 'root:/') mounted
[2026.08.07-22.22.47:037][  0]LogShaderLibrary: Display: ShaderCodeLibraryPakFileMountedCallback: pending pak file info (ChunkID:-1 Root:root:/ File:D:/Epic/UE_4.27/FeaturePacks/TP_VehicleBP.upack)
[2026.08.07-22.22.47:037][  0]LogPakFile: OnPakFileMounted2Time == 0.000052
[2026.08.07-22.22.47:057][  0]LogPakFile: PakFile PrimaryIndexSize=192
[2026.08.07-22.22.47:057][  0]LogPakFile: PakFile PathHashIndexSize=101
[2026.08.07-22.22.47:057][  0]LogPakFile: PakFile FullDirectoryIndexSize=158
[2026.08.07-22.22.47:057][  0]LogShaderLibrary: Display: ShaderCodeLibraryPakFileMountedCallback: PakFile 'D:/Epic/UE_4.27/FeaturePacks/TP_VirtualRealityBP.upack' (chunk index -1, root 'root:/') mounted
[2026.08.07-22.22.47:057][  0]LogShaderLibrary: Display: ShaderCodeLibraryPakFileMountedCallback: pending pak file info (ChunkID:-1 Root:root:/ File:D:/Epic/UE_4.27/FeaturePacks/TP_VirtualRealityBP.upack)
[2026.08.07-22.22.47:057][  0]LogPakFile: OnPakFileMounted2Time == 0.000064
[2026.08.07-22.22.48:278][  0]LogShaderCompilers: Display: Worker (2/9): shaders left to compile 195
[2026.08.07-22.22.48:278][  0]LogShaderCompilers: Display: Started 10 'Local' shader compile jobs with 'Normal' priority
[2026.08.07-22.22.48:278][  0]LogNativeClassHierarchy: Verbose: Native class hierarchy updated for 'AddContentDialog' in 0.0008 seconds. Added 0 classes and 0 folders.
[2026.08.07-22.22.48:324][  0]LogNativeClassHierarchy: Verbose: Native class hierarchy updated for 'SceneOutliner' in 0.0005 seconds. Added 2 classes and 0 folders.
[2026.08.07-22.22.48:562][  0]LogNativeClassHierarchy: Verbose: Native class hierarchy updated for 'WorldBrowser' in 0.0005 seconds. Added 2 classes and 3 folders.
[2026.08.07-22.22.49:387][  0]LogShaderCompilers: Display: Worker (1/9): shaders left to compile 185
[2026.08.07-22.22.49:387][  0]LogShaderCompilers: Display: Started 10 'Local' shader compile jobs with 'Normal' priority
[2026.08.07-22.22.49:387][  0]LogSlate: Took 0.000263 seconds to synchronously load lazily loaded font '../../../Engine/Content/Slate/Fonts/Roboto-Regular.ttf' (155K)
[2026.08.07-22.22.49:422][  0]LogSlate: Took 0.023809 seconds to synchronously load lazily loaded font '../../../Engine/Content/Editor/Slate/Fonts/FontAwesome.ttf' (139K)
[2026.08.07-22.22.49:442][  0]LogSlate: Took 0.000326 seconds to synchronously load lazily loaded font '../../../Engine/Content/Slate/Fonts/Roboto-Bold.ttf' (160K)
[2026.08.07-22.22.50:129][  0]LogShaderCompilers: Display: Worker (7/9): shaders left to compile 175
[2026.08.07-22.22.50:129][  0]LogShaderCompilers: Display: Started 10 'Local' shader compile jobs with 'Normal' priority
[2026.08.07-22.22.50:129][  0]LogRenderer: Reallocating scene render targets to support 2172x804 Format 10 NumSamples 1 (Frame:1).
[2026.08.07-22.22.50:844][  0]LogShaderCompilers: Display: Worker (3/9): shaders left to compile 165
[2026.08.07-22.22.50:844][  0]LogShaderCompilers: Display: Started 10 'Local' shader compile jobs with 'Normal' priority
[2026.08.07-22.22.50:845][  0]LogShaderCompilers: Display: Worker (8/9): shaders left to compile 155
[2026.08.07-22.22.50:845][  0]LogShaderCompilers: Display: Started 10 'Local' shader compile jobs with 'Normal' priority
[2026.08.07-22.22.50:845][  0]LogShaderCompilers: Display: Worker (9/9): shaders left to compile 145
[2026.08.07-22.22.50:845][  0]LogShaderCompilers: Display: Started 10 'Local' shader compile jobs with 'Normal' priority
[2026.08.07-22.22.50:854][  0]LogNativeClassHierarchy: Verbose: Native class hierarchy updated for 'HierarchicalLODOutliner' in 0.0004 seconds. Added 0 classes and 0 folders.
[2026.08.07-22.22.50:854][  0]LogLoad: (Engine Initialization) Total time: 91.99 seconds
[2026.08.07-22.22.50:854][  0]LogLoad: (Engine Initialization) Total Blueprint compile time: 0.00 seconds
[2026.08.07-22.22.51:004][  0]LogAnimationCompression: Building Anim DDC data for AnimSequence /Game/Main/Characters/Quentin/Animations/Holding/SK_Quentin_Body_Armature_A_Quentin_AimingThrowItem.SK_Quentin_Body_Armature_A_Quentin_AimingThrowItem
[2026.08.07-22.22.51:004][  0]LogAnimationCompression: Building Anim DDC data for AnimSequence /Game/Main/Characters/Quentin/Animations/SK_Quentin_Head_Anim_Armature_A_Quentin_GettingUp.SK_Quentin_Head_Anim_Armature_A_Quentin_GettingUp
[2026.08.07-22.22.51:004][  0]LogContentStreaming: Texture pool size now 1000 MB
[2026.08.07-22.22.51:482][  2]LogShaderCompilers: Display: Worker (6/9): shaders left to compile 135
[2026.08.07-22.22.51:482][  2]LogShaderCompilers: Display: Started 10 'Local' shader compile jobs with 'Normal' priority
[2026.08.07-22.22.51:488][  2]LogShaderCompilers: Display: Worker (5/9): shaders left to compile 125
[2026.08.07-22.22.51:488][  2]LogShaderCompilers: Display: Started 10 'Local' shader compile jobs with 'Normal' priority
[2026.08.07-22.22.51:758][  3]LogAnimationCompression: Building Anim DDC data for AnimSequence /Game/Main/Characters/Quentin/Animations/SK_Quentin_Body_Anim_Armature_A_Quentin_Low_Crouch_Walk_Left.SK_Quentin_Body_Anim_Armature_A_Quentin_Low_Crouch_Walk_Left
[2026.08.07-22.22.51:758][  3]LogShaderCompilers: Display: Worker (4/9): shaders left to compile 115
[2026.08.07-22.22.51:758][  3]LogShaderCompilers: Display: Started 10 'Local' shader compile jobs with 'Normal' priority
[2026.08.07-22.22.51:902][  4]LogAnimationCompression: Building Anim DDC data for AnimSequence /Game/Main/Characters/Quentin/Animations/SK_Quentin_Body_Anim_Armature_A_Quentin_Idle.SK_Quentin_Body_Anim_Armature_A_Quentin_Idle
[2026.08.07-22.22.51:902][  4]LogAnimationCompression: Building Anim DDC data for AnimSequence /Game/Main/Characters/Quentin/Animations/SK_Quentin_Body_Anim_Armature_A_Quentin_Low_Crouch_Walk_Right.SK_Quentin_Body_Anim_Armature_A_Quentin_Low_Crouch_Walk_Right
[2026.08.07-22.22.52:143][  5]LogAnimationCompression: Building Anim DDC data for AnimSequence /Game/Main/Characters/Quentin/Animations/SK_Quentin_Body_Anim_Armature_A_Quentin_Run_Back.SK_Quentin_Body_Anim_Armature_A_Quentin_Run_Back
[2026.08.07-22.22.52:400][  7]LogAnimationCompression: Building Anim DDC data for AnimSequence /Game/Main/Characters/Quentin/Animations/SK_Quentin_Body_Anim_Armature_A_Quentin_Run_Front.SK_Quentin_Body_Anim_Armature_A_Quentin_Run_Front
[2026.08.07-22.22.52:400][  7]LogShaderCompilers: Display: Worker (2/9): shaders left to compile 105
[2026.08.07-22.22.52:400][  7]LogShaderCompilers: Display: Started 10 'Local' shader compile jobs with 'Normal' priority
[2026.08.07-22.22.52:640][ 10]LogAnimationCompression: Building Anim DDC data for AnimSequence /Game/Main/Characters/Quentin/Animations/SK_Quentin_Body_Anim_Armature_A_Quentin_Run_Left.SK_Quentin_Body_Anim_Armature_A_Quentin_Run_Left
[2026.08.07-22.22.52:640][ 10]LogAnimationCompression: Building Anim DDC data for AnimSequence /Game/Main/Characters/Quentin/Animations/SK_Quentin_Body_Anim_Armature_A_Quentin_Run_Right.SK_Quentin_Body_Anim_Armature_A_Quentin_Run_Right
[2026.08.07-22.22.52:919][ 12]LogAnimationCompression: Building Anim DDC data for AnimSequence /Game/Main/Characters/Quentin/Animations/SK_Quentin_Body_Anim_Armature_A_Quentin_Walk_300_Back.SK_Quentin_Body_Anim_Armature_A_Quentin_Walk_300_Back
[2026.08.07-22.22.52:919][ 12]LogAnimationCompression: Building Anim DDC data for AnimSequence /Game/Main/Characters/Quentin/Animations/SK_Quentin_Body_Anim_Armature_A_Quentin_Crouch_Start.SK_Quentin_Body_Anim_Armature_A_Quentin_Crouch_Start
[2026.08.07-22.22.53:033][ 13]LogAnimationCompression: Building Anim DDC data for AnimSequence /Game/Main/Characters/Quentin/Animations/Holding/SK_Quentin_Body_Armature_A_Quentin_Holding_2H_Box_Crouch.SK_Quentin_Body_Armature_A_Quentin_Holding_2H_Box_Crouch
[2026.08.07-22.22.53:153][ 14]LogAnimationCompression: Building Anim DDC data for AnimSequence /Game/Main/Characters/Quentin/Animations/Holding/SK_Quentin_Body_Armature_A_Quentin_Holding_2H_Chair.SK_Quentin_Body_Armature_A_Quentin_Holding_2H_Chair
[2026.08.07-22.22.53:178][ 14]LogAssetRegistry: Asset discovery search completed in 91.4650 seconds
[2026.08.07-22.22.53:206][ 14]LogCollectionManager: Fixed up redirectors for 0 collections in 0.000004 seconds (updated 0 objects)
[2026.08.07-22.22.53:410][ 18]LogAnimationCompression: Building Anim DDC data for AnimSequence /Game/Main/Characters/Quentin/Animations/Holding/SK_Quentin_Body_Armature_A_Quentin_Holding_2H_Chair_Crouch.SK_Quentin_Body_Armature_A_Quentin_Holding_2H_Chair_Crouch
[2026.08.07-22.22.53:915][ 22]LogAnimationCompression: Building Anim DDC data for AnimSequence /Game/Main/Characters/Quentin/Animations/SK_Quentin_Body_Anim_Armature_A_Quentin_Low_Crouch_Walk_Back.SK_Quentin_Body_Anim_Armature_A_Quentin_Low_Crouch_Walk_Back
[2026.08.07-22.22.53:915][ 22]LogAnimationCompression: Building Anim DDC data for AnimSequence /Game/Main/Characters/Quentin/Animations/SK_Quentin_Body_Anim_Armature_A_Quentin_Low_Crouch_Idle.SK_Quentin_Body_Anim_Armature_A_Quentin_Low_Crouch_Idle
[2026.08.07-22.22.54:132][ 27]LogAnimationCompression: Building Anim DDC data for AnimSequence /Game/Main/Characters/Quentin/Animations/SK_Quentin_Body_Anim_Armature_A_Quentin_Low_Crouch_Walk_Front.SK_Quentin_Body_Anim_Armature_A_Quentin_Low_Crouch_Walk_Front
[2026.08.07-22.22.54:290][ 31]LogAnimationCompression: Building Anim DDC data for AnimSequence /Game/Main/Characters/Quentin/Animations/Holding/SK_Quentin_Body_Armature_A_Quentin_ThrowItem.SK_Quentin_Body_Armature_A_Quentin_ThrowItem
[2026.08.07-22.22.54:562][ 38]LogAnimationCompression: Building Anim DDC data for AnimSequence /Game/Main/Characters/Quentin/Animations/SK_Quentin_Body_Anim_Armature_A_Quentin_Crouch_End.SK_Quentin_Body_Anim_Armature_A_Quentin_Crouch_End
[2026.08.07-22.22.54:679][ 41]LogAnimationCompression: Building Anim DDC data for AnimSequence /Game/Main/Characters/Quentin/Animations/SK_Quentin_Body_Anim_Armature_A_Quentin_Falls.SK_Quentin_Body_Anim_Armature_A_Quentin_Falls
[2026.08.07-22.22.54:679][ 41]LogAnimationCompression: Building Anim DDC data for AnimSequence /Game/Main/Characters/Quentin/Animations/SK_Quentin_Body_Anim_Armature_A_Quentin_Jump_Cycle.SK_Quentin_Body_Anim_Armature_A_Quentin_Jump_Cycle
[2026.08.07-22.22.55:531][ 72]LogShaderCompilers: Display: Worker (1/9): shaders left to compile 95
[2026.08.07-22.22.55:531][ 72]LogShaderCompilers: Display: Started 10 'Local' shader compile jobs with 'Normal' priority
[2026.08.07-22.22.57:387][156]LogShaderCompilers: Display: Worker (4/9): shaders left to compile 85
[2026.08.07-22.22.57:387][156]LogShaderCompilers: Display: Started 10 'Local' shader compile jobs with 'Normal' priority
[2026.08.07-22.22.59:127][278]LogShaderCompilers: Display: Worker (5/9): shaders left to compile 75
[2026.08.07-22.22.59:127][278]LogShaderCompilers: Display: Started 10 'Local' shader compile jobs with 'Normal' priority
[2026.08.07-22.22.59:498][305]LogShaderCompilers: Display: Worker (3/9): shaders left to compile 65
[2026.08.07-22.22.59:498][305]LogShaderCompilers: Display: Started 9 'Local' shader compile jobs with 'Normal' priority
[2026.08.07-22.22.59:498][305]LogShaderCompilers: Display: Worker (1/9): shaders left to compile 56
[2026.08.07-22.22.59:498][305]LogShaderCompilers: Display: Started 8 'Local' shader compile jobs with 'Normal' priority
[2026.08.07-22.22.59:582][309]LogShaderCompilers: Display: Worker (2/9): shaders left to compile 48
[2026.08.07-22.22.59:582][309]LogShaderCompilers: Display: Started 7 'Local' shader compile jobs with 'Normal' priority
[2026.08.07-22.23.00:229][335]LogShaderCompilers: Display: Worker (8/9): shaders left to compile 41
[2026.08.07-22.23.00:229][335]LogShaderCompilers: Display: Started 6 'Local' shader compile jobs with 'Normal' priority
[2026.08.07-22.23.00:992][370]LogShaderCompilers: Display: Worker (6/9): shaders left to compile 35
[2026.08.07-22.23.00:992][370]LogShaderCompilers: Display: Started 5 'Local' shader compile jobs with 'Normal' priority
[2026.08.07-22.23.01:041][372]LogShaderCompilers: Display: Worker (7/9): shaders left to compile 30
[2026.08.07-22.23.01:041][372]LogShaderCompilers: Display: Started 4 'Local' shader compile jobs with 'Normal' priority
[2026.08.07-22.23.02:094][456]LogShaderCompilers: Display: Worker (7/9): shaders left to compile 26
[2026.08.07-22.23.02:094][456]LogShaderCompilers: Display: Started 4 'Local' shader compile jobs with 'Normal' priority
[2026.08.07-22.23.02:364][482]LogShaderCompilers: Display: Worker (1/9): shaders left to compile 22
[2026.08.07-22.23.02:365][482]LogShaderCompilers: Display: Started 3 'Local' shader compile jobs with 'Normal' priority
[2026.08.07-22.23.02:790][508]LogShaderCompilers: Display: Worker (6/9): shaders left to compile 19
[2026.08.07-22.23.02:790][508]LogShaderCompilers: Display: Started 3 'Local' shader compile jobs with 'Normal' priority
[2026.08.07-22.23.03:251][533]LogShaderCompilers: Display: Worker (1/9): shaders left to compile 16
[2026.08.07-22.23.03:251][533]LogShaderCompilers: Display: Worker (7/9): shaders left to compile 13
[2026.08.07-22.23.03:251][533]LogShaderCompilers: Display: Worker (8/9): shaders left to compile 10
[2026.08.07-22.23.03:251][533]LogShaderCompilers: Display: Started 9 'Local' shader compile jobs with 'Normal' priority
[2026.08.07-22.23.03:698][558]LogShaderCompilers: Display: Worker (4/9): shaders left to compile 7
[2026.08.07-22.23.03:698][558]LogShaderCompilers: Display: Started 1 'Local' shader compile jobs with 'Normal' priority
[2026.08.07-22.23.03:871][567]LogShaderCompilers: Display: Worker (3/9): shaders left to compile 6
[2026.08.07-22.23.03:872][567]LogShaderCompilers: Display: Started 1 'Local' shader compile jobs with 'Normal' priority
[2026.08.07-22.23.03:904][569]LogShaderCompilers: Display: Worker (4/9): shaders left to compile 5
[2026.08.07-22.23.03:904][569]LogShaderCompilers: Display: Started 1 'Local' shader compile jobs with 'Normal' priority
[2026.08.07-22.23.03:936][571]LogShaderCompilers: Display: Worker (8/9): shaders left to compile 4
[2026.08.07-22.23.03:936][571]LogShaderCompilers: Display: Started 1 'Local' shader compile jobs with 'Normal' priority
[2026.08.07-22.23.04:041][575]LogShaderCompilers: Display: Worker (6/9): shaders left to compile 3
[2026.08.07-22.23.04:041][575]LogShaderCompilers: Display: Worker (7/9): shaders left to compile 2
[2026.08.07-22.23.04:041][575]LogShaderCompilers: Display: Started 2 'Local' shader compile jobs with 'Normal' priority
[2026.08.07-22.23.04:234][583]LogShaderCompilers: Display: Worker (3/9): shaders left to compile 1
[2026.08.07-22.23.04:234][583]LogShaderCompilers: Display: Started 1 'Local' shader compile jobs with 'Normal' priority
[2026.08.07-22.23.04:294][586]LogShaderCompilers: Display: Worker (1/9): shaders left to compile 95
[2026.08.07-22.23.04:294][586]LogShaderCompilers: Display: Started 10 'Local' shader compile jobs with 'Low' priority
[2026.08.07-22.23.04:379][589]LogShaderCompilers: Display: Worker (4/9): shaders left to compile 85
[2026.08.07-22.23.04:379][589]LogShaderCompilers: Display: Worker (8/9): shaders left to compile 75
[2026.08.07-22.23.04:379][589]LogShaderCompilers: Display: Started 20 'Local' shader compile jobs with 'Low' priority
[2026.08.07-22.23.04:418][591]LogShaderCompilers: Display: Worker (7/9): shaders left to compile 65
[2026.08.07-22.23.04:418][591]LogShaderCompilers: Display: Started 9 'Local' shader compile jobs with 'Low' priority
[2026.08.07-22.23.04:458][592]LogShaderCompilers: Display: Worker (6/9): shaders left to compile 56
[2026.08.07-22.23.04:459][592]LogShaderCompilers: Display: Started 8 'Local' shader compile jobs with 'Low' priority
[2026.08.07-22.23.04:759][613]LogShaderCompilers: Display: Worker (3/9): shaders left to compile 48
[2026.08.07-22.23.04:759][613]LogShaderCompilers: Display: Started 7 'Local' shader compile jobs with 'Low' priority
[2026.08.07-22.23.04:815][616]LogShaderCompilers: Display: Worker (2/9): shaders left to compile 41
[2026.08.07-22.23.04:815][616]LogShaderCompilers: Display: Started 6 'Local' shader compile jobs with 'Low' priority
[2026.08.07-22.23.05:429][657]LogShaderCompilers: Display: Worker (5/9): shaders left to compile 35
[2026.08.07-22.23.05:429][657]LogShaderCompilers: Display: Started 5 'Local' shader compile jobs with 'Low' priority
[2026.08.07-22.23.06:475][762]LogShaderCompilers: Display: Worker (1/9): shaders left to compile 30
[2026.08.07-22.23.06:475][762]LogShaderCompilers: Display: Started 4 'Local' shader compile jobs with 'Low' priority
[2026.08.07-22.23.06:982][793]LogShaderCompilers: Display: Worker (6/9): shaders left to compile 26
[2026.08.07-22.23.06:984][793]LogShaderCompilers: Display: Started 4 'Local' shader compile jobs with 'Low' priority
[2026.08.07-22.23.07:135][794]LogShaderCompilers: Display: Worker (5/9): shaders left to compile 22
[2026.08.07-22.23.07:135][794]LogShaderCompilers: Display: Started 3 'Local' shader compile jobs with 'Low' priority
[2026.08.07-22.23.07:316][801]LogShaderCompilers: Display: Worker (1/9): shaders left to compile 19
[2026.08.07-22.23.07:316][801]LogShaderCompilers: Display: Started 3 'Local' shader compile jobs with 'Low' priority
[2026.08.07-22.23.07:613][822]LogShaderCompilers: Display: Worker (2/9): shaders left to compile 16
[2026.08.07-22.23.07:614][822]LogShaderCompilers: Display: Started 3 'Local' shader compile jobs with 'Low' priority
[2026.08.07-22.23.07:884][844]LogShaderCompilers: Display: Worker (5/9): shaders left to compile 13
[2026.08.07-22.23.07:884][844]LogShaderCompilers: Display: Started 2 'Local' shader compile jobs with 'Low' priority
[2026.08.07-22.23.07:919][847]LogShaderCompilers: Display: Worker (6/9): shaders left to compile 11
[2026.08.07-22.23.07:919][847]LogShaderCompilers: Display: Started 2 'Local' shader compile jobs with 'Low' priority
[2026.08.07-22.23.08:241][878]LogShaderCompilers: Display: Worker (6/9): shaders left to compile 9
[2026.08.07-22.23.08:241][878]LogShaderCompilers: Display: Started 2 'Local' shader compile jobs with 'Low' priority
[2026.08.07-22.23.08:308][884]LogShaderCompilers: Display: Worker (7/9): shaders left to compile 7
[2026.08.07-22.23.08:308][884]LogShaderCompilers: Display: Started 1 'Local' shader compile jobs with 'Low' priority
[2026.08.07-22.23.08:420][894]LogShaderCompilers: Display: Worker (5/9): shaders left to compile 6
[2026.08.07-22.23.08:420][894]LogShaderCompilers: Display: Started 1 'Local' shader compile jobs with 'Low' priority
[2026.08.07-22.23.08:468][898]LogShaderCompilers: Display: Worker (1/9): shaders left to compile 5
[2026.08.07-22.23.08:468][898]LogShaderCompilers: Display: Started 1 'Local' shader compile jobs with 'Low' priority
[2026.08.07-22.23.08:512][901]LogShaderCompilers: Display: Worker (7/9): shaders left to compile 4
[2026.08.07-22.23.08:512][901]LogShaderCompilers: Display: Started 1 'Local' shader compile jobs with 'Low' priority
[2026.08.07-22.23.08:547][904]LogShaderCompilers: Display: Worker (2/9): shaders left to compile 3
[2026.08.07-22.23.08:548][904]LogShaderCompilers: Display: Started 1 'Local' shader compile jobs with 'Low' priority
[2026.08.07-22.23.08:696][918]LogShaderCompilers: Display: Worker (6/9): shaders left to compile 2
[2026.08.07-22.23.08:696][918]LogShaderCompilers: Display: Started 1 'Local' shader compile jobs with 'Low' priority
[2026.08.07-22.23.08:780][926]LogShaderCompilers: Display: Worker (5/9): shaders left to compile 1
[2026.08.07-22.23.08:781][926]LogShaderCompilers: Display: Started 1 'Local' shader compile jobs with 'Low' priority
[2026.08.07-22.23.30:249][462]LogSlate: Took 0.000132 seconds to synchronously load lazily loaded font '../../../Engine/Content/Slate/Fonts/Roboto-Light.ttf' (167K)
[2026.08.07-22.23.30:296][462]Cmd: OBJ SAVEPACKAGE PACKAGE="/Game/Main/Maps/LVL_Default" FILE="../../../../../Git/HN2BaseProject_V3/Content/Main/Maps/LVL_Default.umap" SILENT=true AUTOSAVING=false KEEPDIRTY=false
[2026.08.07-22.23.30:340][462]LogUObjectHash: Compacting FUObjectHashTables data took   0.67ms
[2026.08.07-22.23.30:466][462]LogSavePackage: Moving '../../../../../Git/HN2BaseProject_V3/Saved/LVL_DefaultA78314A243602B827108168BE59ECA38.tmp' to '../../../../../Git/HN2BaseProject_V3/Content/Main/Maps/LVL_Default.umap'
[2026.08.07-22.23.30:506][462]Cmd: OBJ SAVEPACKAGE PACKAGE="/Game/Main/Maps/LVL_Default_BuiltData" FILE="../../../../../Git/HN2BaseProject_V3/Content/Main/Maps/LVL_Default_BuiltData.uasset" SILENT=true
[2026.08.07-22.23.30:544][462]LogSavePackage: Moving '../../../../../Git/HN2BaseProject_V3/Saved/LVL_Default_BuiltData19B7F1DD401B359A1A01C9BDD7A04516.tmp' to '../../../../../Git/HN2BaseProject_V3/Content/Main/Maps/LVL_Default_BuiltData.uasset'
[2026.08.07-22.23.30:564][462]AssetCheck: New page: Asset Save: multiple assets
[2026.08.07-22.23.30:564][462]LogContentValidation: Display: Validating MapBuildDataRegistry /Game/Main/Maps/LVL_Default_BuiltData.LVL_Default_BuiltData
[2026.08.07-22.23.30:564][462]LogContentValidation: Display: Validating World /Game/Main/Maps/LVL_Default.LVL_Default
[2026.08.07-22.23.31:022][515]Cmd: OBJ SAVEPACKAGE PACKAGE="/Game/Main/Maps/LVL_Default" FILE="../../../../../Git/HN2BaseProject_V3/Content/Main/Maps/LVL_Default.umap" SILENT=true AUTOSAVING=false KEEPDIRTY=false
[2026.08.07-22.23.31:026][515]LogUObjectHash: Compacting FUObjectHashTables data took   0.26ms
[2026.08.07-22.23.31:036][515]LogSavePackage: Moving '../../../../../Git/HN2BaseProject_V3/Saved/LVL_Default4E314E0C4ADAA2EE8A375EB69A5F9B0E.tmp' to '../../../../../Git/HN2BaseProject_V3/Content/Main/Maps/LVL_Default.umap'
[2026.08.07-22.23.31:039][515]Cmd: OBJ SAVEPACKAGE PACKAGE="/Game/Main/Maps/LVL_Default_BuiltData" FILE="../../../../../Git/HN2BaseProject_V3/Content/Main/Maps/LVL_Default_BuiltData.uasset" SILENT=true
[2026.08.07-22.23.31:052][515]LogSavePackage: Moving '../../../../../Git/HN2BaseProject_V3/Saved/LVL_Default_BuiltData6D606514427A4E71D7E9E985D2F37E31.tmp' to '../../../../../Git/HN2BaseProject_V3/Content/Main/Maps/LVL_Default_BuiltData.uasset'
[2026.08.07-22.23.31:062][515]AssetCheck: New page: Asset Save: multiple assets
[2026.08.07-22.23.31:062][515]LogContentValidation: Display: Validating MapBuildDataRegistry /Game/Main/Maps/LVL_Default_BuiltData.LVL_Default_BuiltData
[2026.08.07-22.23.31:062][515]LogContentValidation: Display: Validating World /Game/Main/Maps/LVL_Default.LVL_Default
[2026.08.07-22.23.31:524][568]Cmd: OBJ SAVEPACKAGE PACKAGE="/Game/Main/Maps/LVL_Default" FILE="../../../../../Git/HN2BaseProject_V3/Content/Main/Maps/LVL_Default.umap" SILENT=true AUTOSAVING=false KEEPDIRTY=false
[2026.08.07-22.23.31:527][568]LogUObjectHash: Compacting FUObjectHashTables data took   0.29ms
[2026.08.07-22.23.31:537][568]LogSavePackage: Moving '../../../../../Git/HN2BaseProject_V3/Saved/LVL_Default39D5C74C47F0E32E23188AA3A275A440.tmp' to '../../../../../Git/HN2BaseProject_V3/Content/Main/Maps/LVL_Default.umap'
[2026.08.07-22.23.31:540][568]Cmd: OBJ SAVEPACKAGE PACKAGE="/Game/Main/Maps/LVL_Default_BuiltData" FILE="../../../../../Git/HN2BaseProject_V3/Content/Main/Maps/LVL_Default_BuiltData.uasset" SILENT=true
[2026.08.07-22.23.31:552][568]LogSavePackage: Moving '../../../../../Git/HN2BaseProject_V3/Saved/LVL_Default_BuiltData40288707494EB2F3D106E89F0BBB6B9A.tmp' to '../../../../../Git/HN2BaseProject_V3/Content/Main/Maps/LVL_Default_BuiltData.uasset'
[2026.08.07-22.23.31:562][568]AssetCheck: New page: Asset Save: multiple assets
[2026.08.07-22.23.31:562][568]LogContentValidation: Display: Validating MapBuildDataRegistry /Game/Main/Maps/LVL_Default_BuiltData.LVL_Default_BuiltData
[2026.08.07-22.23.31:562][568]LogContentValidation: Display: Validating World /Game/Main/Maps/LVL_Default.LVL_Default
[2026.08.07-22.23.31:962][615]Cmd: OBJ SAVEPACKAGE PACKAGE="/Game/Main/Maps/LVL_Default" FILE="../../../../../Git/HN2BaseProject_V3/Content/Main/Maps/LVL_Default.umap" SILENT=true AUTOSAVING=false KEEPDIRTY=false
[2026.08.07-22.23.31:965][615]LogUObjectHash: Compacting FUObjectHashTables data took   0.27ms
[2026.08.07-22.23.31:975][615]LogSavePackage: Moving '../../../../../Git/HN2BaseProject_V3/Saved/LVL_Default5F9EB1454212B836195CF08CB14AF736.tmp' to '../../../../../Git/HN2BaseProject_V3/Content/Main/Maps/LVL_Default.umap'
[2026.08.07-22.23.31:978][615]Cmd: OBJ SAVEPACKAGE PACKAGE="/Game/Main/Maps/LVL_Default_BuiltData" FILE="../../../../../Git/HN2BaseProject_V3/Content/Main/Maps/LVL_Default_BuiltData.uasset" SILENT=true
[2026.08.07-22.23.31:991][615]LogSavePackage: Moving '../../../../../Git/HN2BaseProject_V3/Saved/LVL_Default_BuiltDataC70386F5429EA40C74F8459BF1793F50.tmp' to '../../../../../Git/HN2BaseProject_V3/Content/Main/Maps/LVL_Default_BuiltData.uasset'
[2026.08.07-22.23.32:001][615]AssetCheck: New page: Asset Save: multiple assets
[2026.08.07-22.23.32:001][615]LogContentValidation: Display: Validating MapBuildDataRegistry /Game/Main/Maps/LVL_Default_BuiltData.LVL_Default_BuiltData
[2026.08.07-22.23.32:001][615]LogContentValidation: Display: Validating World /Game/Main/Maps/LVL_Default.LVL_Default
[2026.08.07-22.23.32:443][667]Cmd: OBJ SAVEPACKAGE PACKAGE="/Game/Main/Maps/LVL_Default" FILE="../../../../../Git/HN2BaseProject_V3/Content/Main/Maps/LVL_Default.umap" SILENT=true AUTOSAVING=false KEEPDIRTY=false
[2026.08.07-22.23.32:446][667]LogUObjectHash: Compacting FUObjectHashTables data took   0.26ms
[2026.08.07-22.23.32:457][667]LogSavePackage: Moving '../../../../../Git/HN2BaseProject_V3/Saved/LVL_Default2282733E49991C5F08F01097D771522C.tmp' to '../../../../../Git/HN2BaseProject_V3/Content/Main/Maps/LVL_Default.umap'
[2026.08.07-22.23.32:460][667]Cmd: OBJ SAVEPACKAGE PACKAGE="/Game/Main/Maps/LVL_Default_BuiltData" FILE="../../../../../Git/HN2BaseProject_V3/Content/Main/Maps/LVL_Default_BuiltData.uasset" SILENT=true
[2026.08.07-22.23.32:472][667]LogSavePackage: Moving '../../../../../Git/HN2BaseProject_V3/Saved/LVL_Default_BuiltData3DA48D47405AA4F19FA5EC96FEDCC730.tmp' to '../../../../../Git/HN2BaseProject_V3/Content/Main/Maps/LVL_Default_BuiltData.uasset'
[2026.08.07-22.23.32:480][667]AssetCheck: New page: Asset Save: multiple assets
[2026.08.07-22.23.32:480][667]LogContentValidation: Display: Validating MapBuildDataRegistry /Game/Main/Maps/LVL_Default_BuiltData.LVL_Default_BuiltData
[2026.08.07-22.23.32:480][667]LogContentValidation: Display: Validating World /Game/Main/Maps/LVL_Default.LVL_Default
[2026.08.07-22.23.39:421][497]LogUObjectHash: Compacting FUObjectHashTables data took   0.25ms
[2026.08.07-22.23.39:461][497]LogSlate: Window 'HN2BaseProject_V3 - Unreal Editor' being destroyed
[2026.08.07-22.23.39:793][498]Cmd: QUIT_EDITOR
[2026.08.07-22.23.39:793][498]LogCore: Engine exit requested (reason: UUnrealEdEngine::CloseEditor())
[2026.08.07-22.23.39:794][498]LogCore: Engine exit requested (reason: EngineExit() was called; note: exit was already requested)
[2026.08.07-22.23.39:796][498]LogAudio: Display: Beginning Audio Device Manager Shutdown (Module: AudioMixerXAudio2)...
[2026.08.07-22.23.39:796][498]LogAudio: Display: Destroying 1 Remaining Audio Device(s)...
[2026.08.07-22.23.39:796][498]LogAudio: Display: Audio Device unregistered from world 'LVL_Default'.
[2026.08.07-22.23.39:818][498]LogAudioMixer: FMixerPlatformXAudio2::StopAudioStream() called
[2026.08.07-22.23.39:819][498]LogAudioMixer: FMixerPlatformXAudio2::StopAudioStream() called
[2026.08.07-22.23.39:821][498]LogAudio: Display: Audio Device Manager Shutdown
[2026.08.07-22.23.39:822][498]LogWindowsTextInputMethodSystem: Display: IME system deactivated.
[2026.08.07-22.23.39:825][498]LogExit: Preparing to exit.
[2026.08.07-22.23.40:206][498]LogUObjectHash: Compacting FUObjectHashTables data took   0.83ms
[2026.08.07-22.23.40:377][498]LogDemo: Cleaned up 0 splitscreen connections with owner deletion
[2026.08.07-22.23.40:381][498]LogWorld: UWorld::CleanupWorld for None, bSessionEnded=true, bCleanupResources=true
[2026.08.07-22.23.40:381][498]LogExit: Editor shut down
[2026.08.07-22.23.40:382][498]LogExit: Transaction tracking system shut down
[2026.08.07-22.23.40:692][498]LogExit: Object subsystem successfully closed.
[2026.08.07-22.23.40:706][498]LogShaderCompilers: Display: === FShaderJobCache stats ===
[2026.08.07-22.23.40:706][498]LogShaderCompilers: Display: Total job queries 4683, among them cache hits 3686 (78.71%)
[2026.08.07-22.23.40:706][498]LogShaderCompilers: Display: Tracking 780 distinct input hashes that result in 387 distinct outputs (49.62%)
[2026.08.07-22.23.40:706][498]LogShaderCompilers: Display: RAM used: 3.11 MB (0.00 GB) of 1638.40 MB (1.60 GB) budget. Usage: 0.19%
[2026.08.07-22.23.40:706][498]LogShaderCompilers: Display: ================================================
[2026.08.07-22.23.40:714][498]LogShaderCompilers: Display: Shaders left to compile 0
[2026.08.07-22.23.40:724][498]LogModuleManager: Shutting down and abandoning module HierarchicalLODOutliner (872)
[2026.08.07-22.23.40:724][498]LogModuleManager: Shutting down and abandoning module SceneOutliner (868)
[2026.08.07-22.23.40:724][498]LogModuleManager: Shutting down and abandoning module AddContentDialog (866)
[2026.08.07-22.23.40:749][498]LogModuleManager: Shutting down and abandoning module WidgetCarousel (865)
[2026.08.07-22.23.40:749][498]LogModuleManager: Shutting down and abandoning module EditorWidgets (862)
[2026.08.07-22.23.40:749][498]LogModuleManager: Shutting down and abandoning module StatsViewer (860)
[2026.08.07-22.23.40:749][498]LogModuleManager: Shutting down and abandoning module PIEPreviewDeviceProfileSelector (858)
[2026.08.07-22.23.40:749][498]LogModuleManager: Shutting down and abandoning module SequenceRecorderSections (856)
[2026.08.07-22.23.40:749][498]LogModuleManager: Shutting down and abandoning module AutomationWorker (854)
[2026.08.07-22.23.40:749][498]LogModuleManager: Shutting down and abandoning module SteamVREditor (852)
[2026.08.07-22.23.40:749][498]LogModuleManager: Shutting down and abandoning module OculusMR (850)
[2026.08.07-22.23.40:749][498]LogModuleManager: Shutting down and abandoning module OpenXRInput (848)
[2026.08.07-22.23.40:749][498]LogModuleManager: Shutting down and abandoning module TakeRecorderSources (846)
[2026.08.07-22.23.40:749][498]LogModuleManager: Shutting down and abandoning module TakeRecorder (845)
[2026.08.07-22.23.40:749][498]LogModuleManager: Shutting down and abandoning module TakeTrackRecorders (842)
[2026.08.07-22.23.40:749][498]LogModuleManager: Shutting down and abandoning module TakesCore (840)
[2026.08.07-22.23.40:749][498]LogModuleManager: Shutting down and abandoning module GooglePADEditor (838)
[2026.08.07-22.23.40:749][498]LogModuleManager: Shutting down and abandoning module AudioCaptureEditor (836)
[2026.08.07-22.23.40:749][498]LogModuleManager: Shutting down and abandoning module TemplateSequenceEditor (834)
[2026.08.07-22.23.40:749][498]LogModuleManager: Shutting down and abandoning module MatineeToLevelSequence (832)
[2026.08.07-22.23.40:749][498]LogModuleManager: Shutting down and abandoning module LevelSequenceEditor (830)
[2026.08.07-22.23.40:749][498]LogModuleManager: Shutting down and abandoning module ActorSequenceEditor (828)
[2026.08.07-22.23.40:749][498]LogModuleManager: Shutting down and abandoning module MagicLeapMediaCodecFactory (826)
[2026.08.07-22.23.40:749][498]LogModuleManager: Shutting down and abandoning module MagicLeapMediaFactory (824)
[2026.08.07-22.23.40:749][498]LogModuleManager: Shutting down and abandoning module MagicLeapMediaEditor (822)
[2026.08.07-22.23.40:749][498]LogModuleManager: Shutting down and abandoning module PlanarCut (820)
[2026.08.07-22.23.40:750][498]LogModuleManager: Shutting down and abandoning module WmfMediaFactory (818)
[2026.08.07-22.23.40:750][498]LogModuleManager: Shutting down and abandoning module WmfMediaEditor (816)
[2026.08.07-22.23.40:750][498]LogModuleManager: Shutting down and abandoning module WebMMediaFactory (814)
[2026.08.07-22.23.40:750][498]LogModuleManager: Shutting down and abandoning module WebMMediaEditor (812)
[2026.08.07-22.23.40:750][498]LogModuleManager: Shutting down and abandoning module WebMMedia (810)
[2026.08.07-22.23.40:750][498]LogModuleManager: Shutting down and abandoning module MediaPlayerEditor (808)
[2026.08.07-22.23.40:750][498]LogModuleManager: Shutting down and abandoning module MediaCompositingEditor (806)
[2026.08.07-22.23.40:750][498]LogModuleManager: Shutting down and abandoning module SequenceRecorder (805)
[2026.08.07-22.23.40:750][498]LogModuleManager: Shutting down and abandoning module OpenExrWrapper (802)
[2026.08.07-22.23.40:750][498]LogModuleManager: Shutting down and abandoning module ImgMediaFactory (800)
[2026.08.07-22.23.40:750][498]LogModuleManager: Shutting down and abandoning module ImgMediaEditor (798)
[2026.08.07-22.23.40:750][498]LogModuleManager: Shutting down and abandoning module AvfMediaFactory (796)
[2026.08.07-22.23.40:750][498]LogModuleManager: Shutting down and abandoning module AvfMediaEditor (794)
[2026.08.07-22.23.40:750][498]LogModuleManager: Shutting down and abandoning module AndroidMediaFactory (792)
[2026.08.07-22.23.40:750][498]LogModuleManager: Shutting down and abandoning module AndroidMediaEditor (790)
[2026.08.07-22.23.40:750][498]LogModuleManager: Shutting down and abandoning module CharacterAI (788)
[2026.08.07-22.23.40:750][498]LogModuleManager: Shutting down and abandoning module TextureAlignMode (786)
[2026.08.07-22.23.40:750][498]LogModuleManager: Shutting down and abandoning module BspMode (784)
[2026.08.07-22.23.40:750][498]LogModuleManager: Shutting down and abandoning module GeometryMode (782)
[2026.08.07-22.23.40:750][498]LogModuleManager: Shutting down and abandoning module CameraShakePreviewer (780)
[2026.08.07-22.23.40:750][498]LogModuleManager: Shutting down and abandoning module SmartSnapping (778)
[2026.08.07-22.23.40:750][498]LogModuleManager: Shutting down and abandoning module SessionServices (776)
[2026.08.07-22.23.40:750][498]LogModuleManager: Shutting down and abandoning module MeshPaint (774)
[2026.08.07-22.23.40:750][498]LogModuleManager: Shutting down and abandoning module VirtualTexturingEditor (772)
[2026.08.07-22.23.40:750][498]LogModuleManager: Shutting down and abandoning module FoliageEdit (770)
[2026.08.07-22.23.40:750][498]LogModuleManager: Shutting down and abandoning module LandscapeEditor (768)
[2026.08.07-22.23.40:750][498]LogModuleManager: Shutting down and abandoning module MeshPaintMode (766)
[2026.08.07-22.23.40:750][498]LogModuleManager: Shutting down and abandoning module SceneDepthPickerMode (764)
[2026.08.07-22.23.40:750][498]LogModuleManager: Shutting down and abandoning module ActorPickerMode (762)
[2026.08.07-22.23.40:750][498]LogModuleManager: Shutting down and abandoning module PlacementMode (760)
[2026.08.07-22.23.40:750][498]LogModuleManager: Shutting down and abandoning module ViewportSnapping (758)
[2026.08.07-22.23.40:750][498]LogModuleManager: Shutting down and abandoning module ViewportInteraction (756)
[2026.08.07-22.23.40:750][498]LogModuleManager: Shutting down and abandoning module ClothPainter (754)
[2026.08.07-22.23.40:750][498]LogModuleManager: Shutting down and abandoning module SkeletalMeshEditor (753)
[2026.08.07-22.23.40:750][498]LogModuleManager: Shutting down and abandoning module LogVisualizer (750)
[2026.08.07-22.23.40:750][498]LogModuleManager: Shutting down and abandoning module IntroTutorials (748)
[2026.08.07-22.23.40:750][498]LogModuleManager: Shutting down and abandoning module GameProjectGeneration (747)
[2026.08.07-22.23.40:750][498]LogModuleManager: Shutting down and abandoning module LuminPlatformEditor (744)
[2026.08.07-22.23.40:750][498]LogModuleManager: Shutting down and abandoning module IOSPlatformEditor (742)
[2026.08.07-22.23.40:750][498]LogModuleManager: Shutting down and abandoning module AndroidPlatformEditor (740)
[2026.08.07-22.23.40:750][498]LogModuleManager: Shutting down and abandoning module AndroidDeviceDetection (739)
[2026.08.07-22.23.41:504][498]LogModuleManager: Shutting down and abandoning module WindowsPlatformEditor (736)
[2026.08.07-22.23.41:504][498]LogModuleManager: Shutting down and abandoning module LuminRuntimeSettings (734)
[2026.08.07-22.23.41:504][498]LogModuleManager: Shutting down and abandoning module IOSRuntimeSettings (732)
[2026.08.07-22.23.41:504][498]LogModuleManager: Shutting down and abandoning module AndroidRuntimeSettings (730)
[2026.08.07-22.23.41:504][498]LogModuleManager: Shutting down and abandoning module TraceInsights (728)
[2026.08.07-22.23.41:504][498]MemoryProfiler: Shutdown
[2026.08.07-22.23.41:504][498]NetworkingProfiler: Shutdown
[2026.08.07-22.23.41:504][498]LoadingProfiler: Shutdown
[2026.08.07-22.23.41:504][498]TimingProfiler: Shutdown
[2026.08.07-22.23.41:505][498]LogModuleManager: Shutting down and abandoning module TraceServices (727)
[2026.08.07-22.23.41:505][498]LogModuleManager: Shutting down and abandoning module EditorInteractiveToolsFramework (724)
[2026.08.07-22.23.41:505][498]LogModuleManager: Shutting down and abandoning module TimeManagementEditor (722)
[2026.08.07-22.23.41:505][498]LogModuleManager: Shutting down and abandoning module InputBindingEditor (720)
[2026.08.07-22.23.41:505][498]LogModuleManager: Shutting down and abandoning module MergeActors (718)
[2026.08.07-22.23.41:505][498]LogModuleManager: Shutting down and abandoning module LocalizationDashboard (716)
[2026.08.07-22.23.41:505][498]LogModuleManager: Shutting down and abandoning module LocalizationService (715)
[2026.08.07-22.23.41:505][498]LogModuleManager: Shutting down and abandoning module HardwareTargeting (712)
[2026.08.07-22.23.41:505][498]LogModuleManager: Shutting down and abandoning module DeviceProfileEditor (710)
[2026.08.07-22.23.41:505][498]LogModuleManager: Shutting down and abandoning module UndoHistory (708)
[2026.08.07-22.23.41:505][498]LogModuleManager: Shutting down and abandoning module XmlParser (706)
[2026.08.07-22.23.41:505][498]LogModuleManager: Shutting down and abandoning module Blutility (704)
[2026.08.07-22.23.41:505][498]LogModuleManager: Shutting down and abandoning module ProjectSettingsViewer (702)
[2026.08.07-22.23.41:505][498]LogModuleManager: Shutting down and abandoning module ProjectTargetPlatformEditor (701)
[2026.08.07-22.23.41:505][498]LogModuleManager: Shutting down and abandoning module EditorSettingsViewer (698)
[2026.08.07-22.23.41:505][498]LogModuleManager: Shutting down and abandoning module InternationalizationSettings (697)
[2026.08.07-22.23.41:505][498]LogModuleManager: Shutting down and abandoning module SettingsEditor (694)
[2026.08.07-22.23.41:505][498]LogModuleManager: Shutting down and abandoning module ProjectLauncher (692)
[2026.08.07-22.23.41:505][498]LogModuleManager: Shutting down and abandoning module SessionFrontend (690)
[2026.08.07-22.23.41:505][498]LogModuleManager: Shutting down and abandoning module ProfilerClient (688)
[2026.08.07-22.23.41:505][498]LogModuleManager: Shutting down and abandoning module DeviceManager (686)
[2026.08.07-22.23.41:505][498]LogModuleManager: Shutting down and abandoning module TargetDeviceServices (685)
[2026.08.07-22.23.41:539][498]LogModuleManager: Shutting down and abandoning module AutomationController (682)
[2026.08.07-22.23.41:539][498]LogModuleManager: Shutting down and abandoning module AutomationWindow (680)
[2026.08.07-22.23.41:539][498]LogModuleManager: Shutting down and abandoning module Layers (678)
[2026.08.07-22.23.41:539][498]LogModuleManager: Shutting down and abandoning module ComponentVisualizers (676)
[2026.08.07-22.23.41:539][498]LogModuleManager: Shutting down and abandoning module DetailCustomizations (674)
[2026.08.07-22.23.41:539][498]LogModuleManager: Shutting down and abandoning module PackagesDialog (672)
[2026.08.07-22.23.41:539][498]LogModuleManager: Shutting down and abandoning module AnimationBlueprintEditor (670)
[2026.08.07-22.23.41:539][498]LogModuleManager: Shutting down and abandoning module Persona (668)
[2026.08.07-22.23.41:539][498]LogModuleManager: Shutting down and abandoning module AdvancedPreviewScene (667)
[2026.08.07-22.23.41:539][498]LogModuleManager: Shutting down and abandoning module AnimGraph (665)
[2026.08.07-22.23.41:539][498]LogModuleManager: Shutting down and abandoning module Kismet (662)
[2026.08.07-22.23.41:540][498]LogModuleManager: Shutting down and abandoning module KismetWidgets (661)
[2026.08.07-22.23.41:540][498]LogModuleManager: Shutting down and abandoning module GraphEditor (658)
[2026.08.07-22.23.41:540][498]LogModuleManager: Shutting down and abandoning module StructViewer (656)
[2026.08.07-22.23.41:540][498]LogModuleManager: Shutting down and abandoning module ClassViewer (654)
[2026.08.07-22.23.41:540][498]LogModuleManager: Shutting down and abandoning module Toolbox (652)
[2026.08.07-22.23.41:540][498]LogModuleManager: Shutting down and abandoning module ModuleUI (650)
[2026.08.07-22.23.41:540][498]LogModuleManager: Shutting down and abandoning module OutputLog (648)
[2026.08.07-22.23.41:540][498]LogModuleManager: Shutting down and abandoning module GammaUI (646)
[2026.08.07-22.23.41:540][498]LogModuleManager: Shutting down and abandoning module Documentation (644)
[2026.08.07-22.23.41:540][498]LogModuleManager: Shutting down and abandoning module LiveCoding (642)
[2026.08.07-22.23.41:540][498]LogModuleManager: Shutting down and abandoning module LevelSequence (640)
[2026.08.07-22.23.41:540][498]LogModuleManager: Shutting down and abandoning module MovieSceneTracks (638)
[2026.08.07-22.23.41:540][498]LogModuleManager: Shutting down and abandoning module MovieScene (636)
[2026.08.07-22.23.41:541][498]LogModuleManager: Shutting down and abandoning module StreamingPauseRendering (634)
[2026.08.07-22.23.41:541][498]LogModuleManager: Shutting down and abandoning module LauncherPlatform (632)
[2026.08.07-22.23.41:541][498]LogModuleManager: Shutting down and abandoning module AnalyticsET (630)
[2026.08.07-22.23.41:541][498]LogModuleManager: Shutting down and abandoning module PortalServices (628)
[2026.08.07-22.23.41:541][498]LogModuleManager: Shutting down and abandoning module PortalRpc (626)
[2026.08.07-22.23.41:541][498]LogModuleManager: Shutting down and abandoning module MessagingRpc (624)
[2026.08.07-22.23.41:541][498]LogModuleManager: Shutting down and abandoning module AudioMixerXAudio2 (622)
[2026.08.07-22.23.41:541][498]LogModuleManager: Shutting down and abandoning module AudioMixerCore (621)
[2026.08.07-22.23.41:541][498]LogModuleManager: Shutting down and abandoning module AIModule (618)
[2026.08.07-22.23.41:541][498]LogModuleManager: Shutting down and abandoning module GameplayDebugger (617)
[2026.08.07-22.23.41:541][498]LogModuleManager: Shutting down and abandoning module AITestSuite (615)
[2026.08.07-22.23.41:541][498]LogModuleManager: Shutting down and abandoning module NavigationSystem (613)
[2026.08.07-22.23.41:541][498]LogModuleManager: Shutting down and abandoning module ImageWriteQueue (610)
[2026.08.07-22.23.41:544][498]LogModuleManager: Shutting down and abandoning module ProfilerService (608)
[2026.08.07-22.23.41:638][498]LogModuleManager: Shutting down and abandoning module TaskGraph (606)
[2026.08.07-22.23.41:639][498]LogModuleManager: Shutting down and abandoning module AudioSynesthesiaEditor (604)
[2026.08.07-22.23.41:639][498]LogModuleManager: Shutting down and abandoning module OculusEditor (602)
[2026.08.07-22.23.41:639][498]LogModuleManager: Shutting down and abandoning module OculusInput (600)
[2026.08.07-22.23.41:639][498]LogModuleManager: Shutting down and abandoning module ContentBrowserFileDataSource (598)
[2026.08.07-22.23.41:639][498]LogModuleManager: Shutting down and abandoning module ContentBrowserClassDataSource (596)
[2026.08.07-22.23.41:639][498]LogModuleManager: Shutting down and abandoning module ContentBrowserAssetDataSource (594)
[2026.08.07-22.23.41:639][498]LogModuleManager: Shutting down and abandoning module CollectionManager (593)
[2026.08.07-22.23.41:639][498]LogModuleManager: Shutting down and abandoning module SynthesisEditor (590)
[2026.08.07-22.23.41:639][498]LogModuleManager: Shutting down and abandoning module Synthesis (588)
[2026.08.07-22.23.41:639][498]LogModuleManager: Shutting down and abandoning module ProceduralMeshComponentEditor (586)
[2026.08.07-22.23.41:639][498]LogModuleManager: Shutting down and abandoning module ProceduralMeshComponent (584)
[2026.08.07-22.23.41:639][498]LogModuleManager: Shutting down and abandoning module OpenXREditor (582)
[2026.08.07-22.23.41:639][498]LogModuleManager: Shutting down and abandoning module MobilePatchingUtils (580)
[2026.08.07-22.23.41:639][498]LogModuleManager: Shutting down and abandoning module TakeSequencer (578)
[2026.08.07-22.23.41:639][498]LogModuleManager: Shutting down and abandoning module TakeMovieScene (576)
[2026.08.07-22.23.41:639][498]LogModuleManager: Shutting down and abandoning module ScreenshotTools (574)
[2026.08.07-22.23.41:639][498]LogModuleManager: Shutting down and abandoning module GooglePAD (572)
[2026.08.07-22.23.41:639][498]LogModuleManager: Shutting down and abandoning module EditableMesh (570)
[2026.08.07-22.23.41:639][498]LogModuleManager: Shutting down and abandoning module CustomMeshComponent (568)
[2026.08.07-22.23.41:639][498]LogModuleManager: Shutting down and abandoning module CableComponent (566)
[2026.08.07-22.23.41:639][498]LogModuleManager: Shutting down and abandoning module AudioCapture (564)
[2026.08.07-22.23.41:639][498]LogModuleManager: Shutting down and abandoning module AudioCaptureRtAudio (563)
[2026.08.07-22.23.41:639][498]LogModuleManager: Shutting down and abandoning module AssetTags (560)
[2026.08.07-22.23.41:639][498]LogModuleManager: Shutting down and abandoning module ArchVisCharacter (558)
[2026.08.07-22.23.41:639][498]LogModuleManager: Shutting down and abandoning module AppleImageUtilsBlueprintSupport (556)
[2026.08.07-22.23.41:639][498]LogModuleManager: Shutting down and abandoning module AppleImageUtils (554)
[2026.08.07-22.23.41:639][498]LogModuleManager: Shutting down and abandoning module AndroidPermission (552)
[2026.08.07-22.23.41:639][498]LogModuleManager: Shutting down and abandoning module ActorLayerUtilitiesEditor (550)
[2026.08.07-22.23.41:639][498]LogModuleManager: Shutting down and abandoning module ActorLayerUtilities (548)
[2026.08.07-22.23.41:639][498]LogModuleManager: Shutting down and abandoning module TemplateSequence (546)
[2026.08.07-22.23.41:639][498]LogModuleManager: Shutting down and abandoning module MagicLeapSharedWorld (544)
[2026.08.07-22.23.41:639][498]LogModuleManager: Shutting down and abandoning module MagicLeapLightEstimation (542)
[2026.08.07-22.23.41:639][498]LogModuleManager: Shutting down and abandoning module MagicLeapHelperVulkan (540)
[2026.08.07-22.23.41:639][498]LogModuleManager: Shutting down and abandoning module MagicLeapHelperOpenGL (538)
[2026.08.07-22.23.41:639][498]LogModuleManager: Shutting down and abandoning module MagicLeapAudio (536)
[2026.08.07-22.23.41:639][498]LogModuleManager: Shutting down and abandoning module OpenImageDenoise (534)
[2026.08.07-22.23.41:639][498]LogOpenImageDenoise: OIDN shutting down
[2026.08.07-22.23.41:639][498]LogModuleManager: Shutting down and abandoning module MotoSynthEditor (532)
[2026.08.07-22.23.41:639][498]LogModuleManager: Shutting down and abandoning module MotoSynth (530)
[2026.08.07-22.23.41:639][498]LogModuleManager: Shutting down and abandoning module NiagaraEditorWidgets (528)
[2026.08.07-22.23.41:639][498]LogModuleManager: Shutting down and abandoning module MeshConversion (526)
[2026.08.07-22.23.41:639][498]LogModuleManager: Shutting down and abandoning module DynamicMesh (524)
[2026.08.07-22.23.41:639][498]LogModuleManager: Shutting down and abandoning module GeometryAlgorithms (522)
[2026.08.07-22.23.41:639][498]LogModuleManager: Shutting down and abandoning module GeometricObjects (520)
[2026.08.07-22.23.41:639][498]LogModuleManager: Shutting down and abandoning module MediaCompositing (518)
[2026.08.07-22.23.41:639][498]LogModuleManager: Shutting down and abandoning module ImgMedia (516)
[2026.08.07-22.23.41:639][498]LogModuleManager: Shutting down and abandoning module GeometryCollectionTracks (514)
[2026.08.07-22.23.41:639][498]LogModuleManager: Shutting down and abandoning module GeometryCollectionSequencer (513)
[2026.08.07-22.23.41:639][498]LogModuleManager: Shutting down and abandoning module GeometryCollectionEditor (510)
[2026.08.07-22.23.41:639][498]LogModuleManager: Shutting down and abandoning module GeometryCacheTracks (508)
[2026.08.07-22.23.41:639][498]LogModuleManager: Shutting down and abandoning module GeometryCacheStreamer (506)
[2026.08.07-22.23.41:639][498]LogModuleManager: Shutting down and abandoning module GeometryCacheSequencer (504)
[2026.08.07-22.23.41:639][498]LogModuleManager: Shutting down and abandoning module ChaosNiagara (502)
[2026.08.07-22.23.41:639][498]LogModuleManager: Shutting down and abandoning module VisualStudioCodeSourceCodeAccess (500)
[2026.08.07-22.23.41:639][498]LogModuleManager: Shutting down and abandoning module ChaosSolverEditor (498)
[2026.08.07-22.23.41:639][498]LogModuleManager: Shutting down and abandoning module ChaosClothEditor (496)
[2026.08.07-22.23.41:639][498]LogModuleManager: Shutting down and abandoning module FractureEditor (494)
[2026.08.07-22.23.41:639][498]LogModuleManager: Shutting down and abandoning module FieldSystemEngine (493)
[2026.08.07-22.23.41:639][498]LogModuleManager: Shutting down and abandoning module BackChannel (490)
[2026.08.07-22.23.41:639][498]LogModuleManager: Shutting down and abandoning module AutomationUtilsEditor (488)
[2026.08.07-22.23.41:639][498]LogModuleManager: Shutting down and abandoning module AutomationUtils (486)
[2026.08.07-22.23.41:639][498]LogModuleManager: Shutting down and abandoning module AlembicImporter (484)
[2026.08.07-22.23.41:639][498]LogModuleManager: Shutting down and abandoning module AlembicLibrary (483)
[2026.08.07-22.23.41:639][498]LogModuleManager: Shutting down and abandoning module GeometryCache (482)
[2026.08.07-22.23.41:639][498]LogModuleManager: Shutting down and abandoning module GeometryCacheEd (481)
[2026.08.07-22.23.41:639][498]LogModuleManager: Shutting down and abandoning module VisualStudioSourceCodeAccess (476)
[2026.08.07-22.23.41:639][498]LogModuleManager: Shutting down and abandoning module UObjectPlugin (474)
[2026.08.07-22.23.41:639][498]LogModuleManager: Shutting down and abandoning module SubversionSourceControl (472)
[2026.08.07-22.23.41:640][498]LogModuleManager: Shutting down and abandoning module PlasticSourceControl (470)
[2026.08.07-22.23.41:640][498]LogModuleManager: Shutting down and abandoning module RiderSourceCodeAccess (468)
[2026.08.07-22.23.41:640][498]LogModuleManager: Shutting down and abandoning module PluginUtils (466)
[2026.08.07-22.23.41:640][498]LogModuleManager: Shutting down and abandoning module PerforceSourceControl (464)
[2026.08.07-22.23.41:640][498]LogModuleManager: Shutting down and abandoning module VariantManagerContentEditor (462)
[2026.08.07-22.23.41:640][498]LogModuleManager: Shutting down and abandoning module GitSourceControl (460)
[2026.08.07-22.23.41:640][498]LogModuleManager: Shutting down and abandoning module SourceControl (459)
[2026.08.07-22.23.41:640][498]LogModuleManager: Shutting down and abandoning module SpeedTreeImporter (456)
[2026.08.07-22.23.41:640][498]LogModuleManager: Shutting down and abandoning module CLionSourceCodeAccess (454)
[2026.08.07-22.23.41:640][498]LogModuleManager: Shutting down and abandoning module DatasmithContentEditor (452)
[2026.08.07-22.23.41:640][498]LogModuleManager: Shutting down and abandoning module PluginBrowser (450)
[2026.08.07-22.23.41:640][498]LogModuleManager: Shutting down and abandoning module MobileLauncherProfileWizard (448)
[2026.08.07-22.23.41:640][498]LogModuleManager: Shutting down and abandoning module MaterialAnalyzer (446)
[2026.08.07-22.23.41:640][498]LogModuleManager: Shutting down and abandoning module AnimationSharingEd (444)
[2026.08.07-22.23.41:640][498]LogModuleManager: Shutting down and abandoning module CurveEditorTools (442)
[2026.08.07-22.23.41:640][498]LogModuleManager: Shutting down and abandoning module CryptoKeysOpenSSL (440)
[2026.08.07-22.23.41:640][498]LogModuleManager: Shutting down and abandoning module CryptoKeys (438)
[2026.08.07-22.23.41:640][498]LogModuleManager: Shutting down and abandoning module OodleNetworkHandlerComponent (436)
[2026.08.07-22.23.41:640][498]LogModuleManager: Shutting down and abandoning module LightPropagationVolumeEditor (434)
[2026.08.07-22.23.41:640][498]LogModuleManager: Shutting down and abandoning module LiveLinkSequencer (432)
[2026.08.07-22.23.41:640][498]LogModuleManager: Shutting down and abandoning module LiveLinkMovieScene (430)
[2026.08.07-22.23.41:640][498]LogModuleManager: Shutting down and abandoning module LiveLinkGraphNode (428)
[2026.08.07-22.23.41:640][498]LogModuleManager: Shutting down and abandoning module LiveLinkEditor (426)
[2026.08.07-22.23.41:640][498]LogModuleManager: Shutting down and abandoning module LiveLinkComponents (424)
[2026.08.07-22.23.41:640][498]LogModuleManager: Shutting down and abandoning module LiveLink (422)
[2026.08.07-22.23.42:331][498]LogModuleManager: Shutting down and abandoning module PaperTiledImporter (420)
[2026.08.07-22.23.42:332][498]LogModuleManager: Shutting down and abandoning module PaperSpriteSheetImporter (418)
[2026.08.07-22.23.42:332][498]LogModuleManager: Shutting down and abandoning module Paper2DEditor (416)
[2026.08.07-22.23.42:332][498]LogModuleManager: Shutting down and abandoning module MeshPaintingToolset (414)
[2026.08.07-22.23.42:332][498]LogModuleManager: Shutting down and abandoning module MeshPaintEditorMode (412)
[2026.08.07-22.23.42:332][498]LogModuleManager: Shutting down and abandoning module SoundFields (410)
[2026.08.07-22.23.42:332][498]LogModuleManager: Shutting down and abandoning module SignificanceManager (408)
[2026.08.07-22.23.42:332][498]LogModuleManager: Shutting down and abandoning module RuntimePhysXCooking (406)
[2026.08.07-22.23.42:332][498]LogModuleManager: Shutting down and abandoning module PropertyAccessEditor (404)
[2026.08.07-22.23.42:332][498]LogModuleManager: Shutting down and abandoning module PhysXVehiclesEditor (402)
[2026.08.07-22.23.42:332][498]LogModuleManager: Shutting down and abandoning module LocationServicesBPLibrary (398)
[2026.08.07-22.23.42:332][498]LogModuleManager: Shutting down and abandoning module AudioSynesthesia (396)
[2026.08.07-22.23.42:332][498]LogModuleManager: Shutting down and abandoning module AudioSynesthesiaCore (394)
[2026.08.07-22.23.42:332][498]LogModuleManager: Shutting down and abandoning module ActorSequence (392)
[2026.08.07-22.23.42:332][498]LogModuleManager: Shutting down and abandoning module MagicLeapARPin (390)
[2026.08.07-22.23.42:332][498]LogModuleManager: Shutting down and abandoning module MagicLeapHandMeshing (388)
[2026.08.07-22.23.42:332][498]LogModuleManager: Shutting down and abandoning module MagicLeapSecureStorage (386)
[2026.08.07-22.23.42:332][498]LogModuleManager: Shutting down and abandoning module MagicLeapPrivileges (384)
[2026.08.07-22.23.42:332][498]LogModuleManager: Shutting down and abandoning module MagicLeapPlanes (382)
[2026.08.07-22.23.42:332][498]LogMagicLeapPlanes: Planes tracker already destroyed.
[2026.08.07-22.23.42:332][498]LogModuleManager: Shutting down and abandoning module MagicLeapImageTracker (380)
[2026.08.07-22.23.42:332][498]LogModuleManager: Shutting down and abandoning module MagicLeapIdentity (378)
[2026.08.07-22.23.42:332][498]LogModuleManager: Shutting down and abandoning module MagicLeapHandTracking (376)
[2026.08.07-22.23.42:332][498]LogModuleManager: Shutting down and abandoning module MagicLeapEyeTracker (374)
[2026.08.07-22.23.42:332][498]LogModuleManager: Shutting down and abandoning module MagicLeapController (372)
[2026.08.07-22.23.42:332][498]LogModuleManager: Shutting down and abandoning module MagicLeapARPinImpl (370)
[2026.08.07-22.23.42:332][498]LogModuleManager: Shutting down and abandoning module MagicLeapAR (368)
[2026.08.07-22.23.42:332][498]LogModuleManager: Shutting down and abandoning module UdpMessaging (366)
[2026.08.07-22.23.42:433][498]LogModuleManager: Shutting down and abandoning module TcpMessaging (364)
[2026.08.07-22.23.42:534][498]LogModuleManager: Shutting down and abandoning module PythonScriptPlugin (362)
[2026.08.07-22.23.42:534][498]LogModuleManager: Shutting down and abandoning module NiagaraAnimNotifies (360)
[2026.08.07-22.23.42:534][498]LogModuleManager: Shutting down and abandoning module Niagara (358)
[2026.08.07-22.23.42:534][498]LogModuleManager: Shutting down and abandoning module SignalProcessing (357)
[2026.08.07-22.23.42:534][498]LogModuleManager: Shutting down and abandoning module NiagaraEditor (355)
[2026.08.07-22.23.42:534][498]LogModuleManager: Shutting down and abandoning module NiagaraCore (352)
[2026.08.07-22.23.42:534][498]LogModuleManager: Shutting down and abandoning module ImgMediaEngine (350)
[2026.08.07-22.23.42:534][498]LogModuleManager: Shutting down and abandoning module PropertyAccessNode (348)
[2026.08.07-22.23.42:534][498]LogModuleManager: Shutting down and abandoning module AnimationSharing (346)
[2026.08.07-22.23.42:534][498]LogModuleManager: Shutting down and abandoning module GameplayTagsEditor (344)
[2026.08.07-22.23.42:534][498]LogModuleManager: Shutting down and abandoning module FacialAnimationEditor (342)
[2026.08.07-22.23.42:534][498]LogModuleManager: Shutting down and abandoning module FacialAnimation (340)
[2026.08.07-22.23.42:534][498]LogModuleManager: Shutting down and abandoning module DataValidation (338)
[2026.08.07-22.23.42:534][498]LogModuleManager: Shutting down and abandoning module AssetManagerEditor (336)
[2026.08.07-22.23.42:534][498]LogModuleManager: Shutting down and abandoning module LevelEditor (335)
[2026.08.07-22.23.42:534][498]LogModuleManager: Shutting down and abandoning module PixelInspectorModule (334)
[2026.08.07-22.23.42:534][498]LogModuleManager: Shutting down and abandoning module CommonMenuExtensions (332)
[2026.08.07-22.23.42:534][498]LogModuleManager: Shutting down and abandoning module MainFrame (330)
[2026.08.07-22.23.42:534][498]LogModuleManager: Shutting down and abandoning module HotReload (329)
[2026.08.07-22.23.42:534][498]LogModuleManager: Shutting down and abandoning module ToolMenus (325)
[2026.08.07-22.23.42:534][498]LogModuleManager: Shutting down and abandoning module ContentBrowser (323)
[2026.08.07-22.23.42:534][498]LogModuleManager: Shutting down and abandoning module ContentBrowserData (322)
[2026.08.07-22.23.42:534][498]LogModuleManager: Shutting down and abandoning module TreeMap (319)
[2026.08.07-22.23.42:534][498]LogModuleManager: Shutting down and abandoning module GameplayCameras (316)
[2026.08.07-22.23.42:534][498]LogModuleManager: Shutting down and abandoning module LightPropagationVolumeRuntime (314)
[2026.08.07-22.23.42:534][498]LogModuleManager: Shutting down and abandoning module EnvironmentQueryEditor (312)
[2026.08.07-22.23.42:534][498]LogModuleManager: Shutting down and abandoning module Paper2D (310)
[2026.08.07-22.23.42:534][498]LogModuleManager: Shutting down and abandoning module WindowsMoviePlayer (308)
[2026.08.07-22.23.42:536][498]LogModuleManager: Shutting down and abandoning module WebMMoviePlayer (306)
[2026.08.07-22.23.42:536][498]LogModuleManager: Shutting down and abandoning module NetworkReplayStreaming (304)
[2026.08.07-22.23.42:536][498]LogModuleManager: Shutting down and abandoning module PacketHandler (302)
[2026.08.07-22.23.42:536][498]LogModuleManager: Shutting down and abandoning module ClothingSystemEditor (300)
[2026.08.07-22.23.42:536][498]LogModuleManager: Shutting down and abandoning module ClothingSystemRuntimeNv (298)
[2026.08.07-22.23.42:536][498]LogModuleManager: Shutting down and abandoning module MediaAssets (296)
[2026.08.07-22.23.42:536][498]LogModuleManager: Shutting down and abandoning module Overlay (294)
[2026.08.07-22.23.42:536][498]LogModuleManager: Shutting down and abandoning module OverlayEditor (293)
[2026.08.07-22.23.42:536][498]LogModuleManager: Shutting down and abandoning module VREditor (290)
[2026.08.07-22.23.42:536][498]LogModuleManager: Shutting down and abandoning module StringTableEditor (288)
[2026.08.07-22.23.42:536][498]LogModuleManager: Shutting down and abandoning module GameplayTasksEditor (286)
[2026.08.07-22.23.42:536][498]LogModuleManager: Shutting down and abandoning module BehaviorTreeEditor (284)
[2026.08.07-22.23.42:536][498]LogModuleManager: Shutting down and abandoning module FunctionalTesting (282)
[2026.08.07-22.23.42:536][498]LogModuleManager: Shutting down and abandoning module CollisionAnalyzer (280)
[2026.08.07-22.23.42:536][498]LogModuleManager: Shutting down and abandoning module WorkspaceMenuStructure (279)
[2026.08.07-22.23.42:536][498]LogModuleManager: Shutting down and abandoning module UMG (276)
[2026.08.07-22.23.42:536][498]LogModuleManager: Shutting down and abandoning module UMGEditor (275)
[2026.08.07-22.23.42:536][498]LogModuleManager: Shutting down and abandoning module MessageLog (273)
[2026.08.07-22.23.42:536][498]LogModuleManager: Shutting down and abandoning module SlateReflector (268)
[2026.08.07-22.23.42:536][498]LogModuleManager: Shutting down and abandoning module Slate (266)
[2026.08.07-22.23.42:536][498]LogModuleManager: Shutting down and abandoning module SlateCore (264)
[2026.08.07-22.23.42:536][498]LogModuleManager: Shutting down and abandoning module LandscapeEditorUtilities (262)
[2026.08.07-22.23.42:536][498]LogModuleManager: Shutting down and abandoning module UnrealEd (260)
[2026.08.07-22.23.42:536][498]LogModuleManager: Shutting down and abandoning module MRMesh (258)
[2026.08.07-22.23.42:536][498]LogModuleManager: Shutting down and abandoning module SourceCodeAccess (256)
[2026.08.07-22.23.42:536][498]LogModuleManager: Shutting down and abandoning module HeadMountedDisplay (254)
[2026.08.07-22.23.42:536][498]LogModuleManager: Shutting down and abandoning module XAudio2 (252)
[2026.08.07-22.23.42:536][498]LogModuleManager: Shutting down and abandoning module Networking (250)
[2026.08.07-22.23.42:536][498]LogModuleManager: Shutting down and abandoning module Core (248)
[2026.08.07-22.23.42:536][498]LogModuleManager: Shutting down and abandoning module MaterialEditor (246)
[2026.08.07-22.23.42:536][498]LogModuleManager: Shutting down and abandoning module MovieSceneTools (244)
[2026.08.07-22.23.42:536][498]LogModuleManager: Shutting down and abandoning module CurveEditor (243)
[2026.08.07-22.23.42:536][498]LogModuleManager: Shutting down and abandoning module Sequencer (241)
[2026.08.07-22.23.42:536][498]LogModuleManager: Shutting down and abandoning module EditorStyle (240)
[2026.08.07-22.23.42:537][498]LogModuleManager: Shutting down and abandoning module KismetCompiler (236)
[2026.08.07-22.23.42:537][498]LogModuleManager: Shutting down and abandoning module MeshBuilder (234)
[2026.08.07-22.23.42:537][498]LogModuleManager: Shutting down and abandoning module MeshUtilities (232)
[2026.08.07-22.23.42:537][498]LogModuleManager: Shutting down and abandoning module MeshMergeUtilities (231)
[2026.08.07-22.23.42:537][498]LogModuleManager: Shutting down and abandoning module MeshReductionInterface (230)
[2026.08.07-22.23.42:537][498]LogModuleManager: Shutting down and abandoning module MeshBoneReduction (229)
[2026.08.07-22.23.42:537][498]LogModuleManager: Shutting down and abandoning module SkeletalMeshReduction (227)
[2026.08.07-22.23.42:537][498]LogModuleManager: Shutting down and abandoning module ProxyLODMeshReduction (225)
[2026.08.07-22.23.42:537][498]LogModuleManager: Shutting down and abandoning module QuadricMeshReduction (223)
[2026.08.07-22.23.42:537][498]LogModuleManager: Shutting down and abandoning module MaterialBaking (219)
[2026.08.07-22.23.42:537][498]LogModuleManager: Shutting down and abandoning module NullInstallBundleManager (214)
[2026.08.07-22.23.42:537][498]LogModuleManager: Shutting down and abandoning module DerivedDataCache (212)
[2026.08.07-22.23.42:537][498]LogModuleManager: Shutting down and abandoning module TargetPlatform (210)
[2026.08.07-22.23.42:537][498]LogModuleManager: Shutting down and abandoning module VulkanShaderFormat (209)
[2026.08.07-22.23.42:537][498]LogModuleManager: Shutting down and abandoning module ShaderFormatVectorVM (207)
[2026.08.07-22.23.42:537][498]LogModuleManager: Shutting down and abandoning module ShaderFormatOpenGL (205)
[2026.08.07-22.23.42:537][498]LogModuleManager: Shutting down and abandoning module ShaderFormatD3D (203)
[2026.08.07-22.23.42:537][498]LogModuleManager: Shutting down and abandoning module MetalShaderFormat (201)
[2026.08.07-22.23.42:537][498]LogModuleManager: Shutting down and abandoning module TextureFormatOodle (199)
[2026.08.07-22.23.42:537][498]LogModuleManager: Shutting down and abandoning module TextureFormatUncompressed (197)
[2026.08.07-22.23.42:537][498]LogModuleManager: Shutting down and abandoning module TextureFormatPVR (195)
[2026.08.07-22.23.42:537][498]LogModuleManager: Shutting down and abandoning module TextureFormatETC2 (193)
[2026.08.07-22.23.42:537][498]LogModuleManager: Shutting down and abandoning module TextureFormatDXT (191)
[2026.08.07-22.23.42:537][498]LogModuleManager: Shutting down and abandoning module TextureFormatIntelISPCTexComp (189)
[2026.08.07-22.23.42:537][498]LogModuleManager: Shutting down and abandoning module TextureFormatASTC (187)
[2026.08.07-22.23.42:537][498]LogModuleManager: Shutting down and abandoning module ImageWrapper (186)
[2026.08.07-22.23.42:537][498]LogModuleManager: Shutting down and abandoning module AudioFormatOpus (183)
[2026.08.07-22.23.42:537][498]LogModuleManager: Shutting down and abandoning module AudioFormatOgg (181)
[2026.08.07-22.23.42:537][498]LogModuleManager: Shutting down and abandoning module AudioFormatADPCM (179)
[2026.08.07-22.23.42:537][498]LogModuleManager: Shutting down and abandoning module WindowsServerTargetPlatform (177)
[2026.08.07-22.23.42:537][498]LogModuleManager: Shutting down and abandoning module WindowsClientTargetPlatform (175)
[2026.08.07-22.23.42:537][498]LogModuleManager: Shutting down and abandoning module WindowsTargetPlatform (173)
[2026.08.07-22.23.42:537][498]LogModuleManager: Shutting down and abandoning module WindowsNoEditorTargetPlatform (171)
[2026.08.07-22.23.42:537][498]LogModuleManager: Shutting down and abandoning module TVOSTargetPlatform (169)
[2026.08.07-22.23.42:537][498]LogModuleManager: Shutting down and abandoning module MacServerTargetPlatform (167)
[2026.08.07-22.23.42:537][498]LogModuleManager: Shutting down and abandoning module MacClientTargetPlatform (165)
[2026.08.07-22.23.42:537][498]LogModuleManager: Shutting down and abandoning module MacTargetPlatform (163)
[2026.08.07-22.23.42:539][498]LogModuleManager: Shutting down and abandoning module MacNoEditorTargetPlatform (161)
[2026.08.07-22.23.42:539][498]LogModuleManager: Shutting down and abandoning module LuminTargetPlatform (159)
[2026.08.07-22.23.42:539][498]LogModuleManager: Shutting down and abandoning module LinuxAArch64ServerTargetPlatform (157)
[2026.08.07-22.23.42:539][498]LogModuleManager: Shutting down and abandoning module LinuxAArch64ClientTargetPlatform (155)
[2026.08.07-22.23.42:539][498]LogModuleManager: Shutting down and abandoning module LinuxAArch64NoEditorTargetPlatform (153)
[2026.08.07-22.23.42:539][498]LogModuleManager: Shutting down and abandoning module LinuxServerTargetPlatform (151)
[2026.08.07-22.23.42:539][498]LogModuleManager: Shutting down and abandoning module LinuxClientTargetPlatform (149)
[2026.08.07-22.23.42:539][498]LogModuleManager: Shutting down and abandoning module LinuxNoEditorTargetPlatform (147)
[2026.08.07-22.23.42:539][498]LogModuleManager: Shutting down and abandoning module LinuxTargetPlatform (145)
[2026.08.07-22.23.42:539][498]LogModuleManager: Shutting down and abandoning module Messaging (143)
[2026.08.07-22.23.42:539][498]LogModuleManager: Shutting down and abandoning module IOSTargetPlatform (141)
[2026.08.07-22.23.42:539][498]LogModuleManager: Shutting down and abandoning module AndroidTargetPlatform (139)
[2026.08.07-22.23.42:541][498]LogModuleManager: Shutting down and abandoning module AllDesktopTargetPlatform (137)
[2026.08.07-22.23.42:541][498]LogModuleManager: Shutting down and abandoning module D3D11RHI (134)
[2026.08.07-22.23.42:541][498]LogModuleManager: Shutting down and abandoning module InputCore (132)
[2026.08.07-22.23.42:541][498]LogModuleManager: Shutting down and abandoning module Settings (130)
[2026.08.07-22.23.42:541][498]LogModuleManager: Shutting down and abandoning module DirectoryWatcher (128)
[2026.08.07-22.23.42:541][498]LogModuleManager: Shutting down and abandoning module PhysXCooking (126)
[2026.08.07-22.23.42:541][498]LogModuleManager: Shutting down and abandoning module Chaos (124)
[2026.08.07-22.23.42:541][498]LogModuleManager: Shutting down and abandoning module WindowsPlatformFeatures (122)
[2026.08.07-22.23.42:541][498]LogModuleManager: Shutting down and abandoning module GameplayMediaEncoder (121)
[2026.08.07-22.23.42:541][498]LogModuleManager: Shutting down and abandoning module AVEncoder (120)
[2026.08.07-22.23.42:541][498]LogModuleManager: Shutting down and abandoning module SteamVRInputDevice (116)
[2026.08.07-22.23.42:541][498]LogModuleManager: Shutting down and abandoning module SteamVRInput (114)
[2026.08.07-22.23.42:541][498]LogModuleManager: Shutting down and abandoning module SteamVR (112)
[2026.08.07-22.23.42:541][498]LogHMD: Freeing OpenVRDLLHandle.
[2026.08.07-22.23.42:541][498]LogModuleManager: Shutting down and abandoning module OculusHMD (110)
[2026.08.07-22.23.42:541][498]LogModuleManager: Shutting down and abandoning module OpenXRHandTracking (108)
[2026.08.07-22.23.42:541][498]LogSlate: Slate User Destroyed.  User Index 0, Is Virtual User: 0
[2026.08.07-22.23.42:541][498]LogModuleManager: Shutting down and abandoning module OpenXRAR (106)
[2026.08.07-22.23.42:541][498]LogModuleManager: Shutting down and abandoning module AugmentedReality (105)
[2026.08.07-22.23.42:541][498]LogModuleManager: Shutting down and abandoning module OpenXRHMD (102)
[2026.08.07-22.23.42:564][498]LogModuleManager: Shutting down and abandoning module OpenXREyeTracker (100)
[2026.08.07-22.23.42:564][498]LogModuleManager: Shutting down and abandoning module ExampleDeviceProfileSelector (98)
[2026.08.07-22.23.42:564][498]LogModuleManager: Shutting down and abandoning module ChunkDownloader (96)
[2026.08.07-22.23.42:564][498]LogModuleManager: Shutting down and abandoning module LauncherChunkInstaller (94)
[2026.08.07-22.23.42:564][498]LogModuleManager: Shutting down and abandoning module OnlineBlueprintSupport (92)
[2026.08.07-22.23.42:564][498]LogModuleManager: Shutting down and abandoning module OnlineSubsystem (88)
[2026.08.07-22.23.42:565][498]LogModuleManager: Shutting down and abandoning module XMPP (83)
[2026.08.07-22.23.42:565][498]LogModuleManager: Shutting down and abandoning module WebSockets (82)
[2026.08.07-22.23.42:577][498]LogModuleManager: Shutting down and abandoning module HTTP (79)
[2026.08.07-22.23.42:577][498]LogHttp: Display: Http module shutting down, but needs to wait on 1 outstanding Http requests:
[2026.08.07-22.23.42:577][498]LogHttp: Display: 	verb=[POST] url=[https://datarouter.ol.epicgames.com/datarouter/api/v1/public/data?SessionID=%7BDFD37DEA-4FA9-4383-3563-8B8FF790FC8B%7D&AppID=UEEditor.Rocket.Release&AppVersion=4.27.2-18319896%2B%2B%2BUE4%2BRelease-4.27&UserID=1beb14d74aa9190bf4d4b99961e1f869%7C10c17136de614d9d9b17ab1245d828f3%7C25d51a19-9537-48a0-ad72-02ae771ec4ef&AppEnvironment=datacollector-binary&UploadType=eteventstream] refs=[1] status=Processing
[2026.08.07-22.23.42:577][498]LogHttp: Display: cleaning up 1 outstanding Http requests.
[2026.08.07-22.23.42:604][498]LogModuleManager: Shutting down and abandoning module SSL (78)
[2026.08.07-22.23.42:605][498]LogModuleManager: Shutting down and abandoning module MLSDK (74)
[2026.08.07-22.23.42:605][498]LogModuleManager: Shutting down and abandoning module MagicLeap (72)
[2026.08.07-22.23.42:605][498]LogModuleManager: Shutting down and abandoning module NiagaraVertexFactories (70)
[2026.08.07-22.23.42:605][498]LogModuleManager: Shutting down and abandoning module NiagaraShader (68)
[2026.08.07-22.23.42:605][498]LogModuleManager: Shutting down and abandoning module WmfMedia (66)
[2026.08.07-22.23.42:606][498]LogModuleManager: Shutting down and abandoning module Media (65)
[2026.08.07-22.23.42:607][498]LogModuleManager: Shutting down and abandoning module MediaInfo (64)
[2026.08.07-22.23.42:607][498]LogModuleManager: Shutting down and abandoning module ExrReaderGpu (60)
[2026.08.07-22.23.42:607][498]LogModuleManager: Shutting down and abandoning module ChaosCloth (58)
[2026.08.07-22.23.42:607][498]LogModuleManager: Shutting down and abandoning module PixWinPlugin (56)
[2026.08.07-22.23.42:607][498]LogModuleManager: Shutting down and abandoning module VariantManagerContent (54)
[2026.08.07-22.23.42:607][498]LogModuleManager: Shutting down and abandoning module DatasmithContent (52)
[2026.08.07-22.23.42:607][498]LogModuleManager: Shutting down and abandoning module AISupportModule (50)
[2026.08.07-22.23.42:607][498]LogModuleManager: Shutting down and abandoning module DesktopPlatform (48)
[2026.08.07-22.23.42:607][498]LogModuleManager: Shutting down and abandoning module PlatformCryptoOpenSSL (46)
[2026.08.07-22.23.42:607][498]LogModuleManager: Shutting down and abandoning module PlatformCryptoTypes (44)
[2026.08.07-22.23.42:607][498]LogModuleManager: Shutting down and abandoning module PlatformCrypto (42)
[2026.08.07-22.23.42:607][498]LogModuleManager: Shutting down and abandoning module PythonScriptPluginPreload (40)
[2026.08.07-22.23.42:607][498]LogModuleManager: Shutting down and abandoning module OodleDataCompressionFormat (38)
[2026.08.07-22.23.42:607][498]LogModuleManager: Shutting down and abandoning module XGEController (36)
[2026.08.07-22.23.42:607][498]LogModuleManager: Shutting down and abandoning module AnimationModifiers (34)
[2026.08.07-22.23.42:607][498]LogModuleManager: Shutting down and abandoning module AudioEditor (32)
[2026.08.07-22.23.42:607][498]LogModuleManager: Shutting down and abandoning module PropertyEditor (31)
[2026.08.07-22.23.42:607][498]LogModuleManager: Shutting down and abandoning module TextureCompressor (28)
[2026.08.07-22.23.42:607][498]LogModuleManager: Shutting down and abandoning module RenderCore (26)
[2026.08.07-22.23.42:607][498]LogModuleManager: Shutting down and abandoning module Landscape (24)
[2026.08.07-22.23.42:607][498]LogModuleManager: Shutting down and abandoning module SlateRHIRenderer (22)
[2026.08.07-22.23.42:609][498]LogModuleManager: Shutting down and abandoning module AnimGraphRuntime (20)
[2026.08.07-22.23.42:609][498]LogModuleManager: Shutting down and abandoning module Renderer (18)
[2026.08.07-22.23.42:609][498]LogModuleManager: Shutting down and abandoning module Engine (16)
[2026.08.07-22.23.42:609][498]LogModuleManager: Shutting down and abandoning module CoreUObject (14)
[2026.08.07-22.23.42:609][498]LogModuleManager: Shutting down and abandoning module NetworkFile (12)
[2026.08.07-22.23.42:609][498]LogModuleManager: Shutting down and abandoning module CookedIterativeFile (10)
[2026.08.07-22.23.42:609][498]LogModuleManager: Shutting down and abandoning module StreamingFile (8)
[2026.08.07-22.23.42:609][498]LogModuleManager: Shutting down and abandoning module SandboxFile (6)
[2026.08.07-22.23.42:609][498]LogModuleManager: Shutting down and abandoning module PakFile (4)
[2026.08.07-22.23.42:609][498]LogModuleManager: Shutting down and abandoning module RSA (3)
[2026.08.07-22.23.42:609][498]LogContentStreaming: Display: There are 1 unreleased StreamingManagers
[2026.08.07-22.23.42:621][498]LogD3D11RHI: Shutdown
[2026.08.07-22.23.42:621][498]LogD3D11RHI: CleanupD3DDevice
[2026.08.07-22.23.42:622][498]LogExit: Exiting.
[2026.08.07-22.23.42:654][498]Log file closed, 08/07/26 23:23:42
